8.708172163217402506e-01,1.551578791688286163e+00,1.361379953584187952e+00,7.608577633454572942e-01,1.379760699196578955e+00,1.160946892921472129e+00,1.174947733108901105e+00,5.514197408577425907e-01,1.043620442176317775e+00,7.472406600116483499e-01,1.279683751150363369e+00,1.733152990779337932e+00,1.275353002742215081e+00,5.204154072064574033e-01,5.577162251898345469e-01,7.466477777612459121e-01,7.845779936302140767e-01,6.543785478803331168e-01,6.604703743794682058e-01,1.699920319283783066e+00,8.515243753326970921e-01,7.418258525535919023e-01,8.689888200560097475e-01,1.147781666047849924e+00,7.333916862038321050e-01,6.813648082546307494e-01,1.362180754769146240e+00,6.544391587503599617e-01,1.718686612949825498e+00,7.416191857000027365e-01,9.867287892399492222e-01,1.215149018145973203e+00,7.397972126595225850e-01,6.112654252072835526e-01,5.335057505292581936e-01,1.190412531066924906e+00,1.252455901723869225e+00,7.495510178854932759e-01,1.238404989185437399e+00,1.847977635510155592e+00
1.092916997356604636e+00,1.195886178473385852e+00,7.160248537716109585e-01,9.564501924928762167e-01,1.185579198921438593e+00,5.722020306477331175e-01,1.432311918715222454e+00,1.861358913181069941e+00,1.421878786511030057e+00,6.933895034231095655e-01,5.518749697742060256e-01,1.856618703032052897e+00,8.266508135859285122e-01,5.413759395528838780e-01,8.711437199827082312e-01,7.736969355148101135e-01,1.320465033699681712e+00,1.314913522723196504e+00,6.746604464677236068e-01,7.178749686804896113e-01,1.409154959987920286e+00,1.244229603557372110e+00,8.345948392958846274e-01,7.329564543448497949e-01,1.758493288154371559e+00,1.396407769060655779e+00,1.286900366865527223e+00,1.733894006927477527e+00,9.721834822768369300e-01,9.225448629455232918e-01,7.291813243353147955e-01,8.907930617725047240e-01,7.970419045473103870e-01,1.597797756064303965e+00,1.380175703166820478e+00,5.662107528956555891e-01,5.475452671687081052e-01,8.395626632325463579e-01,5.990928554166097264e-01,6.448205452534392368e-01
5.776703366969573317e-01,7.893690093953213971e-01,7.650021084680208583e-01,7.454014338197151313e-01,7.684641162910201828e-01,1.201832078552109495e+00,1.504295104564293828e+00,6.242538841842466546e-01,1.566283002521855705e+00,1.041412829655898431e+00,6.861223637359515903e-01,8.662507987644461060e-01,6.748395462571232795e-01,1.181325039014454958e+00,6.952991742640801665e-01,1.566768579269055994e+00,6.163256112081600957e-01,9.065107326028065682e-01,9.455701060743983977e-01,1.018885927776782552e+00,9.543469162449623733e-01,9.995579765438745712e-01,1.242272197275689827e+00,7.135009910136741462e-01,1.289791094589122888e+00,1.416904010557787030e+00,9.991548402239942561e-01,7.308976105381368438e-01,1.235644685795785458e+00,1.844671215530882202e+00,1.350468095631373044e+00,1.301197893972125375e+00,1.478269616696151756e+00,1.322968764421548205e+00,7.640185278383880840e-01,4.809448179446209615e-01,8.437023682368015587e-01,9.903493673024437172e-01,6.430556040750859959e-01,9.596789008572332857e-01
9.396328787983744268e-01,1.526602127386488039e+00,6.720086525208074368e-01,7.816082921106506376e-01,1.281913385809802186e+00,4.616609022586238842e-01,4.182560135399669976e-01,4.762812674305736405e-01,1.398916163264246393e+00,1.567036888281984952e+00,1.113363046919043642e+00,7.331025455495377985e-01,9.718649667685373972e-01,8.480118102058692431e-01,1.451168887205686708e+00,1.026301843259157520e+00,6.367632576270118028e-01,1.292888439554734203e+00,9.194842630363997404e-01,9.299242272809502552e-01,6.441698189449250878e-01,1.683560187809083120e+00,1.493225946915748059e+00,8.178890069827764453e-01,6.917232375993008775e-01,7.672858744195069081e-01,5.466720526246718892e-01,5.206778339988077375e-01,5.906150675929996430e-01,1.168189632764742747e+00,9.716575337896256048e-01,1.440914520601611848e+00,7.413144161604990900e-01,7.230198367908783341e-01,1.205304117870733771e+00,6.874824074704156684e-01,8.629276137231870480e-01,7.105189836484351318e-01,1.155853281350311068e+00,1.618309051092197359e+00
6.259927901942012873e-01,1.095277974153790135e+00,1.477930193088317301e+00,1.000090665889320052e+00,8.304655438234598286e-01,1.248448623622482323e+00,8.427821818180879498e-01,9.468250212138865640e-01,8.913992955892625636e-01,1.341383620387546216e+00,8.469447526655401459e-01,1.267621803497392508e+00,8.262087588272756244e-01,1.180825676550957493e+00,1.160806987074272767e+00,1.084879822132572835e+00,5.586036792299681197e-01,9.858874318591294150e-01,1.254662198310527943e+00,6.750866123762697679e-01,6.906963508342874869e-01,1.715298834574827458e+00,7.759470793279269474e-01,7.871856508205310465e-01,8.574408316127241081e-01,1.235905508157381316e+00,9.613488400728676941e-01,1.032422196185928787e+00,7.013456980261568718e-01,6.256063208662888675e-01,7.601696145113107095e-01,5.543638182931708291e-01,6.438425029019245738e-01,1.409184914076713868e+00,1.090810221722057438e+00,1.321307140921248680e+00,1.665103081195827617e+00,6.053752048285343523e-01,4.885006009733436350e-01,8.897349906299278910e-01
1.146392162125448255e+00,6.913114458146037977e-01,5.223549786019230368e-01,5.424008471475094684e-01,1.045957678459428219e+00,1.422763455189647308e+00,1.211998127394857905e+00,7.077610519118529009e-01,8.452452057935899710e-01,8.511410030577151176e-01,1.187569134351473599e+00,7.630491145242812578e-01,1.148997209411803500e+00,1.420662607639627151e+00,6.759156501447755039e-01,5.358537900847754054e-01,8.767396606912991608e-01,1.499207684714383149e+00,5.558221572222402651e-01,1.476123504928080976e+00,5.336450200461969606e-01,1.453510300995569882e+00,1.408895019612846689e+00,5.736990134988708689e-01,1.542471098117490502e+00,1.357343221684165657e+00,1.416545715004729811e+00,1.345136896688089001e+00,6.119099683933839628e-01,1.213495814057812483e+00,7.602925830827622633e-01,1.848740315292519920e+00,1.375270050805016409e+00,1.134217761747478903e+00,6.419897897615283178e-01,1.405541726481823295e+00,1.518050723598741714e+00,1.024049451363386876e+00,4.393773351552981987e-01,9.966673632536290350e-01
9.085959413048950717e-01,9.044034545510736267e-01,7.232662081104337393e-01,6.458334369874459968e-01,1.161357706544781765e+00,1.540574025110379219e+00,7.551166731962229983e-01,6.182326035001531883e-01,8.492406220363308833e-01,1.658306406150590773e+00,1.342288430358645313e+00,9.627413339308423801e-01,8.900044008259377915e-01,1.400967136154652959e+00,9.928645372408582137e-01,5.211178820052668748e-01,6.483060878407845840e-01,5.886123994409392379e-01,1.013161435937261823e+00,9.438904351604240350e-01,1.264737864790046906e+00,9.777490700077103858e-01,1.077358482231758341e+00,8.038307680914331677e-01,1.035020195585162339e+00,1.726914797201258622e+00,1.732865987584143008e+00,6.146080750297737705e-01,5.697805622488854027e-01,7.537510958485135193e-01,7.777026603287663375e-01,1.472449178783847401e+00,1.982383698062831101e+00,1.146755710127657091e+00,6.630853697667385971e-01,4.699987186658580174e-01,1.648448767846576457e+00,7.125078978771420823e-01,6.111800885057278032e-01,1.645764586306662558e+00
1.698553858094818736e+00,1.613695580394957085e+00,1.273647186986348601e+00,1.278344809820211259e+00,1.484646941546280852e+00,8.171170009866700612e-01,1.412364526127237063e+00,8.491504192968579723e-01,1.555712604845165048e+00,1.178794961013871712e+00,1.063296196816767791e+00,7.104046479518447699e-01,7.797554385162833723e-01,6.205732924075887391e-01,8.494433036535421477e-01,5.962529592737738637e-01,6.096542264176830761e-01,9.809113114206953199e-01,5.595420478732165970e-01,5.536624106407670443e-01,7.434916835839857630e-01,5.030921803996108999e-01,5.721537998751908827e-01,9.365248966683387133e-01,5.024180351908390518e-01,7.248394574269022561e-01,1.028893870004501165e+00,1.198792273819934362e+00,7.672581124038562184e-01,9.796499452493279136e-01,7.522887155422489647e-01,6.987472158146481593e-01,6.143191654964893500e-01,4.831688389194088162e-01,6.531009468251612882e-01,5.289758940445672408e-01,1.615038448286675310e+00,1.397711800482392075e+00,5.916036305515985916e-01,7.620782652696854731e-01
2.094604724959295172e+00,2.060602405885903821e+00,1.227546772142573461e+00,7.775904654545787720e-01,1.565676537757375142e+00,1.152013165978957865e+00,5.833228213003853746e-01,8.200413522701556213e-01,5.618050397738328927e-01,1.483672335698900335e+00,7.702720744427772326e-01,1.274837096240942325e+00,1.362455130838823303e+00,6.705941509596011763e-01,6.189586610220919605e-01,1.009863355000125029e+00,1.383378799650336610e+00,6.305463813100300463e-01,1.076806050090635125e+00,6.380875415549016605e-01,6.763073961988106397e-01,1.196432696022597941e+00,7.516517419084824958e-01,1.561043732112430860e+00,4.361595252266383671e-01,4.875616049572963351e-01,6.393931007063845540e-01,1.179616627865763823e+00,1.021345026463269967e+00,7.217149582980043609e-01,5.502255112977459950e-01,1.289223045694875447e+00,1.634437382604506217e+00,1.000844851542608716e+00,1.044132489543842413e+00,1.609852557028716546e+00,1.289578808562858558e+00,1.304533211104802470e+00,9.862534479488455075e-01,1.462134282064709412e+00
1.016696166774079479e+00,1.217494148125257247e+00,2.085982647409253765e+00,7.996931332558374628e-01,1.247673492922441785e+00,7.071412241614833949e-01,4.848381518999554940e-01,6.568960982591307562e-01,1.042850048607726787e+00,1.655073203295322370e+00,8.352604662919747014e-01,1.369600652342189306e+00,1.635238208387652215e+00,8.994101271838691458e-01,8.038392184348650549e-01,7.868662494111988703e-01,5.907679348767916894e-01,8.121421721693484752e-01,1.284621246785027759e+00,6.594061202485088646e-01,5.775009652999878451e-01,6.063287718583943997e-01,7.001961886660307277e-01,1.428142087818884631e+00,5.276496372259786849e-01,1.385097688952653838e+00,6.839415262556541864e-01,1.161066486340954551e+00,1.192298274582869189e+00,7.108888039478588050e-01,7.007921456446835062e-01,7.001939493647266755e-01,1.090707197182787302e+00,1.337550435094443380e+00,1.525886307841959111e+00,1.829582266827911585e+00,1.016271420728850794e+00,6.530913605113718434e-01,6.901220043780031954e-01,1.026981379501560099e+00
7.676134148799841350e-01,1.248760763250123418e+00,1.384700134087272216e+00,9.964589944722395121e-01,1.049333700010735670e+00,1.430275906081112547e+00,1.147089728242599804e+00,1.110038819445906988e+00,6.857587552743422687e-01,1.272872306604361459e+00,1.299005302836027331e+00,4.846108154467648199e-01,5.000335721035056302e-01,7.056342554735139938e-01,9.807172182334797927e-01,1.098845416256347907e+00,1.049076349459789670e+00,1.429473159605666899e+00,1.769658914277858042e+00,1.052520004039491974e+00,4.932719445885953569e-01,8.495697545887687108e-01,6.641797433224445601e-01,8.611700883722155364e-01,6.684347354565631782e-01,6.687098261658178666e-01,9.532149278300530160e-01,1.649087142991331856e+00,9.213104309777361278e-01,5.523082866146802328e-01,1.386385886047674099e+00,1.782526023105708735e+00,1.749847547162575401e+00,1.038994669323665132e+00,1.253985372610091353e+00,1.355957319675783479e+00,6.658096009713019292e-01,7.676092953863993262e-01,8.766333705578792657e-01,9.476791161731287216e-01
1.330999323300457782e+00,1.497359522821104294e+00,1.270305132235963086e+00,7.382780510671103080e-01,1.148277596506329434e+00,1.068593983233373512e+00,1.061425792843414095e+00,8.487162664363805398e-01,6.306363979858784496e-01,8.884029347291245715e-01,1.375041556697782497e+00,1.114274458315853256e+00,6.306330302697137347e-01,1.015717658198752149e+00,1.368604068013439035e+00,1.786186679547854927e+00,8.473577111667670581e-01,8.451680633628227968e-01,1.326545107426667647e+00,1.349969329333556400e+00,7.442511037226012816e-01,5.716690167166000869e-01,5.946021159746140983e-01,7.158617025144539125e-01,1.459444742818286844e+00,1.584630777471879970e+00,1.451393187440165322e+00,8.709301869649889172e-01,1.327448534261857604e+00,5.850249169109202896e-01,8.561681177072233417e-01,1.245873647320115296e+00,1.009155934706646995e+00,6.890548039740822528e-01,6.691807901795849833e-01,6.210445501977127636e-01,6.618823733017695776e-01,1.197385529234214596e+00,8.357985921223698433e-01,9.577122798880840504e-01
1.349638514221668251e+00,9.330174054858271226e-01,1.269088016185762724e+00,1.111720124095278761e+00,8.172687103687941157e-01,1.012464397069150035e+00,1.101059378278801848e+00,5.786106467272915665e-01,4.806077266669889214e-01,5.007802966166515768e-01,1.560533598996602267e+00,1.834084385641135961e+00,8.319526628720977923e-01,1.126352557314103553e+00,7.643695329383967119e-01,8.052586909991203967e-01,1.407693726730099515e+00,8.089699050130955138e-01,7.363661614286961532e-01,5.604324929766808516e-01,4.620628293202435621e-01,1.326105591879371159e+00,9.113723668502484720e-01,4.645323978599516512e-01,6.935062223038123141e-01,1.151289918711566163e+00,9.355182601770598572e-01,1.475160574391206625e+00,5.586813411311408739e-01,9.896162773666986601e-01,7.689900754328831134e-01,8.137391725003798593e-01,1.460458393401996124e+00,7.751381137949880928e-01,1.051829983163344640e+00,1.027636445283218958e+00,6.164228472537458536e-01,6.624590587962640997e-01,1.433585169934564751e+00,1.114088104496010923e+00
1.523758489672060623e+00,1.082724208877067662e+00,6.722602220774325232e-01,6.582431790055802701e-01,9.330398077185185768e-01,7.598405299580782701e-01,5.697527531957019553e-01,5.670410228017602750e-01,4.822523356372321324e-01,7.582067741641299596e-01,8.202601171273606884e-01,1.169750513837346517e+00,1.346051762346736957e+00,1.812133239380270711e+00,1.601422013464656624e+00,1.095210438450233692e+00,6.347897614824717927e-01,6.162278110662323671e-01,7.635632550996678258e-01,1.294969252550664418e+00,4.648708756942246390e-01,4.505218622116516358e-01,7.630969631477054760e-01,1.416241294365391701e+00,1.665233691045453046e+00,1.204269977817741033e+00,9.483358784423162602e-01,1.203745800817658251e+00,9.990545738792916408e-01,6.907939304901473676e-01,1.129273611801634436e+00,1.059190125472500243e+00,6.688234402349814145e-01,9.208344877539562656e-01,1.496643873335568697e+00,7.387712879781120900e-01,6.729178144753157342e-01,6.674261022542370414e-01,1.420164267947595205e+00,8.508206860767300039e-01
1.291076655649093130e+00,6.833493073860960054e-01,5.247865000493637799e-01,6.866624377448256045e-01,1.049693282779058157e+00,1.519470154546440854e+00,6.414004379291449176e-01,1.252910545419971822e+00,5.850656209728734014e-01,7.217804598984640663e-01,1.033040518989636114e+00,1.463110591058650822e+00,8.559214848118045227e-01,1.046621078667081761e+00,7.938259339427263805e-01,5.917916481322071931e-01,7.445982326248272720e-01,7.436437328322242912e-01,5.780548639172614633e-01,6.931796838084299806e-01,8.746355585073574135e-01,1.022744716592242309e+00,1.359230954892308718e+00,1.209227657239898113e+00,1.712227871139898161e+00,7.820312972586110911e-01,5.874737228022735014e-01,6.547610658933472605e-01,8.637281856024565663e-01,1.177803210260846445e+00,9.473529031369893882e-01,5.867504775679928120e-01,6.157031467280160708e-01,7.579270896412462211e-01,1.537891744773157265e+00,6.389153973474198667e-01,5.764630373043707623e-01,1.478757588840893700e+00,1.861821920885740056e+00,9.353220186855880636e-01
1.219213460286630468e+00,7.247562757735989125e-01,6.291523159349994287e-01,7.191374290478167453e-01,1.001226280353616271e+00,6.548310880551733160e-01,1.194575317181483909e+00,7.250223674400080309e-01,1.529141185034131656e+00,5.986110260653605408e-01,1.448082799972346901e+00,8.193570175530916488e-01,1.340772002378720407e+00,1.124363828452705771e+00,1.412655631764091702e+00,1.191324474444518389e+00,6.360826192884960761e-01,5.464968316278174809e-01,7.772508788182350692e-01,5.629238799228427625e-01,6.149665125577551406e-01,6.137604977990770427e-01,8.493069063155824772e-01,1.420874706846629865e+00,1.406626080497610287e+00,1.752253725756572900e+00,5.955705287124740677e-01,1.305525357432870015e+00,8.232008450819459089e-01,6.074127048908161131e-01,1.389849611810953567e+00,1.432683719699439306e+00,6.755553769792355112e-01,1.077220141883696192e+00,1.395536670915737076e+00,6.732926608102944854e-01,1.685740940514484976e+00,9.475398350457252539e-01,1.250408350465233687e+00,1.617642540589999012e+00
1.413479443237037225e+00,5.132800548368865456e-01,1.570833620418073284e+00,1.083723677772910454e+00,6.984085159770693219e-01,1.350319986986922460e+00,9.202494837543446771e-01,1.623530477125365801e+00,1.762244335357051384e+00,6.526560860569677880e-01,7.509543949097945426e-01,1.605624484798944263e+00,1.715650670490921570e+00,7.888393200218273282e-01,1.474386257768177888e+00,1.590105455918601418e+00,1.539772646289948810e+00,7.872747098894762319e-01,6.475329390551015640e-01,6.954896947546087560e-01,1.181630081734572180e+00,6.723573891544015746e-01,1.295694872163856370e+00,1.250008245197157919e+00,1.201620368482790413e+00,6.846961934323372301e-01,7.500459945915780580e-01,8.226739880710473019e-01,5.544711390764049952e-01,6.690615024607229344e-01,7.708570709657162068e-01,5.095984394922613570e-01,8.508382255430821939e-01,5.669204907215777967e-01,9.197694400906455403e-01,7.108829687419778720e-01,1.264809309224828704e+00,6.413794521545249649e-01,1.760877775510603538e+00,5.960840545772727594e-01
1.222713006488923337e+00,1.063322251378461036e+00,1.175092396531659311e+00,7.632184635396725980e-01,1.056455000284058254e+00,5.346734773832526599e-01,1.580933441106254778e+00,1.498177650897325464e+00,1.217870103290977779e+00,1.056678235521338438e+00,7.397555642439849199e-01,1.699952264924416090e+00,1.634621150279420787e+00,1.402436323935383644e+00,9.485487450759783057e-01,1.471179983656866641e+00,8.539288154238320327e-01,1.127199280745990961e+00,7.054626604716097704e-01,7.342593566224793200e-01,6.997822665609053638e-01,8.136057222825980872e-01,1.266192892101702938e+00,8.820816047375680258e-01,6.336121079157314151e-01,6.521806521307397242e-01,1.152174178424708373e+00,4.698799141400857859e-01,8.923369745357815352e-01,1.476246732694368680e+00,1.576554585499619465e+00,5.490347608020466064e-01,1.078043904519457419e+00,1.156821660210325176e+00,5.831915495427854035e-01,5.486306691826940973e-01,1.507147263238173496e+00,7.234434984528692603e-01,9.054546485294606706e-01,8.290100105563624755e-01
1.111606828170862649e+00,6.855668470726025143e-01,7.252564128723729686e-01,5.020805873242362161e-01,5.330254927410622567e-01,7.089190102097659985e-01,1.248246882596854679e+00,1.063748014579602108e+00,9.510473750952835870e-01,6.755274677357965274e-01,1.233805709554109953e+00,1.166720956942948195e+00,1.314810759318483013e+00,1.328735981897757323e+00,9.104015354715667696e-01,8.129637235302561438e-01,7.753041369611257672e-01,1.123889136059520233e+00,7.191742937451576223e-01,1.390364809308351823e+00,6.154386560464409905e-01,6.902323895114782504e-01,1.050596803009595126e+00,6.320253796126925616e-01,7.470917882314335179e-01,6.699660594889925713e-01,1.383421225124856324e+00,4.485736355143195020e-01,1.331520149762834393e+00,1.538472136465565354e+00,1.392907490683558569e+00,1.534126967207277703e+00,6.059739084656889929e-01,1.573029707777447550e+00,5.770377279280360927e-01,8.328437300450762804e-01,1.436150755681017355e+00,1.048339723325864226e+00,4.435141583591231118e-01,4.662956078637097157e-01
7.389407019323909198e-01,1.264671323698704164e+00,1.063855851271493291e+00,4.746031252655005805e-01,1.067218622924851035e+00,1.107480782764377336e+00,7.721430433463220000e-01,1.355545468841974577e+00,8.171737301616228688e-01,8.849792035156276437e-01,8.227934479945967494e-01,4.707152643808623638e-01,5.997387473287225657e-01,7.331840605122250665e-01,7.787893379742159006e-01,1.090841599574191578e+00,1.496269043183766856e+00,7.156783898251145581e-01,4.919758705856553394e-01,1.700470718159354799e+00,1.471517120587978678e+00,6.500535048487229295e-01,1.401001324485221300e+00,1.574484192970435181e+00,1.058457114160680446e+00,1.004708235665223048e+00,5.889737892846226286e-01,7.426820166572432047e-01,7.412192648502489156e-01,1.681371370915611507e+00,1.365388867865524158e+00,7.113039519559786195e-01,1.552574849575018900e+00,7.690753612293090846e-01,1.021794970592492691e+00,9.369106880518561775e-01,1.472292467842035713e+00,5.744824136318692487e-01,5.635458051782068489e-01,4.831183159253106818e-01
6.682418733522318410e-01,7.490226582602125260e-01,9.696370373325711167e-01,8.837268643123715739e-01,1.692246086334140420e+00,1.448382121024162306e+00,9.711918519998374855e-01,6.225915071713867821e-01,4.988587777697062742e-01,1.048692934013685241e+00,6.128313401496848778e-01,5.632846770129968927e-01,5.515962251625202706e-01,1.267604002853755629e+00,1.022694833042444795e+00,6.637783426477829041e-01,1.317017922021502141e+00,7.637011824016437522e-01,1.079056325530290072e+00,1.260258238706402301e+00,1.101965612772997982e+00,1.232617182410902457e+00,4.438193900561538396e-01,1.656297683138454158e+00,7.940068152481341013e-01,6.103132726088185134e-01,5.034600349498309368e-01,6.342170149006258750e-01,5.244962719462162859e-01,1.402191886707111479e+00,7.259583916768930223e-01,1.675931679287785858e+00,6.992822076512180685e-01,9.059616513499444412e-01,1.305460113884539863e+00,1.123068318617478134e+00,8.672586582670344102e-01,6.823190048992575640e-01,5.921764916769275411e-01,7.603615077850941484e-01
6.844412345898069905e-01,6.065972245486521697e-01,5.951774805984604289e-01,7.052840221527164610e-01,8.340103642575177334e-01,7.172925028424387284e-01,8.582072395822577526e-01,1.073503732950564782e+00,5.843289947120297034e-01,5.816516247171640286e-01,7.887899574163610428e-01,5.009977673324856884e-01,6.054123796381338796e-01,7.791740856275333194e-01,1.155799677215948673e+00,6.614742515795811739e-01,7.603057352025631710e-01,5.498697940654508898e-01,9.341170809660299668e-01,8.338301749055656575e-01,1.553674319600784060e+00,6.477552133631463427e-01,1.166405804162933268e+00,9.511328716458662402e-01,9.616008040017296477e-01,1.329604729778604666e+00,1.022104227809730759e+00,1.229817229853211513e+00,7.429058544588998947e-01,6.370982461780261286e-01,9.232982538277557660e-01,1.325943648780604001e+00,1.051045394769146712e+00,1.391406565735040513e+00,7.758506361813229946e-01,7.920294726325549650e-01,1.663329635966666054e+00,1.473272575296927123e+00,1.111303370255833478e+00,7.450375165724303361e-01
5.440224097423875804e-01,7.406889980445482413e-01,5.409318254009641835e-01,6.801291991066517051e-01,5.746080344084932845e-01,1.415161517107013323e+00,8.856185275623614794e-01,9.255392617960347401e-01,1.398693354048220705e+00,1.462172452567820580e+00,1.538209393964817151e+00,5.753726390035631688e-01,1.547619424535515931e+00,1.474377588760628299e+00,8.545263289361963999e-01,6.797497137221127916e-01,5.980722320943845371e-01,9.599918048484696875e-01,7.005287330245323352e-01,7.814837354942585357e-01,6.579707387709234911e-01,7.962275826296199011e-01,8.603579674765864382e-01,1.567689866549524469e+00,6.636496159591246391e-01,8.861276132393638427e-01,1.275160378278635820e+00,7.175370468415468439e-01,1.019368775250826253e+00,1.534731925789722506e+00,7.578624071894480840e-01,5.876148131810654540e-01,1.541991971654003812e+00,1.807967868394980693e+00,1.345276487180956382e+00,9.620143750917862224e-01,1.411171136216982536e+00,1.621177325893799148e+00,7.439556373751206042e-01,7.084845451978809550e-01
7.510387482048663799e-01,1.113894388098775945e+00,9.270146432039596540e-01,1.376221863103025189e+00,6.401453100238754246e-01,1.165187074108072318e+00,1.472688177105921703e+00,6.592345643063868277e-01,1.711196708330794403e+00,1.318474494221216764e+00,1.543256445305186242e+00,6.544432654922189840e-01,9.932996238812600298e-01,1.420448891697428717e+00,6.892502635763727570e-01,9.708100585927532666e-01,9.204111802008698717e-01,6.070595655074684238e-01,5.542648838718756688e-01,5.414250879485116297e-01,7.672663916549292695e-01,1.563745147290198423e+00,7.293268563421688722e-01,5.785993086306927546e-01,9.753360915371768192e-01,1.180275706238353539e+00,1.102570300082776678e+00,1.678602346727730454e+00,1.689583538328369716e+00,1.280299264516364666e+00,1.157086183643207811e+00,5.147912931299701844e-01,6.988917483610981307e-01,1.350393448625426318e+00,8.554214088587196452e-01,1.798610921913361249e+00,9.405155401258027403e-01,8.457599841689579234e-01,1.116910757395227050e+00,5.900755992794020077e-01
7.534934201118189678e-01,7.161734628444095252e-01,1.087724778308924334e+00,8.380352864296006787e-01,1.010893089041289494e+00,6.910562137585987141e-01,1.407909232676778366e+00,1.070365320756307081e+00,1.506944481476717446e+00,7.397729915111903587e-01,1.434008730925373065e+00,1.388332450097190085e+00,8.858146661746908457e-01,8.845405357887254905e-01,8.925087337306139013e-01,7.546228776014882733e-01,1.425962369227842474e+00,1.029503786406653632e+00,7.738782967350841258e-01,6.722463620046500443e-01,7.395831667985663938e-01,9.947315758756735127e-01,1.358850938486537707e+00,1.066499206255768106e+00,1.180059057379551080e+00,1.093685850751839661e+00,1.559793623712100397e+00,7.349408741099371367e-01,1.410021472078593963e+00,6.805874337894799453e-01,5.817198620621492067e-01,8.921987297826755592e-01,7.388616867551532907e-01,1.444791710582485456e+00,7.437649266678728610e-01,1.288813833733974290e+00,1.328504406376939784e+00,1.362625201056999913e+00,7.051511783812315359e-01,1.344345995977245023e+00
7.482990957784728669e-01,5.933424825013331461e-01,6.329807070812927261e-01,1.343435306358857995e+00,8.045216834652870741e-01,7.220368865021531413e-01,7.539235042700189737e-01,7.996219436876887965e-01,7.328716507543304726e-01,9.615823069750675245e-01,7.354852551230272040e-01,1.207996957885889566e+00,9.027610963775204445e-01,1.496581915081125924e+00,1.200157031471657199e+00,6.192224540168116409e-01,1.374803195356569141e+00,6.069630760867912311e-01,7.604902638050505814e-01,9.406907308746077501e-01,8.866066985151590529e-01,6.808275344440598564e-01,6.066754391701729698e-01,8.658509258994616653e-01,5.191553004257991599e-01,4.759585919925982678e-01,7.464066286489692281e-01,6.990646173371419803e-01,9.234401880479347069e-01,1.502201613391217716e+00,1.086010069008370937e+00,1.653617172131854218e+00,1.315996757852755383e+00,1.405459641999993181e+00,1.222196825244851626e+00,6.761937960402798486e-01,9.743149276429265981e-01,1.635702110499213768e+00,1.300566299779254198e+00,1.460977621944021365e+00
1.579411393301817901e+00,9.887028177426968600e-01,8.695983290746168715e-01,5.848002256138975508e-01,1.642442884773563483e+00,6.685947835821002272e-01,1.351634515584467122e+00,8.446524878569918737e-01,7.567675905722544005e-01,8.014301533948454681e-01,7.277551528161532168e-01,1.349055075991554720e+00,1.074348541426694004e+00,1.548626827663532435e+00,1.551866516165366860e+00,5.822370364670521603e-01,5.128844550253237600e-01,6.118298350117190587e-01,1.407112879150405949e+00,9.830605610041848186e-01,9.983886780116024706e-01,1.953293547730768465e+00,2.027193911458591735e+00,1.339130430377708514e+00,5.127421957687415821e-01,6.211237342198360212e-01,7.218057124560145477e-01,1.197089706792242358e+00,8.805400599751934676e-01,1.253719509511425967e+00,8.240369667335144532e-01,1.843165891623196995e+00,1.028196670705447513e+00,1.042088494864627179e+00,6.625624418203812649e-01,1.283611259246121516e+00,1.111732313484318002e+00,6.811210633330566644e-01,1.288471826984758817e+00,6.759377760387280665e-01
6.541485362445316198e-01,6.995681834723521675e-01,6.578159390888065339e-01,7.716023471791660926e-01,5.854214433207249879e-01,7.710483496733205877e-01,5.918699929429961371e-01,1.245569140288509624e+00,9.065209748262130773e-01,1.216647817700303280e+00,8.289668159601036868e-01,6.306592359096598877e-01,6.030876280248065324e-01,6.285517871910080157e-01,7.568822132947753412e-01,8.418447920933542772e-01,6.135443112230651863e-01,1.064323575252153375e+00,1.074324775984901725e+00,1.533829950960259536e+00,9.398565968838150653e-01,1.969981264318696912e+00,1.899888827297324001e+00,6.813608215332661588e-01,9.127528746466782028e-01,7.457099250943516333e-01,6.620124357128909232e-01,1.529442129388965954e+00,1.810776964123284927e+00,9.484784331256692624e-01,1.205786106488248244e+00,1.055279853312953486e+00,6.624442163682672247e-01,9.035950688045506496e-01,9.992667729669251209e-01,6.637873449747778709e-01,1.116672167176692376e+00,7.014670720175159024e-01,6.815610129721393351e-01,6.029224567257999157e-01
1.307476647074851783e+00,6.284709400014878433e-01,6.112221356748589463e-01,5.037367068786446911e-01,5.435700140367347721e-01,5.233660238700844625e-01,8.356531779532944126e-01,1.096550348234753613e+00,1.498580341856855513e+00,1.345595451887709570e+00,6.188043917348992062e-01,7.024384960465642758e-01,7.190999417424053242e-01,7.184699613450306055e-01,1.006883284500439846e+00,6.028423636089899063e-01,1.039305902268282455e+00,1.309220127411090839e+00,1.143062503189075096e+00,1.138241095786187929e+00,6.315863994895967171e-01,7.566497377342518149e-01,7.232092975927189027e-01,8.020638066530941801e-01,6.437785511334593869e-01,1.029895856779527552e+00,6.388824528119544377e-01,7.470780119623633420e-01,1.681903662798468480e+00,6.058098232349566903e-01,4.707796312706755693e-01,1.468372636143536525e+00,6.109374588934355366e-01,7.460726812299992572e-01,5.971473115107077678e-01,5.315507400005703431e-01,4.904468775200195307e-01,8.787090410598452639e-01,1.319413063420081134e+00,8.652362244739753017e-01
1.621846655269554738e+00,6.729018878864129194e-01,5.939286724139773987e-01,6.196827595100122821e-01,8.007455654749915386e-01,5.286980951207896906e-01,4.294648334471025675e-01,8.148195874873572775e-01,8.366249689601980011e-01,6.691663913973443512e-01,5.384842428561010808e-01,5.278000301269621941e-01,6.842070514410047988e-01,1.420579698255462597e+00,1.551625605968841137e+00,7.529589280613582236e-01,1.383361154711954200e+00,6.871896940246913221e-01,1.026617397845408508e+00,1.342191613442608178e+00,1.638184063397999823e+00,1.198616112332626660e+00,1.595935895760004497e+00,1.319914241211890271e+00,1.306932856449411595e+00,7.086673033923951426e-01,7.242983350629199624e-01,7.859161450474917432e-01,6.866704544814636879e-01,6.442414315738341779e-01,8.638685187088122053e-01,1.005979460727299379e+00,8.056674217138292127e-01,1.223742265016301678e+00,7.737104681983778542e-01,5.301427826625967343e-01,4.963711418849773294e-01,7.171530261842813392e-01,9.945897295887177192e-01,9.798738918156497668e-01
5.067007913629915095e-01,5.617221563525062189e-01,5.486406650369662907e-01,4.695593556725807804e-01,8.656554531000681951e-01,4.031375648181980687e-01,7.992353256878677037e-01,1.040883946716451014e+00,1.341203916746094293e+00,1.324816494891941865e+00,8.354393363453785915e-01,9.118297164830652113e-01,1.400881272317560544e+00,1.629180579650485905e+00,9.390902527543201206e-01,8.037045658212731425e-01,8.945931783146718885e-01,5.463194096835952696e-01,7.866275666133671907e-01,1.166707235219167860e+00,7.332795733231588509e-01,8.553023909039338957e-01,1.385637995835536929e+00,7.847651402101009088e-01,6.524884841739337915e-01,5.508697597658214207e-01,6.866588670712456821e-01,1.384154233353462438e+00,6.009154245682200024e-01,6.457770296491512907e-01,7.519306973750103928e-01,7.379524859730267616e-01,1.019773599098028782e+00,7.121649960650333622e-01,1.019703056565382182e+00,8.899743211794678421e-01,6.173041508144704315e-01,9.035934565900345383e-01,6.199698562469232455e-01,1.206379076642974280e+00
4.906805491729677171e-01,6.421930608361458015e-01,6.817331022782645578e-01,4.595601953146851715e-01,1.028039433442330841e+00,4.753138620511319634e-01,7.883644039627881739e-01,9.349678562806664761e-01,1.406195680009775240e+00,1.656829898616988039e+00,1.211293570094283290e+00,1.142153204778196152e+00,8.439182463718807314e-01,1.236186759205881280e+00,6.944441750081346010e-01,1.486484322604512576e+00,1.303893886872940167e+00,6.290945879837618326e-01,8.639468329597411733e-01,5.874914671443907110e-01,6.908482187666887819e-01,1.346061684037281658e+00,7.289638258355014555e-01,1.660970315063780678e+00,7.222458730586333031e-01,9.398717445540184512e-01,1.281658111381522858e+00,1.728751314315690069e+00,1.285522989671858962e+00,6.218923451145829118e-01,8.600100859063365411e-01,5.214761299689308904e-01,6.410474270112128670e-01,7.038203894149275275e-01,6.571094375756659778e-01,1.170633652822003379e+00,6.177318798605347938e-01,9.236696404388422543e-01,6.646675657665952475e-01,6.971888930438465692e-01
1.393745527970261078e+00,6.418471312894908909e-01,7.676853128668671422e-01,1.213340151170382519e+00,1.268985120373072428e+00,9.960211508514653644e-01,1.317948126815724930e+00,6.444891106158484595e-01,1.138005895889194541e+00,6.481048786391223615e-01,6.836854486206311865e-01,1.301256472113232032e+00,1.185649317244586110e+00,1.207817418121951203e+00,1.225642674288944356e+00,1.438432294219984531e+00,6.506009336458489223e-01,7.083095184191928739e-01,8.709091852741961404e-01,6.663155258204843667e-01,1.111048355562904266e+00,1.387682263504970814e+00,1.193250275052163634e+00,7.702532035263404131e-01,5.240226622549686297e-01,4.827775845526003362e-01,6.379839294431328689e-01,6.957022274258028993e-01,1.347496713460488715e+00,8.431064953029516751e-01,6.533572427019408435e-01,1.297530585119149427e+00,9.220302780443198065e-01,1.196058945822698005e+00,7.210255078610967594e-01,6.235162994156816518e-01,4.891587517619603309e-01,1.647373479989079348e+00,1.480717600617300622e+00,7.909320858833345236e-01
1.318881430129458021e+00,6.279644360787902668e-01,6.153581487925814386e-01,1.028428684798510684e+00,6.690144810576222900e-01,1.346363497742640414e+00,9.163997123367730868e-01,1.111448187927308817e+00,6.259939272560768320e-01,8.471454435850618303e-01,1.370869604441093959e+00,6.640538835174389920e-01,1.097046593157795291e+00,1.436072100913323712e+00,1.387123895052739142e+00,1.194817751607626377e+00,6.948563159747728202e-01,1.342286083342442149e+00,9.081984735701896794e-01,1.233739915014428590e+00,1.269104527998618392e+00,1.010327331823249075e+00,1.414254827411917992e+00,5.295379745314032771e-01,5.120960430291903176e-01,1.446657636385306978e+00,1.575109553985731825e+00,7.578266082177395058e-01,1.304109021577260830e+00,1.322704667806159140e+00,9.649972338363144164e-01,1.021078647336183032e+00,7.042213118796838422e-01,8.490107887066883352e-01,1.065668596981433902e+00,8.002084897048629131e-01,8.130378187747741014e-01,1.295432872876951524e+00,1.410536895111015321e+00,1.420118286096854643e+00
5.170345707917725075e-01,1.239005582313715159e+00,8.037782247283774550e-01,4.838142089095743836e-01,8.372547298776351621e-01,1.395720400586435428e+00,6.186266700802374174e-01,1.326944888811562695e+00,6.852801997882976837e-01,1.217451307993377752e+00,8.394531865824601535e-01,1.298379851750887326e+00,6.675603948826424050e-01,1.396291054808421972e+00,1.306811056794003223e+00,7.400884490988965947e-01,6.206121497371666074e-01,1.241889963109196637e+00,1.097352317468539562e+00,1.195387508418381373e+00,6.275784604930536581e-01,6.261077246564726861e-01,5.507766267637560498e-01,8.536317243111382069e-01,5.118568946090140681e-01,9.881604683873849160e-01,9.266150503751020562e-01,8.510908573252069509e-01,9.029738808124589955e-01,1.390388484349388998e+00,1.036200165127547645e+00,7.818774134411985433e-01,6.597555425239691740e-01,1.029507287482654965e+00,1.114293493511174571e+00,9.219817085615298335e-01,6.668754519585636809e-01,1.047830261019231601e+00,7.152504894623573639e-01,5.816558947573348126e-01
1.036613625147636331e+00,1.096669798969818421e+00,1.175898287018716237e+00,6.770000451851139189e-01,5.957823120147461848e-01,1.102670046220710187e+00,6.373624639330719432e-01,5.374521761175201640e-01,4.945021133452225937e-01,7.844579787497634182e-01,1.355726976879809476e+00,1.042317962805300091e+00,8.736927149630142608e-01,8.004072418178227455e-01,1.563798846632460160e+00,5.014442811124919519e-01,1.150959408665257699e+00,1.219711441431471366e+00,9.734913360162151807e-01,1.322048518519923332e+00,6.915292494181580762e-01,1.050906495341202396e+00,5.560213705869349043e-01,1.319728569696988041e+00,9.524245993851995218e-01,1.735568580089848156e+00,1.384387047587639197e+00,1.190813463551738893e+00,9.738943104382160598e-01,1.086771672553872525e+00,6.974371770593773556e-01,1.169691413219414056e+00,7.393964009920070968e-01,7.100672918973737202e-01,7.588603398182607318e-01,1.011855319355088545e+00,5.402008561160290823e-01,6.052748635801342703e-01,7.380921523071719559e-01,6.048480140337860744e-01
4.401563242488661376e-01,1.592550793147786914e+00,1.483318926198473386e+00,8.432038381569851859e-01,1.230711236185997315e+00,1.182624347009833432e+00,6.801904396897825444e-01,9.587367995078606153e-01,5.132780402780663387e-01,6.476889445736756512e-01,7.543282109321945983e-01,1.037248746702416513e+00,9.323224423404568029e-01,1.390380626287352372e+00,1.563646628767568325e+00,5.295363775757806479e-01,6.666317325655352066e-01,1.053588357414328103e+00,9.495544191446736448e-01,1.071634193682214020e+00,1.087752877793974449e+00,1.135038923210546447e+00,5.573319519721247062e-01,1.304729903308551764e+00,8.812486769769184436e-01,9.093801582412355256e-01,6.887408557008555254e-01,1.556159836494499960e+00,1.754567744614766722e+00,7.858631380167553360e-01,5.651063602062773583e-01,1.171423136172178303e+00,7.739285916466308590e-01,8.960870091762520584e-01,7.112116233115773900e-01,1.308860203104841080e+00,9.134461005456139260e-01,4.836068884771876908e-01,7.286080887398966865e-01,9.208019106460452186e-01
7.032506229797556019e-01,8.496677656721189908e-01,1.490642544185596829e+00,1.382975001069650212e+00,1.466784737955192597e+00,1.760472108194133911e+00,1.425262992336540302e+00,6.208810238032689277e-01,8.414691816023172066e-01,1.105796726169406385e+00,1.265159802216161200e+00,5.759705387468296856e-01,8.927429825447532608e-01,8.643835830054281688e-01,1.696397899171715684e+00,1.373237649328139742e+00,4.577896316493453299e-01,1.457347953309978683e+00,8.216055450734988108e-01,8.472548401429969012e-01,1.430899773375689188e+00,1.822509312105532464e+00,1.204791648235694401e+00,1.527012789617604671e+00,7.927986170546350575e-01,1.419235394651041204e+00,9.582600711311822783e-01,5.666156542449382050e-01,5.748435588679513542e-01,5.436668558698054543e-01,8.477985994862804464e-01,1.826697522293229792e+00,6.706879125255266194e-01,1.132418371074837227e+00,5.754429784439401008e-01,5.322174234026542106e-01,6.123667579398240912e-01,8.820619601767372142e-01,1.314006904476664461e+00,6.211621793195687413e-01
8.640455706951393200e-01,1.099742417242875359e+00,1.419241381560915949e+00,1.435000012783988144e+00,1.123403318206151802e+00,1.618400911362387840e+00,8.947776288643807252e-01,1.348876558969860362e+00,7.614719212788253477e-01,7.698085460141927960e-01,1.185110272750229177e+00,7.081824891190933169e-01,6.284030351115797997e-01,9.405135272000793023e-01,1.163809997860154599e+00,1.127095496203341707e+00,7.102387029861745305e-01,1.014177956104381328e+00,1.153649749537420943e+00,1.193026259469742723e+00,7.359365592921938148e-01,6.679939740845421969e-01,9.991220340683536483e-01,1.190059639495069099e+00,1.176701478320622885e+00,1.395050914726004843e+00,9.526523562184204819e-01,1.614119825133376818e+00,1.321697588571699500e+00,9.836678067382180757e-01,9.010164079224342037e-01,1.268428935537396773e+00,7.800136683968803553e-01,5.674102949928474526e-01,7.392267052374938974e-01,8.011259967197800202e-01,7.402845685333275805e-01,5.734569776171153377e-01,5.826216488428358486e-01,1.341154505584137846e+00
1.282888960740866890e+00,1.202943076056931071e+00,1.119406368197669810e+00,7.251685178927278486e-01,1.092564949430843146e+00,1.123810247351282765e+00,7.288671431011503055e-01,9.232597505839312824e-01,5.644553352897583309e-01,9.692287499163756426e-01,8.972222781265368763e-01,8.114190279513855408e-01,1.067385576177415585e+00,7.974523968681308528e-01,1.167991661653085433e+00,1.492425232295366611e+00,1.253525525224880921e+00,1.506278956260575397e+00,1.696176891941294951e+00,1.642196259690565041e+00,9.046810730993214422e-01,7.479724470764254063e-01,6.502202397415248747e-01,1.584785634881685112e+00,6.410527600172057916e-01,1.009243182902680447e+00,6.265623611235869861e-01,4.317192111412515021e-01,1.660860978267641341e+00,1.401183955251068980e+00,1.443032240823937329e+00,9.659436467915535340e-01,1.158634214099741211e+00,6.651896870103680692e-01,5.814774579267198984e-01,1.006059384497825837e+00,1.037794396206960901e+00,6.127791931118596880e-01,7.257390665473510971e-01,1.249082267587658501e+00
