9.346377146527782287e-01,9.303905039518217679e-01,1.005965580551036354e+00,9.932279033994241280e-01,1.417162757060931089e+00,9.210946567601133728e-01,7.716558444313184051e-01,7.159262174534686274e-01,5.529275276397335181e-01,7.290932659848917696e-01,1.393784121512656515e+00,1.584811830625281637e+00,1.581820199129641891e+00,1.421140364079920726e+00,1.106396579664157942e+00,1.791888947882809724e+00,1.053097587074162345e+00,7.354763305258930073e-01,1.255556219629770487e+00,1.005503050092118267e+00,5.412091944872534643e-01,1.526622330295133834e+00,1.429812099223073618e+00,1.068114211355782217e+00,1.624775646590085332e+00,1.250340167898539967e+00,1.308063159927848940e+00,1.300000293825436692e+00,1.530812486047841370e+00,1.140089286169021277e+00,8.388006046936371529e-01,1.347806747530550631e+00,1.243461114148532332e+00,1.393755467794300040e+00,1.048039211355902944e+00,7.800942250958138313e-01,1.138056774180912889e+00,1.306996327171637162e+00,6.128172505523437064e-01,6.951517829441161700e-01
8.033410972141964423e-01,1.081800934132599590e+00,9.811184891613162762e-01,7.186654651398004523e-01,6.924441496344716507e-01,6.372176060153059707e-01,6.279471471482759304e-01,4.877586684003365480e-01,4.396061016337238225e-01,6.826114173931920881e-01,1.601372768335239449e+00,1.486629675192939537e+00,1.388948922066314706e+00,6.464450699541670620e-01,4.476159541145662280e-01,7.377737757240270255e-01,1.127225347988130899e+00,7.426445213327690364e-01,1.039040547555074134e+00,1.458952533725776934e+00,8.083191579817193828e-01,2.002883203216058394e+00,1.456675623578440604e+00,7.464048178936953937e-01,6.863241142997329458e-01,1.518005470032540050e+00,1.397105257312712290e+00,1.823870333426577783e+00,1.153905143656178245e+00,1.225545539493320346e+00,6.804954548882156118e-01,5.402095836759163161e-01,6.851631806182195694e-01,1.168883440834434628e+00,1.721099292520070989e+00,1.488869570101947648e+00,1.643175032863346541e+00,8.723128852239584452e-01,8.240466696917598810e-01,1.200175629131476240e+00
9.017611798618612173e-01,1.366277993242645206e+00,1.063675178199462001e+00,9.414659793402340160e-01,1.189611138218817254e+00,8.924936718826090853e-01,9.001229151030608611e-01,6.562088388276294815e-01,1.213050599786191786e+00,1.230569234082455887e+00,1.734362807694875830e+00,1.266493199667452885e+00,6.791963639326714652e-01,6.433899191302697718e-01,4.616295401288176836e-01,1.134346493310113058e+00,1.421112586237717412e+00,9.710913432708728754e-01,7.113721974383226954e-01,1.323730033676718154e+00,5.748754302106526826e-01,8.567111151413534520e-01,8.705032638243480614e-01,6.484798191675460455e-01,1.086607077545533651e+00,1.302285938865617387e+00,6.795535872854100434e-01,1.277636974257870150e+00,1.553600897580099449e+00,1.320710590379143623e+00,6.555869883466834969e-01,8.255561218457220241e-01,7.094764172371736954e-01,8.849620882203762529e-01,6.503549488306892279e-01,4.778135451249175270e-01,5.717969436540674133e-01,1.027453207439002147e+00,5.758804213333440503e-01,5.958221489796591275e-01
7.822292759656541694e-01,9.094864238575762760e-01,8.819604368894612412e-01,1.366859587436231038e+00,6.892397341179321568e-01,1.434833847454354050e+00,9.854840260755318715e-01,7.061757547621643205e-01,7.019830938432428669e-01,1.452759578168636212e+00,1.100540095682376540e+00,1.594979464505984490e+00,1.536711106677377980e+00,1.311631895557779925e+00,5.505934066628866974e-01,1.428417400395745052e+00,1.095066288816533007e+00,8.750691132254260207e-01,8.120976614696124862e-01,1.205557208776743439e+00,1.281686465097512606e+00,1.284825864526271566e+00,4.923994748661727483e-01,5.644785274097723349e-01,5.392109159962688025e-01,1.029303151639423985e+00,5.433532763473499783e-01,8.368800654923542748e-01,1.310232047695594426e+00,1.333477535973681904e+00,1.246011668018767615e+00,1.203201244776383350e+00,1.574771607575592203e+00,1.535261366563814178e+00,7.974286215342238915e-01,8.442023691650835104e-01,6.531351449246456387e-01,5.647544919706458666e-01,1.619938085604967437e+00,1.129465230591362612e+00
1.760811968417572482e+00,1.038345358873057789e+00,1.389642095873814043e+00,1.058094687807284551e+00,1.163791169089748889e+00,7.383493295597548522e-01,6.399173657270321725e-01,1.064787040447739974e+00,9.210542349982870913e-01,1.468067209363947745e+00,1.230488666477425275e+00,5.174399867095960115e-01,4.349958101250165909e-01,4.349044568574044756e-01,5.857534297834791071e-01,7.901081650465986428e-01,1.161729161580692393e+00,6.131345830675570818e-01,1.319266128432989404e+00,1.233461180364394449e+00,8.462489410699766124e-01,1.223095693340706225e+00,5.453384366647449077e-01,7.201105385872837994e-01,6.791886520780293646e-01,5.069005063499903985e-01,4.832317446880441403e-01,7.222449601127041152e-01,1.560064593390138032e+00,1.291170671160854377e+00,1.601370097406032977e+00,7.525057735598322806e-01,1.051011660530495773e+00,6.709390836849077333e-01,7.081128416541896398e-01,9.453452233187663589e-01,1.459607828820568054e+00,4.387709703945495421e-01,1.600023785004220933e+00,1.095385379943556448e+00
7.573732925948213346e-01,1.073701471661574036e+00,7.598099180912093464e-01,1.108755882320330954e+00,1.425018781806625112e+00,6.768006872111210770e-01,1.252337805129707160e+00,6.297006312408285345e-01,1.518363164323774495e+00,8.056358659219801099e-01,1.055494071154369440e+00,4.948110539246798334e-01,5.252494821582986972e-01,7.217891914383260943e-01,9.867649823369976092e-01,1.624194160586315272e+00,1.302661590282297555e+00,1.558374698290770244e+00,1.699104851532337035e+00,1.632550149164359254e+00,7.009618240413419965e-01,9.222820384222844003e-01,9.722323742041211192e-01,1.335105800859199388e+00,6.848640985211950083e-01,7.246934511373744892e-01,5.717760092167909480e-01,6.242862293515580863e-01,6.609063884625695495e-01,6.694808920464830893e-01,4.976703396110434552e-01,4.965538865149379810e-01,6.499213377134732683e-01,1.489153661846561061e+00,8.260124755170540345e-01,6.410790392349676736e-01,6.759250689184713723e-01,4.597825689623772916e-01,9.892075346474809017e-01,1.306847359103485262e+00
1.036705360216281457e+00,5.744120373774770361e-01,1.414708082463221439e+00,1.355777094028874696e+00,1.496995891874228546e+00,8.841334702659836564e-01,1.571522611138975956e+00,7.212737356812031209e-01,1.675462997929975550e+00,7.649569919376305593e-01,1.273708028311517193e+00,1.036326993982860767e+00,6.079129907730637106e-01,6.002617337365723227e-01,6.362885706383601958e-01,5.089997324328061623e-01,6.153417440411104167e-01,1.317909157240044316e+00,1.167199081503636382e+00,6.816147132989410773e-01,1.132061533313263535e+00,6.737585477898635489e-01,1.542066971072208137e+00,4.661508892446458163e-01,6.745124369196455749e-01,1.401639419028305245e+00,8.821785854314464492e-01,1.266963557963227904e+00,8.999599451257028759e-01,7.839184291013872041e-01,1.208194525404699293e+00,5.727543905169949490e-01,7.184360248269389126e-01,1.546811508967935733e+00,1.363033032883820717e+00,1.179617267516050338e+00,1.329070295628801190e+00,1.119999286397816762e+00,8.193896589992560875e-01,1.264460157718637623e+00
8.503823360799170894e-01,1.298896785972003531e+00,7.329856101668955626e-01,8.135752816768151430e-01,7.046979282928939048e-01,6.265608153034566419e-01,1.425250859861466601e+00,9.093792184709369453e-01,8.254414210522053041e-01,1.007712762961591846e+00,6.403583118717256495e-01,1.288371999925932876e+00,6.534971698720124511e-01,1.360916254080861254e+00,9.700148259085030755e-01,7.538058252299036921e-01,9.772032626716067316e-01,1.238676587846619270e+00,5.676110017188519263e-01,5.264489370322440465e-01,1.572136996658086705e+00,7.442281138252673234e-01,1.129363317687998025e+00,4.673054227570850316e-01,5.294024537260153540e-01,5.266907842374124460e-01,1.530888124855700916e+00,6.628819078062585524e-01,8.083579234096528454e-01,6.895178321928678855e-01,1.399907832312450973e+00,1.291115558586823253e+00,1.027247995425925042e+00,1.460724970857741001e+00,7.273342187366487188e-01,1.174339145352312874e+00,7.900810999635968779e-01,1.341883108606929387e+00,8.050599714083251923e-01,7.403790671436624171e-01
7.798334846026191425e-01,9.797856962279321014e-01,1.512051530855942350e+00,1.713450714533835351e+00,1.650344432650203919e+00,1.727085287803742153e+00,1.777710657102740122e+00,9.597692805473816424e-01,5.691089957205789363e-01,1.242488809794719762e+00,9.743607463835287641e-01,6.739401339952620917e-01,5.975347501801390182e-01,1.250853264904608908e+00,1.302175383991973634e+00,1.116105361504695637e+00,8.910306610601235189e-01,1.057265819485360803e+00,1.155603935744804689e+00,5.747939142406595092e-01,2.000299676084174916e+00,1.281832350354387584e+00,8.330139873442955478e-01,1.055796554843570600e+00,8.181401147914667549e-01,1.061237708318611750e+00,4.673497152276726019e-01,1.330579573964442597e+00,1.297883970949041510e+00,8.568130565251292907e-01,1.424445297395385390e+00,1.669145963785901410e+00,1.037727539378048736e+00,9.116498439934186404e-01,1.131275895465558401e+00,7.792684931609167309e-01,7.311243274734862130e-01,9.494199996000876052e-01,6.931980131313315585e-01,1.367312739188091930e+00
7.590227920207586187e-01,1.040733699775157506e+00,1.253368028500654097e+00,8.432269136877967863e-01,1.265945580356758526e+00,1.340063211192799697e+00,1.256017084629208691e+00,6.842619879828049090e-01,1.256103461450113201e+00,1.056428873652049516e+00,6.959222534166751295e-01,1.568646829397775555e+00,1.391464090643938167e+00,6.940486062485078378e-01,8.594935020707237250e-01,9.104527617895060709e-01,1.217060147437588613e+00,6.439223154066474608e-01,6.532406250916942270e-01,8.610539993415498028e-01,1.872496044220906208e+00,7.865613613833080109e-01,1.066940693663049444e+00,8.284026593809923344e-01,7.539002331089992293e-01,4.530155337071495869e-01,5.722332776540005606e-01,8.422785952284076449e-01,8.017825067084048962e-01,1.758248000089900343e+00,1.216331141319693776e+00,1.536967882700547294e+00,4.711361824628849115e-01,8.177716817563336349e-01,1.618489808391747165e+00,1.196397331790758578e+00,8.206602595592145111e-01,1.100943137430419494e+00,7.655679807167353745e-01,1.153575996975374496e+00
4.313077649645325473e-01,1.203236522787262119e+00,9.718935135202888542e-01,1.455263742845162245e+00,1.436607881293477940e+00,1.164394662451663898e+00,1.369080163055494959e+00,1.300084214792579962e+00,1.286721937386405834e+00,8.807750813655887967e-01,1.408998192246488479e+00,4.678844074337071834e-01,1.663554876603995147e+00,1.312127963212229798e+00,6.907932516383830102e-01,1.709718272688920404e+00,1.273317497793280628e+00,6.691133365561623414e-01,8.498628377362680286e-01,1.531414571607844444e+00,1.581677476112851144e+00,1.252490274397425107e+00,1.368861613928131327e+00,1.016431895724306367e+00,1.608358999725084226e+00,1.562702206871695587e+00,1.200149537134542754e+00,8.980156395674919745e-01,9.798870256220656438e-01,1.689634924240713598e+00,1.147903308054920135e+00,8.688620347276140299e-01,1.577809076160296309e+00,1.024651666660446825e+00,1.442491851586500395e+00,5.586515042949481424e-01,1.392028637942336555e+00,8.101414525846356574e-01,5.985274652816944263e-01,6.557286445199406177e-01
1.263417238527839048e+00,1.371267060224802936e+00,1.308618511004682183e+00,6.576276779590177757e-01,1.807974081787478537e+00,1.023496382091917400e+00,1.083185020055037917e+00,6.097362496847152924e-01,1.387813597427560719e+00,1.065552167410431572e+00,1.585302710121054837e+00,5.584324812614013256e-01,7.147416294220960697e-01,1.428770567152068960e+00,7.769183822772305348e-01,8.250887171160931066e-01,1.486255271996015370e+00,7.282546997143656275e-01,1.161631017273359934e+00,8.575435443976686667e-01,1.492914868467792422e+00,1.259355359294483057e+00,7.334529118244158541e-01,6.173495706715632636e-01,1.361903463580955487e+00,1.250455845495392682e+00,8.419379208105729484e-01,7.039257708412834935e-01,6.248198745368916951e-01,8.009450498827933584e-01,1.154337198652805929e+00,8.025084978623137077e-01,7.146310443333483420e-01,1.527693379631397619e+00,1.428480375992829066e+00,1.601530615477471775e+00,1.240472300102501757e+00,1.046292670171933503e+00,1.204938639096886810e+00,8.109299272557780602e-01
6.215191894644215287e-01,7.528887267801892547e-01,1.697602488663971565e+00,1.078174245733408698e+00,1.304696782008770484e+00,9.669430151521128947e-01,1.186062589841481163e+00,8.373848379282877730e-01,6.748130805311424174e-01,7.450194941198806653e-01,7.058258095051190839e-01,8.457840648853892640e-01,7.789248620888464814e-01,1.429487068462147459e+00,1.191197308180410364e+00,8.962073957002624214e-01,1.159446342993569079e+00,8.300919484663964454e-01,8.670153425085665999e-01,1.031982819116906924e+00,1.249275367764399958e+00,1.471770679289521766e+00,1.083298162826522804e+00,9.901231236525249724e-01,1.822057771121505354e+00,1.358316627350552253e+00,1.547475626938116244e+00,5.870122954840298890e-01,7.132234170781045490e-01,8.303308226952058613e-01,9.872958948750057973e-01,6.481485234442514454e-01,1.454416555874403105e+00,6.152144863088925275e-01,1.369268213145272250e+00,1.468260106676137600e+00,9.777441571834539769e-01,9.711992066972682247e-01,1.638417246880260247e+00,1.118749790796837118e+00
5.615705893069840027e-01,6.622718276684954608e-01,1.391614433006729712e+00,7.636067998218558639e-01,1.574956860158358340e+00,6.641777823134991099e-01,1.068455334320389527e+00,1.147423226995686552e+00,7.772908515993073308e-01,6.027482572224297508e-01,5.552379723566700509e-01,1.210863609157378784e+00,1.432175044518964713e+00,1.200624476793338724e+00,7.767895151861049508e-01,7.221922416141025591e-01,1.407136986407414359e+00,1.380377603190694469e+00,7.853398625746151884e-01,1.005725039224251383e+00,1.609077971625642256e+00,8.992737275036224442e-01,8.460664276802828399e-01,7.565767533080415275e-01,1.220838249752775884e+00,4.993278340586883579e-01,9.426192315879622363e-01,6.706352490952266487e-01,8.038189900251259123e-01,1.426177968020887699e+00,1.647142338389717020e+00,9.943033441168098729e-01,1.206715289618636611e+00,1.619470502338115514e+00,5.559257991901787044e-01,5.916469290550697702e-01,5.458399966648165291e-01,5.866073709725336816e-01,5.439789351010859697e-01,4.976856789175013729e-01
8.357651126116265594e-01,1.443859869311055810e+00,6.769166121748115827e-01,8.850385264108912020e-01,8.679298768315164558e-01,1.631760830572638987e+00,2.045421765423752980e+00,1.816667726173828434e+00,1.726877885773890009e+00,1.603349752834070774e+00,7.162323881780888746e-01,7.885327309813203733e-01,1.329257966919504375e+00,1.119910404162181239e+00,1.002296196970512199e+00,1.757910259970357991e+00,6.699263471851460983e-01,7.609078291444438813e-01,1.313050237057120206e+00,7.007477513290253368e-01,1.256608612762510679e+00,4.824316562763313332e-01,1.420243138023586704e+00,1.685023643261396753e+00,1.628812731857637308e+00,1.383125902200725177e+00,6.707578171231680653e-01,4.831708880282536422e-01,3.831429266502156539e-01,5.153537307217261887e-01,1.063504311381752165e+00,1.167845879581771884e+00,6.491192373838318153e-01,7.086942143487445778e-01,5.285338127111254281e-01,1.034087289225402717e+00,1.539654334486277198e+00,1.304648305879640313e+00,7.295207551647002742e-01,5.451584618566057694e-01
1.262687380899936596e+00,1.490982349574331067e+00,1.151409023369746487e+00,1.368593438922665273e+00,1.358574553765834025e+00,9.286612927936818140e-01,8.149970114695328505e-01,5.657962793145487890e-01,8.316084622738904031e-01,1.377422206434305796e+00,7.646190590922323782e-01,1.421442498337271987e+00,9.097975195659674386e-01,7.396421012630527425e-01,1.339469514703259145e+00,7.751835349821105670e-01,7.791034095056005304e-01,6.657866588071112979e-01,7.893986188902926138e-01,5.123850325064962519e-01,1.013657715139576920e+00,1.069982645437143720e+00,7.927222365827494288e-01,6.177489868720147381e-01,9.494274670846424291e-01,7.313423139554581232e-01,7.026045482043615786e-01,5.198107983154039990e-01,8.425859114626479407e-01,7.460553360553185964e-01,1.111363312027285666e+00,9.929648315206187625e-01,6.786628834275517663e-01,6.107470464806598054e-01,4.959647472163757342e-01,7.771317041252809865e-01,1.571888165931537129e+00,1.686773680550166743e+00,1.382692447553437454e+00,1.141360572366040049e+00
1.394715618520813605e+00,1.071480548161833024e+00,9.659911524052063880e-01,8.359817407991699811e-01,7.396995392272496250e-01,5.230726085964765293e-01,5.005736087760049857e-01,5.474568635691630103e-01,1.134666281171754276e+00,5.754066318401618307e-01,5.913134021103942928e-01,1.536211400236581648e+00,8.413739926800464231e-01,7.448800759656820647e-01,5.976484451431727241e-01,6.667710432938260823e-01,1.039921208438711053e+00,1.789274855031236511e+00,1.048170715639690664e+00,6.224243795830236570e-01,1.451275968577008024e+00,1.184082159858732552e+00,7.974046159067237349e-01,6.496660757388135199e-01,7.766994301220491170e-01,1.172014416350311228e+00,1.066207144787483907e+00,4.684260487102916981e-01,6.244852477062934337e-01,5.341914995608760819e-01,7.319030728998761060e-01,1.042206039591613509e+00,5.008265850660119645e-01,5.443705433856321774e-01,6.190251494765457441e-01,7.564134961623647513e-01,8.174425205287085827e-01,7.743142515811014537e-01,6.551914534460810957e-01,8.700510138328823029e-01
8.633035455884290332e-01,1.454347935593342855e+00,1.473508128940987705e+00,7.052078554642069452e-01,8.090531978067276864e-01,7.607698506221783896e-01,5.396430109305142553e-01,1.223202462003592172e+00,5.721023896385896146e-01,8.924002015881237204e-01,7.562114685670495717e-01,4.445254530619041078e-01,1.026776764436284628e+00,8.790314527488313212e-01,5.936536096221778358e-01,7.781335802179245587e-01,7.076156199693570681e-01,1.604543030352181932e+00,1.489599433750796953e+00,1.165646441274042378e+00,1.355580807077473970e+00,7.794574662465844073e-01,9.828193249525136732e-01,1.553998205834395296e+00,1.187575853055444552e+00,4.608539838399471900e-01,1.094532568381754611e+00,4.101453411134624027e-01,5.838320616086754011e-01,1.334271770250665679e+00,1.329986491362617151e+00,1.909704361471594058e+00,5.480222076943837006e-01,5.769046940110393873e-01,6.191828573118149937e-01,9.040762930629114846e-01,6.087524788044902380e-01,1.433133898344612245e+00,6.827159216351340598e-01,5.331198207477326756e-01
1.228378551725112677e+00,7.986755949147291700e-01,1.301186124317387005e+00,1.441131875386754801e+00,7.858904114060297763e-01,1.490633380942086195e+00,5.743721556171370590e-01,8.843840771055579975e-01,5.671572067064392098e-01,8.677599939880481505e-01,1.339704709927221682e+00,4.282157544820024975e-01,4.077182781293450797e-01,7.513303967833528940e-01,4.826086833372355001e-01,7.140378330822422237e-01,5.997781975346934136e-01,6.103185782471695076e-01,1.175516092527431500e+00,8.237812753385757025e-01,1.485752545861450002e+00,5.130865647552702580e-01,5.569415379362162577e-01,1.437958714287229878e+00,1.812462627165618345e+00,6.456887362993584123e-01,9.151204131736837555e-01,5.952086763541044601e-01,8.461036337764071824e-01,7.898677496943172782e-01,1.039379522169374237e+00,1.449846487370270998e+00,1.559908477703774832e+00,1.186367597962891374e+00,9.133767370944925190e-01,1.028757556824280384e+00,8.258851299571615678e-01,1.125193707286320954e+00,1.022287301016904237e+00,5.077622731449377147e-01
1.707778869407353017e+00,6.456190101633785261e-01,1.084510963736651235e+00,1.746338117839786097e+00,1.192760758686620459e+00,1.508509579957036051e+00,1.436115470912294301e+00,1.257304581288282597e+00,8.914320204174258633e-01,1.252588152434622293e+00,6.561829492000266217e-01,7.354516663228339857e-01,4.444730389051991248e-01,6.424318796873027537e-01,8.595553567376799098e-01,5.915145653796700653e-01,5.633737373014331418e-01,5.348186702201237486e-01,1.166479938816175288e+00,8.423697165665106068e-01,1.413419981479477228e+00,1.270693911296238987e+00,7.769056318321203580e-01,1.109913082254725403e+00,8.803686409454506423e-01,1.464142945065220358e+00,1.046051223126935659e+00,1.451165512099370947e+00,8.844509415175606515e-01,8.370993804528510385e-01,1.391606080761130126e+00,1.107874949068349046e+00,1.554252272357687925e+00,1.222018730560110233e+00,8.312973688349367674e-01,6.018264163989167637e-01,6.128806563286081088e-01,1.401019256025807458e+00,7.940492004623186384e-01,7.460207258858441159e-01
1.058757209367870988e+00,1.017047040652569567e+00,8.809404968811733738e-01,7.595876375991755802e-01,1.205969954637243102e+00,6.085516563940077672e-01,9.279780301426403533e-01,6.506295258899118528e-01,1.362363134968463063e+00,1.014061346081681192e+00,5.630816323429115311e-01,1.330133483699542207e+00,9.728512602703747181e-01,7.218833354372090616e-01,7.089696286086719645e-01,1.438778139897056718e+00,5.911849501464946366e-01,8.578520376146722137e-01,1.362027984242517142e+00,1.580028903474694157e+00,9.319806381235730131e-01,9.288719369290053818e-01,1.410293529909172561e+00,7.402318795112888816e-01,8.650766777549713238e-01,9.993989595652155167e-01,8.291144673084950290e-01,1.168593859171211724e+00,1.254674206176915163e+00,1.659162165926161503e+00,1.389461419242979057e+00,1.422536125109891803e+00,6.120509224199589537e-01,9.731757522764890034e-01,5.525310862940513434e-01,5.263054109554123894e-01,9.250762554538641824e-01,8.759485927842343145e-01,6.388246839921873921e-01,1.264292192495535039e+00
9.949611730752359051e-01,8.812320692027130198e-01,1.316806792067815479e+00,1.039707367196935461e+00,8.773129442951762558e-01,5.806247591591651158e-01,4.602466134393818908e-01,7.577660594253334825e-01,7.031928238051827762e-01,7.816737879789381616e-01,6.505615378339512089e-01,7.116624519154726158e-01,9.183252178764612639e-01,5.009210121361818979e-01,1.116580577799694218e+00,1.072179054472618409e+00,5.711234342398094910e-01,1.163197108078082964e+00,6.696440105804000176e-01,1.518004263191124359e+00,1.583959868195697673e+00,1.155259467911796012e+00,1.668018676631467523e+00,1.966561316202568799e+00,1.971323806650599364e+00,1.428427716068957354e+00,1.018901897474725038e+00,1.359558294123396571e+00,1.388163411482699949e+00,8.293695658766278012e-01,1.445355464530442946e+00,1.025493529464504894e+00,8.272222457837059562e-01,8.253975353563353101e-01,5.998428397610467977e-01,8.293866104863033550e-01,6.681883932353195332e-01,1.324402574277131484e+00,6.654723512923008677e-01,4.417819078576732394e-01
5.464673696005398762e-01,6.447116077057005734e-01,9.781877799006012397e-01,1.719642262577376624e+00,6.466953755842678175e-01,1.546529298204393887e+00,4.752071217453981977e-01,4.672927070462860599e-01,8.179154197246529812e-01,1.022581406918916080e+00,6.798241615257378800e-01,1.066543278194105993e+00,7.825820333668848106e-01,6.931027892863047546e-01,1.495724535618817352e+00,5.737085414192034660e-01,9.976909900952583010e-01,6.716145468080602088e-01,9.693558170691071174e-01,1.637683549063839505e+00,1.750963522879524392e+00,7.548353950714168370e-01,8.027576547758964454e-01,1.645576726875294771e+00,1.741820128747964214e+00,1.168338559301885793e+00,1.503374012260882076e+00,1.650962243996926260e+00,1.219496541612857143e+00,9.365611240887836697e-01,1.707125202423666721e+00,1.067509909211983521e+00,6.771375627907313399e-01,8.877860654098816973e-01,7.242576455591610562e-01,1.443975777467599864e+00,8.257530883382941944e-01,1.457342205943115809e+00,4.474668468841547231e-01,4.067372915663162170e-01
1.145134322037986818e+00,1.472242015195210474e+00,1.314433413172922727e+00,1.436646470858559788e+00,1.355116641384414899e+00,1.379044100931714700e+00,7.722729857316255053e-01,7.378507598800297940e-01,1.204857692808450675e+00,7.846813705920272497e-01,1.195538124070323782e+00,4.922527343753553830e-01,7.528273994096749133e-01,4.639759498573314822e-01,6.468085718546402463e-01,5.338598116221020540e-01,1.090783876108413653e+00,5.248824178499766901e-01,9.586183465185962316e-01,1.202632753136481991e+00,1.244387893492893360e+00,9.325313324649833202e-01,4.515580131561975907e-01,7.406232554941626356e-01,4.763734843013301412e-01,4.775195904530943891e-01,5.632007203914952687e-01,1.129172549349607868e+00,1.000058484812059945e+00,8.913929643770112099e-01,1.116474184033313666e+00,7.888161209778505878e-01,9.766567397216840973e-01,7.264119640603629025e-01,7.698927467267415725e-01,8.462715462380039355e-01,1.150349511615712528e+00,5.866176484559600945e-01,7.183021744660754715e-01,9.750569588023572098e-01
1.586156733315661649e+00,7.433989549904354011e-01,6.170813952688766202e-01,1.015148121314495278e+00,1.178807225985200269e+00,8.922109277456270471e-01,1.571638110628324148e+00,9.467399011710079249e-01,9.084164669174673579e-01,1.227117785416435680e+00,1.350937660856998734e+00,7.016168704964447222e-01,6.400747338431089783e-01,5.897727592602007851e-01,1.114229776400493588e+00,4.799507563266361410e-01,4.757361519234345471e-01,5.854036149853935056e-01,5.735871111304460257e-01,9.122724694892959674e-01,7.784527058708829994e-01,7.422903478052558235e-01,1.112296342294063267e+00,1.582656544940971743e+00,7.620107044759738546e-01,6.895874491526117200e-01,5.778649767583661223e-01,7.967423340020309830e-01,6.233244042170532628e-01,5.953141835233550783e-01,7.979525124764589306e-01,1.174091132852231656e+00,1.136087320263309719e+00,1.406118425592453258e+00,7.373641238433477074e-01,6.986703151150570612e-01,1.338481079598961232e+00,9.196011670201228450e-01,5.707021346927966254e-01,7.232079224408799467e-01
1.556270795810910990e+00,6.445715031197004619e-01,1.200339679828227091e+00,7.229288169062424441e-01,6.450846373284339075e-01,7.178935886333751570e-01,1.760098115672157348e+00,9.031139392625815443e-01,1.174089517604941513e+00,8.042454478773137794e-01,6.446843729392077726e-01,4.986902411064090823e-01,6.152834248020475627e-01,1.354848216393852889e+00,9.943229542987924718e-01,6.068826969289693452e-01,7.160960670507906523e-01,7.479723533518763956e-01,1.573865650972712471e+00,5.625230056703552917e-01,1.291710767565851015e+00,8.874826951083165660e-01,1.531744720470521237e+00,1.585666432467903508e+00,6.325469349149253073e-01,1.335449350014334513e+00,1.228736444558687468e+00,6.890762595709325478e-01,9.429235506989682714e-01,1.369717897919739968e+00,1.296254904503564953e+00,8.204844325388356285e-01,9.301403591232612067e-01,1.419639609421420534e+00,7.752889512252758575e-01,1.003661123210623396e+00,6.800514084581187335e-01,1.281878159385665406e+00,1.481579603952264179e+00,7.344566655849761316e-01
1.651519607715608906e+00,7.764793019361013737e-01,9.186617289531447961e-01,5.627816876127103018e-01,6.873548779079250437e-01,1.228588733971563762e+00,8.820583202918513832e-01,1.924856616623741079e+00,1.833532778933182561e+00,8.315433730808925450e-01,6.822766295974997952e-01,1.456452817553775203e+00,1.375095065983305220e+00,1.690606422159866451e+00,1.348402366504996674e+00,5.849843672464031252e-01,6.078751240807346301e-01,1.051123776822349809e+00,1.209611135102358181e+00,7.629310155570608876e-01,8.842814605337065981e-01,1.347999120951860696e+00,1.701322332201583354e+00,1.475143281027907038e+00,7.004182874340327825e-01,1.900578823097925474e+00,7.727645750398377533e-01,1.276254512161454358e+00,1.682216186629607035e+00,1.253605040620602074e+00,8.137422768865184564e-01,1.018733398611710195e+00,7.495579574502203579e-01,7.247854035100290693e-01,7.856966125387423450e-01,7.108384138173138300e-01,9.884850952700040549e-01,1.368011087990938401e+00,8.197878637825353199e-01,7.710717735810622697e-01
1.113105408337731639e+00,1.171206145076158389e+00,1.454717670064171964e+00,1.048694683672682260e+00,9.370774685124695358e-01,5.121917803280718884e-01,5.445030044208396536e-01,6.981127141700295136e-01,6.451864955539426960e-01,1.294211839631216332e+00,1.069161380751408652e+00,1.233775066870138826e+00,8.307156492637122192e-01,1.526078540159726327e+00,1.425027741865121600e+00,6.668467899077316074e-01,1.181773786827188699e+00,9.602272137217093828e-01,7.546543312607568721e-01,1.265418759957890327e+00,4.625741016259238281e-01,1.088611284578737459e+00,1.341904798091761553e+00,5.557304973293470951e-01,1.344193330012472654e+00,1.328422907262267527e+00,1.092854945379340359e+00,6.887783247760199679e-01,1.192782248894262542e+00,8.096226405332256348e-01,1.260041718845253955e+00,1.772138238646391306e+00,1.200720060423662305e+00,1.296407528486611005e+00,1.348166206569366921e+00,9.932665055058694792e-01,7.988817747044116846e-01,7.409075751218167083e-01,1.015529286038175494e+00,1.405655142907471955e+00
1.262374902246331088e+00,1.090405145120269204e+00,1.362609226259701822e+00,6.813556793373459763e-01,7.203815308065575351e-01,1.247684698788940949e+00,5.893219103350915145e-01,9.507243985104453232e-01,5.738000906677066526e-01,9.690730203312942770e-01,1.482123249489512906e+00,1.562915362964188537e+00,1.727370483084204267e+00,8.274597195703666808e-01,1.260383475126650721e+00,1.640864897606455042e+00,6.908680806701349431e-01,4.468828737734075740e-01,1.033986389014439844e+00,5.365379369840787005e-01,4.621462360822214399e-01,8.087149194218252735e-01,1.063290338265878932e+00,5.404870525810716586e-01,6.595144707806258610e-01,6.196538471636704459e-01,5.832620949896208939e-01,1.110439280476650525e+00,7.522053965546420251e-01,5.920498489138593667e-01,8.660631074480267255e-01,1.330767703587719009e+00,1.005239001175203706e+00,9.863345868069214317e-01,1.445129275719597262e+00,1.153137129195075161e+00,1.036458153807420235e+00,6.687265239086820356e-01,5.025584030216313502e-01,1.670934243371305694e+00
8.839818629296085639e-01,9.382441758395095865e-01,9.708835870988541394e-01,6.960201466114259716e-01,9.929037234063754491e-01,1.348111389406274396e+00,1.252377684997790563e+00,7.335266201783677831e-01,6.359609710636989766e-01,1.135392364755283934e+00,1.126655171911666420e+00,6.448308181484783130e-01,1.213179870885124245e+00,1.241525697896605829e+00,9.806984279843101726e-01,1.509084620794431064e+00,7.738890663986304208e-01,1.326761608745000265e+00,5.031429648009548838e-01,8.331558726240639867e-01,1.252760192675108408e+00,1.304607586567774424e+00,1.430722813757223433e+00,1.089161131124511961e+00,6.740987412916565891e-01,5.922081763955701073e-01,1.235860591840792777e+00,1.109900170593009827e+00,1.135384444041134699e+00,6.914290516055168201e-01,6.066750600382232461e-01,5.494959676489837852e-01,6.467645598525804118e-01,7.938036490947218971e-01,9.068278142921046836e-01,1.309675127356714208e+00,8.036825803243230482e-01,1.262661986965496919e+00,6.848123783359900685e-01,1.143097729142284358e+00
1.120290072058215847e+00,1.024836620121645669e+00,7.540814932065494913e-01,1.068778195442890100e+00,6.134979764769413757e-01,8.364568871310154030e-01,7.231085032799547951e-01,1.138779861342482880e+00,9.290125329464683501e-01,1.116630817511610640e+00,9.314592708437167135e-01,6.994451577174480850e-01,6.589231729175780705e-01,6.106821734969439808e-01,5.833511376133588833e-01,1.106832070720453531e+00,1.089116853029422405e+00,6.785373814244963775e-01,4.726636070553620339e-01,1.087182577611748968e+00,8.070721404244912689e-01,1.428013495387405074e+00,1.546149573213481121e+00,8.068255177663345989e-01,1.352881162474073085e+00,9.337558208993431696e-01,1.215236458906067574e+00,1.675344701714526874e+00,1.442052597577549999e+00,1.002523727463797698e+00,7.187948663606321675e-01,1.346618668297415278e+00,5.317098961308664995e-01,7.513293132218957782e-01,1.208599440847091921e+00,9.675999855752057677e-01,1.395230267620072517e+00,8.462296334638484963e-01,5.380844150794166225e-01,8.236049575644349696e-01
5.292003140510573855e-01,1.073648679927746485e+00,5.392181462948172355e-01,5.308374813320556607e-01,7.942649187669743593e-01,1.065152277385502444e+00,5.369742021476757721e-01,1.387037213724571449e+00,1.408504374378933166e+00,1.690212672085888324e+00,1.331787087852574603e+00,1.004029685495888780e+00,7.383721983678768197e-01,6.052275952849009988e-01,5.475503307778868400e-01,9.289202722327082329e-01,7.096108780750856049e-01,6.460919764288868272e-01,5.233930873707147713e-01,6.693711170742600025e-01,1.133651552198380763e+00,1.606896072742904247e+00,1.197458779219709113e+00,7.176039808455023650e-01,9.702761467175854415e-01,1.899203176293487560e+00,1.359084292847058117e+00,7.596863035267571451e-01,6.175391690575957604e-01,8.314157598100273550e-01,9.040881371125578658e-01,1.523380479488149586e+00,6.863323866167010401e-01,1.055826941543609232e+00,5.188579132825368312e-01,4.990755904077846528e-01,6.913483462783447386e-01,8.014565935311942502e-01,1.560606075324526998e+00,1.299964731452496247e+00
6.208679996192447703e-01,6.428324013147179716e-01,5.763883758355098363e-01,5.670120935653545358e-01,1.084399577839094908e+00,6.050609863204127192e-01,6.771530663474836231e-01,7.150685522994566501e-01,1.058330316380559522e+00,1.716368864262284077e+00,1.370457863865325532e+00,6.464861628715227182e-01,7.054259209961807331e-01,6.430548776457901683e-01,6.174285240437944466e-01,8.089903103231925741e-01,1.319409605541253194e+00,1.011214902384952596e+00,5.680778189738286965e-01,9.059748000786655986e-01,8.066172322976206122e-01,1.114183958494827653e+00,8.015419410005309997e-01,1.036828603340582022e+00,1.605811850505573402e+00,1.165187792999555771e+00,1.014936518541936783e+00,7.724322904656730771e-01,5.433321976738295644e-01,1.134292863766009907e+00,1.139591691430478004e+00,1.026086289621248149e+00,7.372598970510040317e-01,5.389897352293505639e-01,7.592380351712462172e-01,6.314276343064345598e-01,7.385871577968771140e-01,1.637978030988761047e+00,6.817966677070126380e-01,1.169414181402365305e+00
5.489183485790505301e-01,5.839800569617017434e-01,8.755733271336542112e-01,5.982214555893441421e-01,6.440069136559524177e-01,1.357664656543608572e+00,6.845657205284746416e-01,6.394458402793841145e-01,8.708369094480782335e-01,1.456907926459507951e+00,8.493919485251784085e-01,9.744924375024506258e-01,6.968653034750924569e-01,1.083131296713397029e+00,6.615334958823957390e-01,6.737212468117180775e-01,1.164397705480302747e+00,6.788756992683687708e-01,5.861349749085377203e-01,1.429684809719756533e+00,1.049652523184174457e+00,4.647309492615817050e-01,1.078507653316004289e+00,1.564130193136877622e+00,1.082056977054252300e+00,6.294826821127164074e-01,5.745540975118315075e-01,5.016302464983994902e-01,9.957837453831456243e-01,1.234848140903231695e+00,1.703824649159876525e+00,1.836482475399456860e+00,9.862990209770483574e-01,8.207139794736065808e-01,6.761938260930159261e-01,1.041183561511091371e+00,1.160489636459606011e+00,1.263825631922883996e+00,6.903175232111501414e-01,7.343615321317797928e-01
9.307601113385043368e-01,5.872508114748161701e-01,1.427912270109411574e+00,7.220864696041862096e-01,9.790241538529149690e-01,8.547386930192760746e-01,9.604188895467518083e-01,1.487637052375428981e+00,1.357202959558223787e+00,9.197944237713928661e-01,1.032460246977552343e+00,1.305832865601576520e+00,1.286363807143261040e+00,4.155958856979379279e-01,4.555659822480057075e-01,8.446293901989180286e-01,6.397381860079851545e-01,1.491916068819832741e+00,1.006229857843611963e+00,8.616129842961735008e-01,1.307456646940532208e+00,1.560423519621580546e+00,1.660993152706703446e+00,1.244143651795011518e+00,1.209820305149498232e+00,5.527093787192697283e-01,8.231438802328395754e-01,7.162262234628429258e-01,1.468996392656326755e+00,6.969631398435275349e-01,1.815597589142159629e+00,1.471907367922803411e+00,1.478965462271802034e+00,7.155280474231487942e-01,1.018499293137661965e+00,1.643808664701099431e+00,7.851299464730819855e-01,6.309875831958474679e-01,7.267355684452713183e-01,6.186831001167080180e-01
1.727160931895367568e+00,7.586341423167829445e-01,1.552555087788622945e+00,6.097763018425284010e-01,1.173531312442455343e+00,1.193949341190556845e+00,1.089576701472050324e+00,9.624344249239713545e-01,1.460544720583500489e+00,7.021791872128418932e-01,7.997936554918430030e-01,1.445291098193183466e+00,1.698431943287767254e+00,5.945127988046471357e-01,1.396673245896375093e+00,1.331729600680871650e+00,1.272288194150798191e+00,1.019728001434928144e+00,9.305591958626727722e-01,6.659252671242332777e-01,7.090876150082532359e-01,9.097382837135684630e-01,1.589614225412925075e+00,9.310810888963394483e-01,6.777690334775368086e-01,5.316505547127853282e-01,7.182987271780084670e-01,8.611171047258354694e-01,1.457024761148669967e+00,7.048038288479874236e-01,1.247338480059375199e+00,9.426376992613512140e-01,1.521152445951484022e+00,7.077252689899145022e-01,6.079784107955383821e-01,8.004133275042051299e-01,1.702095335893640371e+00,1.818514683876383486e+00,1.674307588177692319e+00,1.634275815129936138e+00
1.900367790168555615e+00,1.367591134760500982e+00,6.475403775518496774e-01,6.096774466864046671e-01,1.028195815453982975e+00,1.038194722377128176e+00,1.726444557195226270e+00,1.479055357475845600e+00,1.180615776491879210e+00,1.359262457014085657e+00,6.991345079363855408e-01,7.374576571538316028e-01,1.201036464917380808e+00,1.372441871030740890e+00,9.851823647125078631e-01,8.791564399569613553e-01,1.599444851071162743e+00,7.533557605623167897e-01,8.691893027243573489e-01,8.924662343694969024e-01,6.691824808778565892e-01,1.488905806738592741e+00,8.138491126211147009e-01,1.283837699589313930e+00,8.362473720826755219e-01,1.375938947010872049e+00,1.523525190621035419e+00,1.196492572446870462e+00,7.408596901730060136e-01,1.519840720817364987e+00,1.626860485771737475e+00,8.826745757121251534e-01,1.605773399398689572e+00,6.221126482765095833e-01,6.020093834165705093e-01,1.216424039884982378e+00,1.189244380528304612e+00,6.986010597502615438e-01,8.545753123393942108e-01,1.373837310419768309e+00
7.948352006796010061e-01,9.487111407867002688e-01,9.407736867136792247e-01,8.111749275048224517e-01,1.111710217985784066e+00,1.446644926142165666e+00,8.111941120402167416e-01,7.035423586000957297e-01,1.389346738324017672e+00,1.299026801442035195e+00,1.265527125160442079e+00,7.719466707875587419e-01,8.200992745749710044e-01,7.125698118458455577e-01,6.287821998556445413e-01,8.398021190545373882e-01,1.074153837002726597e+00,5.885513586200010749e-01,6.889066445073230849e-01,6.356928782835509217e-01,6.648178931844369588e-01,1.119835420080094623e+00,7.946331198430730547e-01,1.342350768436883612e+00,1.698688973593144969e+00,1.167221480686614576e+00,5.921927777384938807e-01,7.611350619962840014e-01,1.200298496085097311e+00,1.039188645589552706e+00,8.409267904768927826e-01,4.164606734735986082e-01,4.740115301168853490e-01,1.139183942739637967e+00,5.864974938635624246e-01,4.844285124344929749e-01,7.288092287056806562e-01,6.238110551497174638e-01,9.556416440550574709e-01,6.032798747084793245e-01
4.526248272845725396e-01,4.639539067266256755e-01,1.191246525000362322e+00,9.231740306697454601e-01,1.232558464086933370e+00,6.764725915108982246e-01,7.427275428908087784e-01,1.298715594930546890e+00,5.940221768276936487e-01,1.044135821091116245e+00,1.003106141036266274e+00,6.364780630181794407e-01,5.838277855846109032e-01,1.035083993593578278e+00,7.046213886161186712e-01,1.155395943832410843e+00,1.602924072166143521e+00,8.361435224578649406e-01,1.499082628194476463e+00,1.348212119177775836e+00,7.715327648884359180e-01,8.615773507476227611e-01,1.093031379737122277e+00,7.411557138011730661e-01,1.544074289767792818e+00,8.416804427607362804e-01,8.127905893319743447e-01,6.930872829278968972e-01,5.191954654351641496e-01,8.161602733361811302e-01,9.215220893707826155e-01,9.343355606945654701e-01,1.029790702231468957e+00,1.314924399040264813e+00,7.657946511461337646e-01,1.051055401003902379e+00,1.190852749917887810e+00,1.586105418367409925e+00,1.167356868751226573e+00,9.352569810878146317e-01
6.479168594710641438e-01,4.526884619692050360e-01,1.384361035573619558e+00,1.104933920210434906e+00,8.874780493011108495e-01,1.266384536156482499e+00,1.126587584397837905e+00,1.664118965730984501e+00,5.331057122020029793e-01,1.590987786875307730e+00,1.586240513731775215e+00,6.615529777505331221e-01,4.987650115208466794e-01,1.388738594219751654e+00,5.182434461339099352e-01,6.085134758694094037e-01,1.144152641074703824e+00,1.322670865664917539e+00,1.060337715992636154e+00,1.117901839696177291e+00,5.486106583498066014e-01,7.638477867712440972e-01,7.203888977961036000e-01,5.689529730284690334e-01,6.209312932870715285e-01,1.117296777922509143e+00,7.110416940245188888e-01,1.001365604624987471e+00,4.325210924669465884e-01,5.533871820973035316e-01,7.876592086643452451e-01,1.362484761294735502e+00,1.032283168159418674e+00,6.853895218898319319e-01,1.122452236228625777e+00,8.069357150706624182e-01,1.215800978939392207e+00,1.103560969975247108e+00,1.473814458220880530e+00,7.159263977777232668e-01
