1.411020589263655811e+00,1.451309234331028986e+00,6.475992357001082445e-01,1.713686406163054121e+00,1.520422510148807360e+00,1.263818021950571913e+00,9.546477619073474585e-01,1.946955023492558334e+00,1.642200167847212233e+00,8.212974531901627850e-01,7.326798599665803602e-01,6.928250380336793413e-01,1.481807646032806014e+00,1.201828176629769374e+00,4.382598278815535431e-01,6.305307998409351855e-01,4.033070554594002100e-01,5.054919985632122525e-01,1.381897606439880466e+00,6.480332644836248601e-01,7.805358949493887977e-01,6.426743709285478445e-01,1.211745294400905282e+00,7.066032476681390895e-01,7.921068320200128632e-01,5.580287095510507722e-01,6.182688120894256345e-01,6.820382334532574253e-01,9.840511266743144914e-01,1.485919853695844894e+00,1.580430382533501987e+00,1.610382696045313144e+00,1.366098105478336988e+00,1.586558980322319901e+00,1.673159800955474896e+00,1.102815195681299931e+00,1.769710073500184944e+00,1.349700536660490835e+00,8.884861994778533445e-01,6.760963240934889651e-01
1.371062587234208596e+00,1.619712411019248011e+00,6.780495456520286846e-01,6.906341596270426653e-01,1.163449938390353600e+00,1.346204569946327201e+00,1.178322056121464012e+00,1.588557836982919413e+00,1.428326912975247387e+00,9.639879195576929183e-01,1.345135670009444562e+00,7.557378180424341174e-01,8.331671674044338616e-01,1.171248575732176889e+00,7.723091654532735495e-01,1.345604583855270819e+00,7.795270114817648421e-01,1.131841904268197085e+00,5.582015588653720384e-01,6.699687018600529731e-01,4.613700605685354117e-01,1.012312544134167824e+00,8.903293651637728123e-01,1.117609549429375848e+00,1.108642228745708280e+00,1.153543541766725244e+00,9.567663496550684599e-01,8.033425356666573647e-01,5.070637992532198712e-01,7.821201524281261586e-01,6.391671944716675879e-01,1.280878926828484587e+00,1.281861063904699005e+00,1.816554553308151743e+00,1.174587211202935633e+00,1.135947795386365478e+00,1.086348822900788491e+00,6.554237008615899640e-01,4.902539073899287447e-01,5.179843919678054354e-01
8.331803130419351833e-01,1.593988092613309426e+00,1.225202158681574893e+00,6.816867594690736443e-01,8.684136515412308466e-01,5.466572799003694971e-01,7.997149034886180674e-01,1.440968919333077025e+00,1.396992481505252570e+00,6.735185993082423161e-01,8.847148892989286084e-01,5.447272131777702864e-01,8.641303328049999566e-01,1.041150070519963888e+00,7.324044322665219653e-01,1.686841024561683167e+00,5.980964501786992793e-01,7.028111082712519275e-01,7.655990956935289082e-01,1.220010435341989607e+00,5.868352723168629437e-01,4.675480813557195692e-01,7.110785321736753373e-01,8.451740618582762599e-01,7.868329281042881762e-01,1.467741473195927515e+00,9.340453634860240717e-01,5.257617471912156004e-01,5.762756330237854829e-01,4.925927267919452679e-01,6.814604500719957381e-01,1.466139547763375628e+00,9.342077059251900906e-01,6.422677960458081925e-01,1.271759335750806796e+00,8.902185015504775478e-01,1.006516248930947821e+00,1.495776796541067544e+00,8.809328419342514760e-01,8.923817055705008938e-01
1.711746041795802364e+00,1.820921579789634759e+00,1.425661563064624993e+00,9.570850095283848225e-01,7.376181237995698137e-01,6.493127295934181253e-01,1.512557152112153913e+00,1.386833271979614146e+00,6.637262519111604142e-01,6.536580791310251382e-01,1.245054442629524694e+00,9.098802577155152838e-01,1.501052243810869324e+00,6.907396825958216358e-01,1.552146613577250589e+00,1.099115059889583357e+00,4.967433161391589524e-01,1.261141503658220309e+00,8.487879562791232901e-01,1.361137951214417052e+00,6.997191627993712970e-01,1.419893810997195915e+00,8.023467413754481470e-01,5.615839737492802630e-01,1.031676195437134513e+00,7.522568389737709360e-01,1.390860600135191305e+00,1.706594521239417572e+00,1.446549614121727778e+00,5.746406893660179760e-01,5.823066488016084286e-01,6.771332000317694666e-01,6.818684902681202420e-01,7.238379357509030498e-01,1.428501132693270836e+00,1.624579178545332514e+00,9.087631173613682778e-01,1.625777225700033579e+00,1.362450704160188986e+00,1.339560779661921108e+00
1.079442536357381410e+00,6.252879360128357211e-01,8.722018771699484585e-01,1.441474202383348224e+00,7.500735210339755099e-01,1.227509165863651885e+00,5.413829026517729126e-01,4.033430825831991751e-01,4.155076065373924377e-01,1.002393679773826429e+00,7.654084673622958412e-01,1.157639699172888337e+00,1.155774870352119121e+00,8.826999238977043527e-01,1.600479082296918154e+00,1.258030410295210011e+00,5.146506513016263495e-01,7.489916615126520627e-01,1.271031431793977484e+00,1.419178090958887140e+00,7.429363506530544115e-01,1.187178564095076938e+00,6.791333862909432195e-01,4.397419285422693447e-01,4.755026856345817565e-01,8.717168800855088495e-01,1.153953247091714873e+00,1.259799680359159790e+00,8.093513039964289613e-01,7.699785601320539019e-01,1.025518156123631286e+00,5.209810921320939814e-01,4.176245565970199691e-01,6.743296731016736878e-01,1.496172233577242050e+00,1.831647797134927202e+00,1.426978019715984036e+00,1.263574059378556047e+00,8.003034948773336543e-01,1.862574011197804635e+00
7.636901424396964622e-01,5.547199367005075654e-01,8.990946890058639784e-01,6.763270325455676968e-01,5.854477312727480731e-01,6.986526613057129076e-01,1.422768357758397162e+00,9.864903683174506277e-01,5.679304437581933485e-01,1.302227486821729840e+00,1.632677493257151946e+00,1.255522006454379502e+00,7.298838719016854659e-01,1.511481751754259140e+00,6.285486940312078330e-01,1.089104424575432439e+00,7.284952642406959944e-01,5.691256779046741654e-01,6.813195326942584895e-01,7.051353447729978852e-01,6.767721462688880418e-01,5.635339572845445844e-01,6.225790992382637112e-01,1.082306077360498886e+00,1.196932424418535978e+00,5.931666798859193124e-01,1.164011619053294311e+00,1.293965394702188743e+00,1.640723879089596160e+00,1.020516781565943276e+00,1.220873448102867576e+00,6.601302674564819561e-01,7.821763140705372264e-01,9.233223082287419503e-01,7.262959164238566023e-01,1.228739769603119703e+00,1.284195465511509759e+00,8.685989398345739243e-01,1.781531445696557858e+00,1.562093934256716832e+00
1.700155351040387952e+00,1.599602860736596188e+00,1.463566867408788941e+00,1.128426962614250462e+00,7.093887525350502932e-01,5.740103742249653695e-01,1.220485171509469779e+00,1.297752429184064527e+00,1.276505762614902117e+00,8.730978019425728043e-01,7.537784826226139323e-01,6.813545384846867448e-01,1.241601879372911332e+00,1.066543782365491744e+00,9.411983785706262706e-01,1.292664521655818799e+00,1.476327042626241814e+00,6.274029882128933089e-01,7.693728023487669265e-01,9.759153013164096890e-01,1.355960513678289958e+00,1.118739197203409530e+00,1.202988606008138506e+00,8.279170791230685555e-01,1.003917811882263811e+00,6.783495198713895835e-01,6.067258695123988188e-01,6.090224949554964295e-01,1.772747840236802208e+00,7.179050176094887714e-01,1.379022955017560559e+00,8.107163492528025595e-01,1.248430258964300599e+00,1.210472379390973519e+00,1.258792027692754223e+00,1.196744614871650292e+00,9.113260037604158370e-01,1.714381548522711407e+00,1.249330867752502128e+00,6.504553974800943994e-01
5.823914071989813035e-01,1.246280491069141405e+00,8.719843171194570086e-01,7.673963707675197643e-01,6.422237737580803740e-01,9.817356607728532358e-01,1.034285104594893978e+00,6.251863284357495054e-01,5.542721676237671868e-01,1.351849385999545072e+00,1.280257433453702465e+00,8.641120516626631387e-01,1.296469464883742484e+00,7.267767010917044468e-01,6.956642503913043063e-01,1.242347583456906657e+00,7.284888089077143913e-01,1.245934714786019359e+00,1.000619327345397380e+00,7.482391561420761450e-01,5.942596010488980784e-01,8.547676613099141063e-01,1.344625669677051327e+00,6.170793175035057532e-01,5.466130045102723933e-01,1.249032735505836822e+00,1.142117238132463353e+00,8.097232416732159654e-01,1.466274226768417233e+00,9.688072954165666273e-01,7.530135017046004631e-01,1.111478155569125770e+00,7.723366954919343996e-01,1.029956290483854842e+00,1.649383516341604627e+00,8.274407939744878870e-01,1.189446729081007792e+00,7.133862390690710598e-01,8.651743911773870366e-01,1.109398620172934224e+00
6.678953008384876933e-01,1.362038458214891001e+00,8.910645240764578645e-01,1.094269134513611741e+00,6.900649612906627484e-01,1.318111865323318588e+00,9.306401776078937482e-01,6.096981926958184861e-01,9.547549377831633377e-01,5.086784343905030870e-01,4.773547607603403908e-01,1.186784135461441902e+00,1.033703805825224809e+00,5.924335194795957715e-01,7.221662467779070838e-01,1.314033937471596802e+00,6.858440491121898797e-01,5.261973625920904896e-01,5.214474466689982268e-01,9.134671859453485920e-01,1.284039846890199454e+00,5.426897484827465368e-01,7.211059572677125384e-01,1.325166689303595158e+00,9.246901596475256557e-01,1.635748837270199596e+00,9.372220462467059088e-01,7.154774913369962297e-01,1.169872847584703335e+00,6.041718064841200553e-01,7.300285250961052741e-01,1.007757566930034487e+00,1.383589997949905337e+00,7.021478766435588215e-01,1.575517745009906267e+00,1.259524016358166909e+00,8.370369124586803933e-01,1.357301758269077174e+00,1.350574021928622415e+00,1.002320180370065872e+00
1.592165057173412723e+00,6.597670109072670819e-01,7.318394144743007868e-01,7.262498398171426395e-01,7.165560626732387917e-01,1.129370322487259326e+00,1.445633614335263273e+00,1.076304386700812854e+00,9.026228914872376219e-01,1.227080374944016006e+00,1.490748091432087419e+00,1.186888801513736658e+00,9.042158851950891085e-01,6.949819592550761094e-01,5.181735489926947436e-01,5.319021680214980341e-01,8.364945459999171273e-01,9.107087267273333842e-01,7.524339263573176506e-01,1.433635143727315597e+00,1.261887148836192019e+00,5.827348178240936427e-01,1.431141891124468435e+00,7.158786958114266019e-01,1.756472459868077873e+00,1.302652385435344451e+00,5.584215375507859402e-01,1.544322880307995360e+00,8.374845680422854377e-01,9.645953346319220412e-01,1.672471954389959103e+00,1.499473236193931358e+00,1.456126960863908693e+00,1.779840175865346819e+00,1.163070540004443432e+00,1.765640317626218758e+00,6.989521923256648561e-01,7.045346007203117100e-01,7.939203900863690544e-01,1.533449903128580649e+00
9.718241021182189021e-01,1.618854926445807862e+00,1.414310908988800408e+00,9.517385911618658767e-01,1.203756822408401872e+00,6.961581084510042317e-01,7.892467277979221540e-01,4.766513886075422479e-01,4.160352703720923695e-01,5.397216914611575600e-01,1.038851946641175861e+00,9.852246092209104855e-01,9.461731522948652051e-01,7.286110778133231269e-01,1.099542374012928203e+00,1.035995097712378632e+00,5.312949021310305886e-01,6.488391687766722482e-01,6.695245328796771700e-01,1.171903690292559919e+00,7.543599799811167017e-01,9.915608469739212172e-01,1.049599377697622238e+00,6.673674487264843469e-01,1.226562953821060509e+00,1.136159623831751064e+00,7.066224077025010653e-01,5.503382121381594771e-01,4.472628200742622684e-01,6.383233700992346771e-01,6.454926662011363225e-01,1.306461226039114187e+00,1.280588143901697284e+00,6.334610414091046415e-01,1.733054806639397150e+00,1.651775284592474691e+00,1.289616921448087261e+00,1.341598785714261499e+00,7.986718794647252873e-01,1.276340762567917508e+00
1.265598068178502622e+00,6.473333937665065596e-01,7.163938130538187732e-01,1.805545065760740364e+00,1.334491459256536006e+00,1.920425590163892249e+00,6.649233622591151915e-01,1.050626892744731755e+00,5.313156947874787539e-01,4.762029182368818225e-01,9.774082199911043878e-01,1.339330453510714225e+00,8.093836180414536452e-01,1.362415385559062386e+00,7.289237013026945711e-01,1.217840069758465926e+00,8.028836266712017222e-01,1.152156389085596810e+00,7.616441132786053725e-01,1.519703186497860070e+00,9.137240844221834468e-01,6.326554817307443734e-01,9.039540417248048687e-01,9.965551799208756112e-01,6.186157066547413041e-01,1.042372021116791281e+00,5.460610308266771185e-01,5.481908202437933975e-01,5.951356907509134375e-01,5.820388677762033947e-01,7.289073612571178584e-01,5.175930132385607729e-01,9.482105418369423111e-01,1.390364669883461524e+00,6.215185203392290525e-01,8.372053361092679502e-01,9.215170419546558911e-01,6.783028970320150730e-01,1.221753538789524418e+00,9.320417145025345906e-01
1.148487942086122482e+00,6.908536931172438722e-01,1.137116456598260550e+00,1.854675909917869792e+00,6.013164916940408888e-01,1.883515222797490729e+00,1.749129330313582864e+00,8.750298750372105250e-01,1.267955829598381712e+00,6.761382741577366406e-01,1.228844712291230934e+00,6.678559369043055582e-01,6.847898725569157019e-01,1.350004896551548317e+00,5.866237044763319419e-01,6.759506815815545799e-01,1.695070058149718228e+00,8.264759820810828606e-01,1.257800070611666765e+00,1.619236628594658667e+00,6.451098431353291529e-01,6.120767293143011267e-01,5.119075521683645880e-01,1.340634617130347817e+00,9.912067077053806630e-01,1.659332147380251143e+00,7.255217999655233507e-01,8.335594903479087714e-01,1.297410944089071760e+00,1.267179426722332192e+00,1.627091910168265265e+00,1.130067896473705202e+00,1.453729394068191239e+00,1.543833858143828008e+00,1.410457951858860248e+00,8.007138215195566122e-01,6.317139190819588412e-01,1.645374679259326456e+00,9.678160998214987432e-01,6.932968322055391708e-01
6.929886549501805826e-01,5.872302404479455840e-01,8.485144841715022146e-01,6.843998742857907436e-01,6.380157168630163911e-01,9.267857195568193207e-01,5.461583900115954959e-01,1.339517230098595579e+00,1.181102719063380047e+00,1.107242890583986394e+00,6.683235479413005553e-01,4.498648155254328374e-01,4.767000213703410649e-01,1.153216393620503544e+00,7.725366589238819026e-01,5.768306162717383723e-01,1.421946593939850123e+00,9.742611690810948355e-01,1.232479707394496637e+00,1.458082181255077936e+00,8.706200007312844269e-01,1.663479160352091313e+00,6.134802615172151308e-01,7.591624415713683627e-01,7.570689995133189631e-01,1.127767274994485369e+00,1.449443257690568476e+00,1.578759266752952861e+00,1.746759616566597284e+00,9.092567408556636588e-01,1.145922518342706642e+00,6.825481582598350583e-01,1.811702117921830890e+00,9.728295114573518587e-01,6.089828800466486891e-01,5.398105083536497428e-01,6.350196347008653097e-01,6.323135962954585798e-01,1.194508858120197026e+00,8.383848143906950101e-01
1.530555106288408851e+00,5.730338245156807453e-01,6.517232414075930791e-01,7.282722958875353925e-01,5.131207620660861446e-01,6.024678598348160996e-01,9.986720682654012249e-01,1.105792579171676282e+00,8.386880718021852976e-01,9.186639090908848004e-01,5.764337360907806351e-01,4.769801182237076720e-01,4.813102812480974935e-01,6.425703974054197687e-01,1.179695872486116848e+00,7.302565065346531270e-01,1.117026425820359048e+00,1.343803137684141280e+00,1.296078542718603233e+00,1.042233193294810567e+00,1.598917250793094436e+00,1.399645436091305539e+00,1.019676003839843581e+00,1.144500771186382604e+00,7.029845410910416925e-01,1.271034746673012084e+00,8.352236366788291511e-01,6.428840991083795142e-01,9.884561354227526797e-01,1.354206179647168495e+00,6.140307958526641796e-01,4.816663174840867812e-01,1.075429031435247040e+00,8.228877335762786460e-01,6.322982756649453417e-01,5.874751982212080836e-01,8.567268255129472099e-01,7.052353374346163051e-01,8.275060955872174384e-01,1.099467765710226530e+00
1.605179315167648557e+00,6.652308400648418996e-01,7.161984167955637304e-01,9.661926270994769528e-01,9.482941285648692764e-01,1.421868637574705829e+00,7.969055207303711308e-01,8.782425882148957585e-01,1.485730793054283128e+00,1.114595799056112169e+00,1.026741769798140025e+00,1.013509131750343295e+00,1.426359799431260678e+00,9.572462063640468921e-01,1.190384387019150614e+00,5.765176421859140588e-01,6.916197433061344046e-01,7.452838870928182313e-01,1.577004784693839534e+00,9.677913510457544222e-01,1.526088618109890271e+00,1.640499839528265946e+00,9.368271024728701546e-01,8.970454502233171645e-01,6.858235304599253901e-01,8.207852731690700177e-01,1.255468611264798140e+00,5.267945162588252295e-01,1.708760412123017769e+00,1.573493068557610952e+00,1.314317981030668214e+00,5.649879415389482684e-01,1.137825804964240017e+00,1.345175545894877311e+00,1.187035071761086913e+00,6.641642081825661625e-01,1.208341507579349994e+00,9.094062078339012478e-01,1.527632892251219454e+00,6.043592107103697986e-01
5.921088629249763313e-01,1.241331821070496888e+00,1.286250885836548452e+00,7.934354293878986830e-01,7.009721301740415855e-01,1.073562213223526518e+00,1.154235694419999625e+00,7.479124196960172943e-01,8.082600593959801127e-01,7.406740944718240849e-01,8.519357454719720391e-01,1.318952991030303501e+00,9.688771641813406221e-01,1.414608944698269477e+00,6.621463480336092777e-01,1.436978556915507133e+00,7.097114897251716181e-01,1.095415434912698327e+00,1.481583639039956157e+00,1.211803051687555977e+00,1.029146964885021998e+00,7.500145875225118219e-01,1.258429033785360307e+00,1.215050883444512175e+00,9.960963905770890969e-01,1.398846925650109929e+00,8.062806460301609190e-01,5.964072191613952745e-01,1.484203214563767803e+00,1.089336152135220726e+00,8.610689075570017170e-01,7.108219131702903093e-01,8.609553024725168369e-01,1.315694202294699355e+00,1.290174537260045495e+00,6.604780304341925090e-01,7.566614998564630268e-01,1.170856100675119249e+00,9.301686341837800409e-01,5.996895987572983255e-01
5.226652067440767935e-01,9.793592301181354154e-01,9.592867797030106836e-01,1.093456951782197040e+00,1.351221706282817125e+00,1.189466657053338317e+00,7.929327812645169393e-01,9.465364266593181419e-01,7.625343510984395889e-01,4.628029741534889774e-01,7.296137240259010781e-01,1.126435031970854928e+00,1.635152424422792183e+00,1.513014178469074045e+00,5.138292643911035462e-01,1.576461471188725483e+00,1.049555637382408646e+00,1.525557510447026921e+00,6.269935917354356736e-01,1.137144643514528486e+00,6.981146045874713213e-01,1.050275733672453748e+00,7.569430940725195844e-01,1.006876061318719762e+00,1.761858516648980855e+00,1.209715951673174805e+00,1.479886578468523783e+00,1.025633864879291313e+00,1.068357916064499813e+00,1.221625432654734889e+00,1.960683891366115095e+00,1.311198849687415180e+00,8.111458715940549347e-01,8.359923606650547789e-01,7.484985858221128163e-01,4.724483453391218335e-01,1.048818197817358078e+00,7.677724076578404944e-01,1.100882808849029670e+00,9.443879375066331905e-01
4.713712962056184619e-01,1.160583780221067451e+00,5.636886536262037950e-01,5.301502268382304317e-01,7.852501074864959296e-01,9.970026289835085542e-01,9.581480018301491430e-01,1.371706372292853970e+00,8.028084441081033695e-01,7.142024318783405379e-01,1.402565925849140305e+00,1.247548994875612216e+00,1.088760297588045933e+00,1.080991491855906261e+00,7.615340452809489236e-01,1.466337175214477817e+00,9.794945323904484802e-01,8.583126873352266983e-01,4.256984213186041921e-01,5.398061639270316237e-01,7.202980140123124153e-01,9.634794927069542103e-01,1.014797339096739304e+00,7.318193527656589037e-01,1.208766288815378953e+00,1.754998097138413371e+00,1.876547716536616672e+00,1.489030785171314708e+00,6.387849478081661925e-01,8.716126297116025823e-01,1.992175178133042790e+00,5.543411791026178204e-01,9.230549752082877202e-01,1.204088363177378662e+00,6.899916034364572681e-01,5.135017620974943187e-01,1.493543364530850237e+00,1.797467046197823937e+00,1.404603796024638251e+00,8.405968030613172326e-01
6.443411416852584672e-01,8.298610167426759832e-01,1.678020466005500255e+00,9.467945817957512666e-01,1.351125070823783192e+00,1.328144592180308337e+00,1.303724839553738413e+00,8.142531781272183133e-01,6.428063676689624861e-01,1.137958379517584939e+00,9.594499622098976443e-01,6.783787597263015723e-01,9.664216535114094064e-01,1.168918780744880870e+00,6.528513510937952180e-01,7.252469711293056953e-01,8.964080560663360009e-01,9.251595866873129070e-01,4.889512216702862624e-01,6.400737002960994459e-01,7.552749007365606726e-01,1.436659855404746278e+00,8.571679278456773021e-01,1.247353989466213342e+00,6.948594270029325726e-01,9.714396087288054149e-01,6.802795951260591778e-01,9.475522148762844932e-01,1.286532434058837993e+00,1.793876460236103920e+00,1.693744629175664596e+00,1.179033628768732633e+00,8.976577603046308473e-01,6.334861206156915392e-01,5.745248871226091847e-01,7.721039926015593746e-01,1.159176076896998309e+00,7.069212120663049825e-01,7.994386787262232064e-01,5.456503469465067147e-01
1.475200560213240530e+00,6.454789380967732582e-01,5.929819578027786253e-01,5.444854366015375868e-01,5.108359851648607286e-01,1.016472858695707249e+00,7.170439952131222316e-01,1.005266039324796523e+00,1.126870620658408928e+00,1.336881950341496594e+00,9.026799707925341476e-01,6.224666461285901509e-01,1.704666579418095518e+00,1.259330424911988544e+00,5.932133702576853906e-01,5.078366260607592997e-01,1.178771942768145342e+00,1.202479163321431788e+00,9.558110551864101856e-01,8.190261218021447354e-01,6.840538651989828134e-01,1.566108092117106887e+00,1.387889812061155581e+00,6.977316000884925540e-01,6.306889404432234336e-01,1.229446339489256079e+00,1.416781774760363266e+00,1.431483120317790902e+00,1.538432307379490549e+00,1.037322608736426899e+00,1.476808243136822130e+00,1.080055143576816423e+00,8.232126718920473873e-01,4.587579304884795151e-01,9.354677811602847282e-01,1.109543217156942152e+00,5.020747597782088123e-01,5.360204918498273630e-01,8.620762896605984604e-01,8.748690615690311034e-01
1.685750011817605865e+00,5.693716593199432685e-01,9.904740396924117674e-01,4.948179355810965463e-01,4.463172961111106507e-01,1.004514362808141659e+00,1.102699255062583594e+00,1.545046911922450361e+00,1.668228717268007921e+00,1.403524841208877438e+00,5.928837972718894456e-01,8.025030830215467148e-01,1.431909826366504435e+00,9.255650364381055040e-01,6.286999724998401096e-01,4.468405700766345245e-01,1.158099127377677506e+00,8.292725570248828948e-01,1.426597474060106396e+00,1.582914786547364727e+00,1.051838922656353814e+00,6.572123990195321008e-01,8.629848581787569195e-01,8.600775727452107944e-01,1.103131921031675677e+00,7.621869285288577212e-01,1.709812385852564010e+00,7.207859558034923619e-01,1.322558459874976222e+00,1.484735437223115184e+00,1.255588421198277960e+00,6.129058247641981927e-01,4.635504566140914440e-01,4.583021247236577778e-01,8.923800119446358980e-01,1.463457583389130789e+00,1.117804437659062566e+00,1.225973620272877485e+00,1.291897646975024738e+00,1.210976883108968449e+00
1.200682669562559646e+00,6.135139194776714211e-01,6.165950768759171918e-01,1.199169675929843359e+00,9.481336207520183468e-01,1.135555615325756218e+00,1.155582401006210347e+00,7.163497960191822500e-01,1.576795227040681979e+00,5.985745538824654988e-01,7.719104785269477187e-01,1.524457194700634455e+00,4.365203948947901647e-01,5.479619780405430296e-01,1.161903970492055960e+00,9.623235089448731738e-01,7.271153351138298637e-01,1.101792029849084420e+00,6.959308291244157285e-01,8.804375563228393764e-01,8.437255319707823720e-01,1.787801229295554961e+00,1.849619801625309146e+00,7.146021623878797691e-01,1.179868215321089764e+00,1.349016900357651982e+00,1.293530912226301455e+00,6.959932592922890571e-01,5.603212909573396239e-01,1.235059675837154147e+00,1.103730660105870731e+00,1.637753993906142735e+00,7.976381521431286092e-01,1.267608358120302370e+00,9.150531615768464633e-01,7.346814518445290432e-01,1.158734057856082078e+00,1.120826873221934639e+00,8.864487089841899259e-01,7.401567987825357076e-01
6.888932996650337648e-01,1.069649375184650308e+00,7.876674517502971762e-01,5.499561519144697819e-01,9.002698499739466564e-01,1.591979817359397309e+00,7.185513208553456765e-01,6.991456002421395644e-01,5.734481511315084878e-01,5.885947568353914194e-01,7.739550888359376657e-01,8.748296063616972651e-01,3.633873436417159875e-01,1.168346689628620538e+00,1.707426877385947561e+00,1.449237171178327177e+00,1.316864869750720368e+00,1.156393316648059999e+00,1.518121809684656709e+00,7.022484366843423365e-01,6.115773558995768466e-01,1.717442870824130496e+00,1.170603903013199387e+00,1.112787647458691298e+00,8.857681337042602188e-01,1.252246573007101738e+00,1.619579728766810556e+00,1.742413545587322865e+00,6.424572769637952874e-01,6.610605933458771899e-01,7.290484441763417367e-01,1.000202715203076576e+00,7.538131014416167286e-01,8.648393900517283850e-01,1.375569964052424599e+00,6.400052059036991370e-01,1.513649066907297946e+00,1.506048074276660431e+00,5.639224136912828200e-01,1.386981030623562150e+00
1.216154948879266007e+00,1.389841478140949604e+00,1.095008273699658030e+00,4.348269208623593562e-01,5.104499522337051509e-01,6.473761733604904700e-01,1.380046872653192924e+00,5.264275127673859744e-01,5.726936414161379885e-01,6.649393316409620835e-01,8.349363468549761969e-01,5.902693177192815943e-01,4.475357944036454927e-01,1.273599084434050344e+00,1.298114378883689302e+00,7.565114827260337460e-01,6.397360328605545821e-01,5.200692820829068141e-01,1.515567458946632140e+00,1.582000534705131356e+00,1.411983606569808147e+00,8.499520274114029661e-01,1.740395208390924875e+00,8.000899645935679594e-01,1.610066963872502477e+00,7.401919986939641261e-01,9.252977498899033204e-01,5.316821896704295725e-01,6.088444568733605289e-01,8.590797121714652818e-01,8.130856605971069628e-01,1.304813155171313577e+00,1.387259954005205520e+00,1.305832715705451008e+00,1.376540381189010898e+00,1.015433810541774173e+00,1.400647988041018754e+00,1.818110859385177580e+00,1.124048844943305481e+00,7.566038449675739352e-01
1.487264562633684895e+00,7.842532953849410404e-01,1.221547548348805190e+00,4.852210296250049626e-01,5.713779101849889575e-01,7.273935064868960465e-01,1.128459694207790465e+00,5.019162491664846959e-01,4.763075572628110432e-01,1.455515063469906778e+00,1.203807967414793456e+00,1.021198339765549301e+00,6.164674777770956515e-01,9.321486470153652615e-01,6.996110863450841766e-01,7.624258110943302746e-01,9.635125573319067716e-01,1.290480764562424776e+00,1.215049381105525628e+00,1.073833175259437445e+00,1.185196636796563174e+00,6.683770308639677138e-01,8.623914522291941109e-01,1.333254846763085144e+00,1.397206448371679732e+00,5.625642898452325458e-01,4.797755653937200160e-01,5.915440229048619658e-01,5.853408823277712614e-01,1.118011585943470498e+00,6.850761727778836851e-01,6.800475760177507878e-01,5.792671712082879676e-01,6.387378320428496181e-01,7.314421142252410801e-01,7.992960310826696668e-01,7.222763291767860805e-01,1.129542038325747955e+00,1.050022780622973384e+00,9.494523253396314200e-01
1.104338111475005491e+00,5.624625834483160114e-01,5.180928638930963892e-01,8.024276952592421797e-01,9.061223095498087687e-01,7.956194280470036961e-01,6.020895443576587125e-01,9.285354510047512111e-01,8.633281009289978103e-01,1.485229155199107698e+00,1.410019653939942108e+00,1.126262912560586082e+00,6.483335862431401919e-01,7.787277579027799268e-01,8.396112859606503775e-01,1.020349647833452611e+00,1.277101155229578344e+00,1.483697431395511135e+00,6.203308858509914980e-01,1.387116062333324296e+00,7.901292915130327943e-01,5.914741462758449364e-01,8.575950232335470824e-01,9.929076067346047640e-01,6.881823486164909687e-01,1.260933956429865166e+00,4.983685160500487266e-01,7.152479498169599381e-01,1.132313479062186046e+00,1.406774889075606660e+00,1.064777698794878935e+00,1.577965777850549145e+00,1.634476260578590523e+00,1.033890716684860100e+00,5.083848080030100025e-01,7.912828725723446421e-01,5.372171568348943493e-01,1.034881060208906023e+00,1.359971414494113962e+00,1.304466158172001178e+00
5.863870999370202064e-01,1.227590555523086158e+00,8.644754478926167662e-01,6.472666012398536894e-01,1.554073638033389049e+00,7.163908158001581761e-01,1.288670376473233459e+00,1.055839973151543099e+00,9.065662002195039593e-01,1.153958534227524924e+00,7.321113880686687114e-01,1.256699189354819612e+00,6.436749194323914125e-01,7.373275825181103693e-01,1.236812740629661178e+00,1.095300250955826726e+00,8.587611743950150922e-01,1.323224929966007046e+00,8.816834981110743819e-01,1.463607094105127127e+00,8.752901163799788886e-01,1.688832202925824255e+00,6.520844652453686718e-01,6.844610540594464609e-01,1.124776683527981547e+00,4.698552171847067971e-01,4.045716583420068124e-01,1.311901605618341460e+00,1.481262331473323757e+00,1.293233025742254405e+00,6.206041801033896910e-01,1.029856789000228146e+00,1.551935914554098739e+00,5.721153634028420809e-01,5.162045140084479122e-01,7.048396098687043088e-01,1.171914438956151772e+00,1.202087955929620922e+00,7.453676969209355185e-01,1.611056887364016532e+00
9.929949169777342322e-01,7.607867727697487092e-01,1.246898110188686237e+00,6.387955947015581115e-01,5.970878868177413867e-01,8.077236116462069848e-01,1.066147881346495518e+00,7.075989432732640028e-01,8.110319550715275883e-01,5.692095975577561306e-01,8.232054083720716786e-01,1.335141684817042096e+00,1.176354080197712149e+00,7.024309346340855686e-01,5.770168639654685849e-01,7.263958978519996501e-01,1.112908386435792707e+00,1.083962915360591417e+00,1.640328697739912300e+00,7.719997705559280554e-01,7.344114566421549029e-01,1.460628711137138991e+00,6.880333770814438532e-01,6.041765280193087673e-01,5.030220144696577744e-01,4.890312568671576487e-01,1.034903473298242282e+00,7.695233890407708888e-01,9.436677053609456856e-01,1.141336967516390466e+00,5.846227593343402695e-01,5.752929435689734250e-01,5.736267999863795541e-01,6.439728607896044732e-01,8.241157173911406453e-01,1.399563471439363216e+00,7.056765560054393260e-01,1.468174712824145356e+00,1.022425818813647913e+00,1.167941817271259008e+00
1.772109621611219099e+00,1.713054350729743325e+00,1.582888506378112625e+00,1.122586215830823519e+00,4.698321110695150571e-01,7.037986762496043491e-01,7.208929488226377691e-01,1.231785497916172645e+00,6.694983287316023102e-01,6.002816987192017839e-01,1.835464206205601689e+00,1.574312427486745491e+00,1.756300955784739992e+00,7.890422671814549815e-01,6.271569335162409109e-01,5.679420988657476466e-01,6.136010964127212031e-01,1.322367134965321878e+00,9.457744006331988418e-01,5.426813046812031249e-01,1.260015546212514659e+00,7.418973794821405177e-01,7.532531613383932623e-01,6.494102316752314863e-01,8.888666732191284892e-01,7.492827085200108872e-01,1.150875954912137233e+00,5.714631206946032549e-01,5.490068368502384333e-01,9.994673897383108407e-01,1.529852459138245191e+00,1.151660944852330060e+00,5.179236130303106478e-01,1.389911885551919024e+00,1.151431298882312326e+00,1.030355924590136141e+00,1.010819446747319716e+00,1.474456038845136874e+00,5.351744152240011099e-01,1.461270795553309076e+00
1.763636887405535925e+00,1.683936017364547233e+00,9.599656852232768545e-01,1.388821948797971828e+00,6.992317397866441020e-01,1.390393328770546555e+00,5.960855195310093002e-01,1.482343989457131528e+00,6.405071458274533835e-01,1.776081113365258979e+00,1.761175317525131678e+00,8.342363359887023933e-01,7.802977971924924816e-01,7.572313393515260893e-01,7.034265009527094215e-01,1.249252274107798266e+00,7.693062487360174950e-01,5.597438161543683011e-01,7.456639643375037041e-01,6.932884449269700600e-01,1.037803339808315517e+00,1.129947847553439022e+00,1.559966129707103244e+00,1.820181913898701431e+00,1.729700147378537833e+00,4.992271037078608309e-01,4.557747836236930028e-01,6.540656024254628553e-01,5.674092176105430818e-01,5.984978813855279522e-01,1.707951306329245522e+00,7.044478132225491240e-01,1.172477179229989952e+00,4.890292124932533735e-01,6.895019025736996987e-01,6.713574304060718756e-01,6.630966751415995342e-01,7.835169321458692604e-01,1.206941018674547283e+00,1.736574692327398362e+00
1.033309207875414470e+00,1.572741424098808238e+00,9.317741964860006831e-01,7.933790833665906872e-01,6.564691839249042760e-01,1.565206831212260896e+00,1.045496051599383858e+00,1.550321445581258173e+00,1.611624257054361298e+00,7.876189743503658747e-01,1.074077581165503892e+00,1.501968490736273365e+00,1.595535349236561817e+00,1.354315832407385400e+00,1.136081114501696909e+00,7.654345208448610771e-01,1.053668606259353657e+00,5.131175413222984760e-01,8.833726713471918845e-01,6.543710979001083894e-01,1.448321785789526972e+00,1.045265614722576730e+00,6.848699747653183012e-01,1.013086668651932643e+00,1.874589252936330164e+00,8.890636914126798240e-01,5.259158370003750305e-01,8.964513167661846138e-01,1.134890329954815202e+00,7.748678655873876275e-01,1.311600419116503158e+00,8.372365641200856246e-01,1.304725955711273144e+00,4.350590807498398438e-01,7.082628219301654315e-01,1.244878278494135460e+00,8.526606567606701548e-01,1.734250035825538827e+00,9.428407678924282109e-01,1.339801081575650477e+00
6.221137483147451963e-01,8.616550581334113668e-01,9.103693070331958515e-01,7.276104420609899037e-01,7.328120564585336449e-01,1.108495778510139251e+00,1.569507238358388346e+00,9.276386058518641953e-01,6.256909848828239307e-01,9.696957157850991660e-01,8.394596846987010252e-01,9.910661380375386242e-01,1.479924127835192893e+00,1.148182117164735505e+00,8.835509193767039360e-01,5.168002461849354745e-01,5.874959207686459850e-01,6.714380970213126298e-01,1.023489193612959092e+00,5.482716705141875702e-01,1.293404927490712453e+00,1.509401793906599565e+00,1.329931430725645791e+00,1.291949193194148027e+00,7.569850750493862801e-01,6.015561637094430925e-01,1.564408192036190082e+00,1.505958766172831087e+00,7.350770306955252131e-01,1.524911979361273984e+00,7.018716240886615498e-01,1.637415134976014430e+00,1.474797585214094653e+00,1.187370752741522040e+00,1.328444282263433474e+00,1.457374716384319369e+00,1.026955942693850599e+00,1.038888191593175803e+00,8.036470743630479419e-01,6.022266922297271341e-01
7.905447614011406055e-01,1.000728471425450072e+00,5.787942972187725132e-01,1.063438126557099350e+00,1.252338101624502986e+00,1.167429785731529890e+00,1.548053975920172132e+00,8.712019952045092497e-01,1.409548711056794801e+00,1.170772977568053097e+00,1.475320904245327691e+00,6.380635391319783301e-01,1.039535442562741219e+00,1.540809846347489076e+00,1.420527100095509754e+00,7.316149975512528103e-01,8.378359337322047740e-01,1.098309605815221524e+00,9.548115130321235267e-01,8.760199242640732686e-01,1.675426436807837538e+00,1.032126739359302325e+00,1.738080651114005892e+00,7.107783984580823278e-01,1.734413954053048768e+00,8.069339811796401030e-01,1.280920086522278512e+00,8.161957163656307079e-01,1.486672016067257740e+00,1.171054270794287255e+00,7.781345986979691931e-01,9.190813709142695576e-01,7.162506671858728247e-01,1.496404843331288426e+00,1.253289846467461111e+00,6.338137195416359004e-01,6.776009029412052298e-01,1.324983373577557133e+00,1.321024132732209644e+00,9.555286342650215481e-01
4.612573922261800075e-01,9.529016224096203969e-01,1.414473469110561599e+00,1.257350971351367752e+00,1.465682502709734658e+00,1.271014680736986646e+00,1.455984883016669063e+00,8.184199633807754948e-01,1.729117433662978653e+00,6.304822027492517078e-01,1.319903964741829583e+00,6.432639857884608903e-01,7.202339090193730087e-01,1.041366376813327665e+00,1.320015566473955904e+00,1.511680666885620639e+00,8.225344964497462996e-01,9.528578932088296316e-01,1.323617444384028730e+00,7.453266471549973016e-01,7.670831265085880091e-01,1.410179950353134926e+00,9.267641256454240972e-01,6.427061739369888116e-01,5.857596944420603302e-01,8.403791487745848610e-01,7.988566730417843154e-01,5.089757305932253173e-01,5.117724732165407353e-01,6.576561143462894554e-01,1.004437127996737456e+00,1.842868338164575182e+00,1.244504446844553414e+00,1.501184489899302310e+00,7.521964815872134169e-01,9.895167061621905624e-01,6.594290676610201629e-01,7.410308095392493799e-01,1.152235860928802591e+00,9.722868692835876514e-01
5.845784304219037164e-01,6.439740475096972228e-01,9.330640422236775589e-01,9.204167871407215040e-01,7.558142594175900619e-01,7.308751330461153994e-01,6.993141102684171662e-01,1.687603002602256597e+00,1.597556352617179654e+00,1.030021862063538851e+00,8.659732357082721155e-01,7.121920702679341852e-01,8.632996340810233926e-01,1.552109008137398494e+00,1.771772348579037537e+00,6.695702010372385216e-01,1.482772697081655711e+00,1.734534412909256584e+00,8.421431868163335999e-01,1.021912129747038378e+00,7.392939523210962927e-01,1.576457727358969052e+00,1.069724260800561488e+00,1.436717911182669338e+00,9.911034928803458266e-01,8.936416021879020066e-01,1.280058482051729785e+00,1.418412946332013869e+00,5.472877866940498714e-01,1.001344353127132436e+00,5.562161246888608357e-01,1.807727317137811651e+00,6.673389943254214307e-01,1.099504985211479546e+00,8.074357941289380669e-01,1.630871152988666806e+00,7.865604079185419817e-01,9.137976414835622396e-01,1.246656138226921451e+00,7.573364916669217406e-01
8.140306556839800312e-01,5.572484371821987414e-01,1.079036056301082125e+00,1.208636131157962312e+00,1.286314479191478011e+00,6.103939066610164499e-01,8.706936057040088883e-01,1.530365672481815098e+00,6.023617508499606865e-01,7.631489342719300906e-01,1.513525299524121293e+00,1.356723586237962742e+00,7.447871835361529191e-01,6.278643449336581694e-01,1.934313265757668265e+00,1.900932967637943838e+00,1.403000639165177921e+00,7.554900539843352192e-01,1.205958877517636196e+00,6.842404638333740019e-01,9.631428579716454497e-01,1.243947443012285436e+00,6.970543931997932319e-01,1.267792891699120794e+00,7.489176503458148115e-01,1.151121792788891929e+00,8.449128603009078420e-01,6.635750803626843108e-01,6.414103581458449055e-01,6.509958719195360066e-01,7.260509565739733384e-01,1.227585664220488315e+00,9.194270000965719669e-01,1.145431563371183126e+00,6.418376160846340772e-01,1.633341115777450225e+00,7.710883040139546729e-01,5.826228479765070967e-01,5.440924931973009082e-01,9.886165626790106575e-01
8.940034288557640041e-01,1.363156486090346231e+00,6.888734786167123314e-01,7.498303380661447415e-01,1.550313545329149445e+00,9.061542311667639682e-01,1.453992514169009320e+00,9.731515734796530870e-01,6.687023082744505409e-01,1.400772953460136527e+00,1.373168221109169584e+00,8.898905147604833088e-01,1.320327201239031245e+00,7.740334259020962282e-01,9.140543811301765631e-01,6.511372974632972932e-01,5.302223577429754364e-01,9.281570531210411312e-01,9.754618969386008587e-01,9.583989685220597465e-01,7.455490293193224316e-01,7.641177136571835060e-01,7.409622482467045357e-01,8.977003677088030154e-01,1.029031655273772605e+00,1.380655989013918727e+00,9.060436404007288225e-01,1.418847968478312405e+00,8.268520997551599416e-01,5.777385008343887129e-01,1.793785098215423979e+00,9.919284468774035579e-01,1.248272126341174681e+00,7.599845124377913042e-01,7.646536318855038372e-01,1.172785396959717508e+00,1.205667942125636216e+00,5.907805618248112012e-01,4.923057409077077340e-01,1.143352690296122631e+00
1.182293371988038855e+00,1.301227801854553112e+00,7.330237947319432346e-01,6.217529432657848965e-01,1.260691435596257293e+00,1.469620893438859932e+00,1.561405835891427341e+00,6.655254803463099833e-01,1.416004226634272500e+00,1.365419653827457003e+00,7.714705960653440719e-01,9.464333880596755844e-01,1.452374696011651700e+00,7.087531992211257847e-01,8.575052032624354004e-01,8.305137722465490979e-01,7.343135344455269387e-01,6.989689642863294861e-01,1.276078922233101709e+00,1.431753591332285414e+00,1.419929306581890094e+00,7.620818305416666716e-01,7.117480232174386856e-01,8.590713479574119127e-01,8.380957757147661225e-01,8.566925919708915371e-01,1.450297414627433223e+00,1.579718426833196521e+00,6.242016550882908410e-01,4.636211310781295225e-01,1.593704584262522150e+00,1.349068733610154780e+00,1.384415611962627191e+00,8.329540593037392249e-01,1.243998855713206231e+00,1.654180657222431572e+00,5.875419595548833085e-01,5.230565754181732974e-01,4.878588292743926691e-01,1.551579495261348862e+00
5.305353996949037088e-01,1.089997359960815038e+00,6.709430161068499210e-01,6.867667049528519696e-01,1.354365606034726444e+00,8.180075105030023552e-01,1.525692504869972765e+00,1.269051402733072376e+00,1.157488689957312022e+00,8.225826078775586581e-01,6.965706280597494526e-01,1.100354907846701202e+00,1.237378391061117577e+00,7.812923147335122387e-01,6.636311013184990060e-01,5.849764941048495315e-01,6.027063943156876213e-01,8.257970661061962980e-01,7.177731444181623122e-01,1.323747619824090505e+00,9.198231516867199087e-01,1.394527597958443277e+00,9.207855374517793789e-01,9.671116358701717930e-01,1.058235142716861255e+00,1.378672216987290700e+00,1.458104955996253560e+00,1.545976148888555723e+00,1.004207895469674927e+00,5.906302888160490649e-01,8.277138751963362129e-01,1.124851307085793062e+00,5.929701831831268866e-01,7.936864864870472047e-01,6.026508645183946689e-01,8.076028044604115497e-01,1.223057529803801113e+00,5.869411335245919847e-01,7.519531154789037553e-01,1.552910907132014184e+00
