6.760380813053614713e-01,6.921517363425306879e-01,6.463122898966359164e-01,7.176239378525681722e-01,5.404936369172297361e-01,6.466420513893136324e-01,1.655671438141799845e+00,1.409353763746183041e+00,7.297180557647884314e-01,6.377891799862573929e-01,7.028347846116281827e-01,6.990761920102499527e-01,1.755418175924840840e+00,1.221252514804985756e+00,9.632830313867131178e-01,1.361724440933656632e+00,7.608964004094720401e-01,8.386811582567360590e-01,1.323348282200888848e+00,8.493317132651790891e-01,1.209980340048218084e+00,1.160230557474537516e+00,1.396831996728464587e+00,8.854870199667689290e-01,8.544601969451636192e-01,1.131718952621836305e+00,1.048543957004783866e+00,6.474154672045356884e-01,1.334818418488471270e+00,4.712004785404784735e-01,1.476842729622313222e+00,1.450371642692789953e+00,6.698535022211186130e-01,1.285539859243870708e+00,1.317411610551109113e+00,1.033530848597945084e+00,1.468631112165793118e+00,8.024905521118621543e-01,1.140382609835738359e+00,6.040912030410452438e-01
1.374401136155723568e+00,1.313489320486975087e+00,1.242632415286961001e+00,8.469309485752579691e-01,1.925933332647382645e+00,1.859719175067072294e+00,1.235220148956420960e+00,9.414044481139824949e-01,5.693974512234614149e-01,7.653832221600498364e-01,1.033152768211363259e+00,7.392281080117232284e-01,1.302491928531932741e+00,1.266121905920198021e+00,1.572349705839209077e+00,1.022049808655112635e+00,1.511541148579539362e+00,7.555498687797623791e-01,9.669365260921332084e-01,7.004795009444789722e-01,1.245242646768947248e+00,5.997987206371672153e-01,1.104966924470151657e+00,8.429206569744817079e-01,7.090934881704500370e-01,5.692141616157631034e-01,1.176788059440216472e+00,5.941310539516462264e-01,8.015851017220844144e-01,4.661265238606417949e-01,4.712035976846071783e-01,1.171050134242861640e+00,1.050423163040007601e+00,7.152576607791443219e-01,1.094835536101445905e+00,6.229092428789829716e-01,1.089786562924295099e+00,6.888429423168983545e-01,7.906283421083648566e-01,7.242545976901874072e-01
7.861326119082741037e-01,8.631548442322007908e-01,6.697407734557333514e-01,6.070953450147227315e-01,1.830218878323517373e+00,1.274243624381581785e+00,6.280293350498105109e-01,8.662359175457364779e-01,6.027268060397211746e-01,1.748881118549397318e+00,1.645811945784134922e+00,6.427673663405667481e-01,9.131814432680100957e-01,4.928614572526251458e-01,6.181512676566041087e-01,7.510978045440392936e-01,6.313425191462178621e-01,1.428597205440806261e+00,1.041849487085074077e+00,1.438865138730945237e+00,1.384084280078547557e+00,6.038618866239087168e-01,1.250605024827649459e+00,1.567057694814631530e+00,6.855868926570415356e-01,5.258579538740761894e-01,8.830802184481004735e-01,1.332369927858942482e+00,5.096125189692131130e-01,1.042339670733385848e+00,1.628782679150710733e+00,9.618299351276452525e-01,1.313408454253890634e+00,7.529350357526043425e-01,1.607294808865497249e+00,1.462139693777714911e+00,1.271016238426688316e+00,7.439260754879538640e-01,1.329813298537518840e+00,1.317074183310187552e+00
1.451638627460137831e+00,1.140427369572516447e+00,5.789282416242034213e-01,7.008557342239402077e-01,5.966576079023189205e-01,8.068385149853026794e-01,8.070206067156362462e-01,6.129672663583279890e-01,7.149763543253053744e-01,6.793477900317931306e-01,8.359147566165929799e-01,1.495720882813405872e+00,8.889897624065189463e-01,5.278021930611206392e-01,5.483801193204136393e-01,1.360325842338583335e+00,6.682548858224487409e-01,1.492654174793559108e+00,1.493396377872325820e+00,8.791608885058569411e-01,8.023192647517988219e-01,4.796373475349745563e-01,5.160639876742557641e-01,1.191623088353940929e+00,8.837269234473181800e-01,1.388364621701055235e+00,4.692978967646116439e-01,6.306706324637725292e-01,9.674028555058293843e-01,1.272491214762688116e+00,1.427634117011355119e+00,1.318033998175085708e+00,1.224208827871243299e+00,8.858690150715445855e-01,7.905007813157167718e-01,1.221240897339284315e+00,9.877150158207336217e-01,1.632937009424360486e+00,8.887352388926492708e-01,8.140396040015238643e-01
1.436220356988642033e+00,2.147555184803695560e+00,1.393666138585204051e+00,5.600912284598084101e-01,5.190400204302696441e-01,7.145651601817576415e-01,1.006064871201121091e+00,7.532562050662243713e-01,7.010537532700608088e-01,1.178394978044656094e+00,1.145718652701745555e+00,1.511054867242922706e+00,1.379398153502342073e+00,1.624941953018938179e+00,1.517134365228681281e+00,1.244147444632670796e+00,4.857347854140095511e-01,4.531890551011440449e-01,1.187717122121595414e+00,7.703227365437069762e-01,1.328147656473532390e+00,1.005383788931683897e+00,7.159225218981596361e-01,7.821062039336769134e-01,4.468535898197122935e-01,7.568940633352830849e-01,3.810306549766512840e-01,6.334704855210770980e-01,7.246177361564605235e-01,1.222910734744232064e+00,1.694924222687450799e+00,8.979213010480552315e-01,6.297336385104688183e-01,5.217733192187915536e-01,5.934678740207810499e-01,1.317695385008717857e+00,7.364778393099533638e-01,1.117112753624662336e+00,7.832458946303834102e-01,1.218358659907356145e+00
1.850445017204544351e+00,2.004005046550987323e+00,2.193013250466770536e+00,8.384879131002360708e-01,5.430890809353299264e-01,9.661295596654005946e-01,8.234762399866948357e-01,1.234308113874737156e+00,6.046568714311212345e-01,1.510710535726056403e+00,1.103194456746739327e+00,8.851941267950331760e-01,1.198732334707964142e+00,9.298615058376229481e-01,6.389765160593368076e-01,1.229499713177328424e+00,7.472216706324906754e-01,8.511978361554753958e-01,8.941178912385491229e-01,7.341984998590074252e-01,5.746219805092890320e-01,7.214529559510871604e-01,5.381059096053193436e-01,7.244487307484893668e-01,8.107039956563560912e-01,1.181840756329048947e+00,1.188028393121234094e+00,1.475292360909991274e+00,7.262825322779162818e-01,1.274560361958488208e+00,1.568876032728354186e+00,1.334389271231239960e+00,7.820391421097007134e-01,9.477521288022723311e-01,7.928465788918768187e-01,7.402437163860769997e-01,6.514974578133923000e-01,1.075069005188522109e+00,1.319292689210328717e+00,1.538545519887974056e+00
6.434825777137479497e-01,6.195102810565593643e-01,1.192450465190709519e+00,7.526319481590009186e-01,9.758904470329766712e-01,1.104588201312906026e+00,7.492212091176049249e-01,8.546644693333056431e-01,1.075209452387919207e+00,6.745425527049967451e-01,1.354383064851577778e+00,1.234904645147168134e+00,8.279834114595344685e-01,1.339017995330500588e+00,7.294910342275996440e-01,7.039676865180822807e-01,1.410546303009731384e+00,7.181693373162011396e-01,1.089862779265500459e+00,6.724849815791181795e-01,7.080313322284672584e-01,1.512053323794637416e+00,1.540226628969671774e+00,7.257656405252067566e-01,1.385904016106053405e+00,8.877124669116545075e-01,1.305835077780358011e+00,1.056783416049037472e+00,5.777655385859191695e-01,6.192347440844184758e-01,8.615919635474367233e-01,1.347520110920788161e+00,7.116678056499470273e-01,6.626331291585245697e-01,8.209956522991866956e-01,7.463648318246450808e-01,7.523628686415019251e-01,7.116998794389994831e-01,6.105271538292621480e-01,5.858002900362322407e-01
1.395434110193899624e+00,7.446218049825542584e-01,1.799921474792998799e+00,1.057455371324098392e+00,7.856623029937982450e-01,8.642878375750330244e-01,1.078107285381654679e+00,6.642455851389699184e-01,5.578175425785921737e-01,5.702708610345729179e-01,5.453889001461933450e-01,9.368749074365739782e-01,6.217968264954166768e-01,1.044643883401770168e+00,1.188571934028934018e+00,9.850577933105123529e-01,5.585332584436459857e-01,5.082511147604331647e-01,1.488128668418983391e+00,8.637853329431254279e-01,5.880992138190910268e-01,8.100795115102088495e-01,1.302435157100021224e+00,1.109440546584632203e+00,1.444770589060435206e+00,1.470230397385833720e+00,1.375775738500118583e+00,9.176324918603414593e-01,5.847402117779531006e-01,4.886010452983222119e-01,1.065671217088512757e+00,1.400019053284025539e+00,1.677541705008686934e+00,8.103692870389949121e-01,1.381125926271065341e+00,7.897514450154827781e-01,8.480539569133918043e-01,9.348604285409317649e-01,1.936777621099002200e+00,1.362481448599826006e+00
1.682372799452232837e+00,1.487434534272414011e+00,1.344836461838445407e+00,1.327419128610799470e+00,6.617782855357352556e-01,6.343759843329072057e-01,5.521313348900761531e-01,4.863823623304432409e-01,5.563955327330967204e-01,5.100640298175771470e-01,1.217714483540913273e+00,9.656122062056574640e-01,1.180048234181183986e+00,1.453927379696486444e+00,1.342793938663737530e+00,7.950264574258013583e-01,4.654653416003105559e-01,6.015596811618865170e-01,7.490892154047117391e-01,5.395517433336576296e-01,6.523393942270226953e-01,1.382553877206445847e+00,1.031604757127283722e+00,1.409452794577773505e+00,1.481612801765889831e+00,1.212545075393767435e+00,7.545666435026890939e-01,1.186927718037997126e+00,6.886560631620316508e-01,5.509133264164275401e-01,1.419966319122663467e+00,7.360428726568939428e-01,1.519025273237155860e+00,6.228735750307397012e-01,7.487232806851742417e-01,1.037440085136594581e+00,6.206364512986135562e-01,1.092962488045456926e+00,1.920480851016374890e+00,1.349800340150734801e+00
1.117734227971418193e+00,8.733952735661639766e-01,1.316471619793273540e+00,1.038191006480323031e+00,8.481851486358994441e-01,7.605164953336985834e-01,6.877323886681132592e-01,5.891211805704947846e-01,7.508461246032742675e-01,4.387851536690431375e-01,6.920381377587205840e-01,1.506398935362893488e+00,7.854964287283042745e-01,1.321629409987737702e+00,7.220321054859955012e-01,9.366100169125832764e-01,1.082226785863103613e+00,1.020147770267100240e+00,7.305058880814399025e-01,8.624104244846662048e-01,9.505917014982603330e-01,1.317765527687275506e+00,1.246446943033157062e+00,9.900682965444773664e-01,1.422340470661730860e+00,1.271342293580097316e+00,1.352420715308844335e+00,7.764519495624828682e-01,1.099678703352273468e+00,8.249904926443836217e-01,8.765792360783982717e-01,6.424097336757037535e-01,7.946354775762535239e-01,1.423347087301954916e+00,1.284884229905155717e+00,6.634249048934024451e-01,5.223920572697937637e-01,6.751268846877902519e-01,1.337820680030331388e+00,8.409480038139657276e-01
5.792350985440799516e-01,1.041936139641291614e+00,1.706781297714375922e+00,1.088671030628850955e+00,4.271776530155380058e-01,6.148013773325617937e-01,7.913340197012013189e-01,9.312021304543135480e-01,4.062145735879225672e-01,1.411803956525059744e+00,8.440195598447415293e-01,1.468892104307221391e+00,4.934730546706629917e-01,1.330303001438601251e+00,8.644635188277867144e-01,7.344526370630781731e-01,7.590621788469308351e-01,8.724806254675327999e-01,1.461904815066465968e+00,1.875905926742818641e+00,1.467058874176857985e+00,9.901049706114476434e-01,8.553171660494317541e-01,9.970343158244361348e-01,1.570593206115404872e+00,1.543586781511262052e+00,1.555972570254029019e+00,1.219739516505245147e+00,6.769764472262949084e-01,5.775974546483472194e-01,6.904157984265558712e-01,7.692165141220694835e-01,7.229971631968876711e-01,8.746642979477300406e-01,1.754030726801198981e+00,1.440200316899571842e+00,6.242101148625829321e-01,6.238247879771319226e-01,6.705956047516105079e-01,1.179980790953129022e+00
8.215242522307402151e-01,7.112221729826301297e-01,5.441143831978378920e-01,1.499119677986468835e+00,4.214847451180203652e-01,4.252529603628454336e-01,9.599060029742969569e-01,1.159448234381755816e+00,7.304194368204742771e-01,7.749703693917744385e-01,7.748447883229861999e-01,4.841636529757273322e-01,7.132581890641152000e-01,8.022596861197128781e-01,1.651507617241371628e+00,1.424711032245869591e+00,1.202045991596313534e+00,6.124798295786161306e-01,5.686420075686724473e-01,9.830495176539754132e-01,1.866938887493369226e+00,8.422771172652585570e-01,1.305266772784964724e+00,7.807320726809015010e-01,5.288180788550488343e-01,7.217501975532302216e-01,1.042749319667010344e+00,1.147002741833005768e+00,1.136202661349255738e+00,9.071562566652326964e-01,6.144643938094093150e-01,1.174306892408410574e+00,8.886791764631317703e-01,1.267786967210169813e+00,1.036458515263967373e+00,9.689531999017422237e-01,6.203828860830696845e-01,8.416139938748470328e-01,1.192170649584522346e+00,1.551859157117798427e+00
6.334761333283784879e-01,6.972831573361655266e-01,1.581920407108896809e+00,1.130859485043731016e+00,7.061630134986646157e-01,1.477873913298295427e+00,1.251837900711874507e+00,8.131191623885638542e-01,6.287409352254343942e-01,6.116395939780991942e-01,9.542023761642054458e-01,7.886558347169088101e-01,6.880314665018866238e-01,8.356021813223157846e-01,6.599245521040546514e-01,1.009614953079031929e+00,8.871843014488797197e-01,5.330072700428026833e-01,4.984985136325361665e-01,7.228647275182051857e-01,1.682479177659282898e+00,6.736299260390564703e-01,7.302216348247385636e-01,9.489327496077571977e-01,8.944313602904742089e-01,1.374641942646729120e+00,9.000824181901025955e-01,1.503244200483784265e+00,7.134954300751560341e-01,1.179601801096645364e+00,6.836829107794387683e-01,1.141543561015692321e+00,1.209349377879555432e+00,9.578497423237600783e-01,1.397468632276315237e+00,9.252144148764680498e-01,7.783178779988788598e-01,8.003884115085024842e-01,7.365687497213536661e-01,1.505049334668031813e+00
8.020254328576097436e-01,6.387278801956850494e-01,6.688376675833620499e-01,6.589625427999157292e-01,7.890370722244800517e-01,1.613734570721080175e+00,8.267030816624281186e-01,1.585224642870000977e+00,1.418254240738414440e+00,5.460145735220923724e-01,5.204166491959221208e-01,4.672963675576719544e-01,5.900863213433611421e-01,6.180035498159928142e-01,1.183562322868322969e+00,1.238665033308284258e+00,5.871607609335895983e-01,8.699995903332373715e-01,5.359258530467152504e-01,5.559757081196616824e-01,1.035498536960511196e+00,6.875721017492879561e-01,1.334080508721718683e+00,1.476733511770490281e+00,6.144982424922186270e-01,5.948277100130286987e-01,6.480336288993047145e-01,4.698345320127473856e-01,4.820662552335705509e-01,8.135502174208528725e-01,1.218907118650632837e+00,6.898045501266587554e-01,5.900518721923843080e-01,7.469138453123103094e-01,1.293447596373324737e+00,1.245363211635174938e+00,7.982018359473881386e-01,1.336408727189164702e+00,1.523606130131223813e+00,8.323043166143816451e-01
7.588574047738686490e-01,1.423035088611207755e+00,6.082055075270330624e-01,9.807283742987420450e-01,9.587982695159529278e-01,1.184741588567255421e+00,1.280090988039403355e+00,1.039524663038849717e+00,1.495321975855455898e+00,8.237662601108068916e-01,6.322154708441505289e-01,5.848356451658847099e-01,1.246596699280328568e+00,1.424244650478288410e+00,1.091297318206908118e+00,1.753877171360391563e+00,8.801312346768921380e-01,1.231709352377779787e+00,7.294948382080661542e-01,8.422022753400802975e-01,8.676991979193401372e-01,5.524900171579292252e-01,1.311848368207752635e+00,8.920196458886093804e-01,1.001523014089092500e+00,5.611082081885089279e-01,9.905502808034590823e-01,9.421523970288812055e-01,5.100230653268823522e-01,8.261363610194960572e-01,1.185203086351070745e+00,9.624603830279527816e-01,6.816872734238317300e-01,1.188351188722458263e+00,1.328257249140962770e+00,9.720896537832335316e-01,7.278221966891890160e-01,9.324977438442118016e-01,7.605690340174695585e-01,1.037529980788818529e+00
7.754074464303648551e-01,1.036246727577652127e+00,6.920907452922568925e-01,1.450970779302620306e+00,1.498824555421941929e+00,6.424009878459336909e-01,7.703768574999062535e-01,1.281054290698916631e+00,8.380654630328355781e-01,1.153378472584118963e+00,7.258038377044279121e-01,1.037759568098499674e+00,6.337081852895959377e-01,8.066267642551269157e-01,1.453437730755471557e+00,1.297317391113364415e+00,9.450315852025095165e-01,7.688853741732607494e-01,6.504968152382674118e-01,8.268953668886743769e-01,1.305162751592656489e+00,6.005966013072738807e-01,5.481128857064012649e-01,7.541124385998061452e-01,1.466130955397501490e+00,4.170070454198380738e-01,6.046201285868773034e-01,6.691312098143591403e-01,1.661890421543324781e+00,1.078961945133787514e+00,1.202363375639925458e+00,1.222714866071531681e+00,9.820436380155354028e-01,1.468693682869649075e+00,6.899489139093900603e-01,1.162157399741323260e+00,5.890434991869131220e-01,6.002159313652956074e-01,8.231626542937133806e-01,9.767048696307466527e-01
7.153165902287684785e-01,1.016353096877210982e+00,4.906120788201479010e-01,5.341539741668661634e-01,1.349832295841522534e+00,9.687688366890964131e-01,9.599745419882050879e-01,1.057090225078340273e+00,1.358149030517540101e+00,9.454439936541730871e-01,7.441460382774131022e-01,8.251185171616366443e-01,1.021680384838622224e+00,1.433282129767427193e+00,1.172204836187477506e+00,6.107005685788856608e-01,1.231092563278747942e+00,1.510897759971843390e+00,1.699476175880688666e+00,6.893639252191101630e-01,8.975739507519995275e-01,5.651789836088305652e-01,6.885078848165437915e-01,1.619985644070803144e+00,6.663394724456978002e-01,4.204366647378547373e-01,5.638415038003741220e-01,8.207457304989960178e-01,6.549143263928705050e-01,1.608931280832170296e+00,1.585720404819100926e+00,1.042864862941868642e+00,6.016204703511380814e-01,8.129909495447007473e-01,6.605311276519113539e-01,1.071760377995854885e+00,1.164719314671774475e+00,8.191447817468203718e-01,1.585020939075269641e+00,9.281043982152054062e-01
5.459435030032530056e-01,9.655553076502293441e-01,7.754645777216839786e-01,8.329569047880375221e-01,4.436686977235742568e-01,4.235346266490588873e-01,4.909646756094922515e-01,6.816560993438384175e-01,1.427335920933165303e+00,6.373188994213505598e-01,6.080386835175839444e-01,1.303237470415094412e+00,1.305929131771626395e+00,9.559163720988109736e-01,5.564131067478387260e-01,7.149626065136942543e-01,1.388209700650645306e+00,1.474281886280590648e+00,9.273125444867150735e-01,1.016326381778799970e+00,1.353949657503497273e+00,7.947016217790177084e-01,7.357360982287503015e-01,1.151080960143200826e+00,1.358432044610914602e+00,6.715155606637347452e-01,6.054355589075450794e-01,5.355777787174346161e-01,5.186804349269923398e-01,8.947379508669012216e-01,1.241682981174051736e+00,1.422761128166387667e+00,6.008051769357423133e-01,7.355825884088365019e-01,1.458581074183620929e+00,1.472644230638043839e+00,9.566715866046715533e-01,1.281941758430936718e+00,4.621953592595792193e-01,6.908365344363248672e-01
1.343465719235287903e+00,1.283576742526919112e+00,5.423793747904546159e-01,6.219094044408142175e-01,1.182418103344465399e+00,9.300473101424060474e-01,4.413015044323717051e-01,6.058672452731684865e-01,5.862479464284350295e-01,1.440338696706283450e+00,7.193861168935136163e-01,1.485243524400222004e+00,1.612432778255031396e+00,1.126581023194208386e+00,5.493770061472292854e-01,5.588808983666814223e-01,7.056238492925137606e-01,9.948365998781107944e-01,6.808121123569481625e-01,1.082464843873328419e+00,8.505325788433500955e-01,1.461796149136606715e+00,1.612060289856962036e+00,1.125852523785313419e+00,1.696355033268697854e+00,1.653416392174074323e+00,6.832017814152886448e-01,1.034096266838294698e+00,9.747301540703109390e-01,9.757110268282370713e-01,9.133176580225721430e-01,9.208547882404333196e-01,1.341518014127503156e+00,7.267617629020534098e-01,1.321921255656536731e+00,1.442732653750797178e+00,7.484077298957099167e-01,1.401021102003417562e+00,7.018818741631225322e-01,9.786624651151468735e-01
8.304671318138092673e-01,1.199729030513673855e+00,9.693098690372096149e-01,1.172099952972427639e+00,1.443547469074402345e+00,1.554859078099783076e+00,4.472453901946802923e-01,5.945703397438407700e-01,9.406655662418280661e-01,1.599000070941927421e+00,1.011064829260148734e+00,9.472314595755289002e-01,9.028998159032820547e-01,1.518444429007883123e+00,4.836704691250228172e-01,5.345273681097815199e-01,6.465866906927052460e-01,7.569767067240320557e-01,9.379047548278265367e-01,1.268075183640361869e+00,1.396903721467001924e+00,1.021336668235773848e+00,1.833285430391207838e+00,1.030582097644601403e+00,7.482984191230849236e-01,1.698046468598472636e+00,7.221461388906165180e-01,1.390136615176049251e+00,1.278345519923560936e+00,1.036476305515178442e+00,1.402053080560302867e+00,7.499728241986207689e-01,1.089146703635390789e+00,5.450918557034942769e-01,6.416562224292826633e-01,1.404047333510535012e+00,1.183487789323494965e+00,1.733999796145554440e+00,1.556899522512091627e+00,1.205350647400211583e+00
1.001460785168933443e+00,1.060512934487707559e+00,1.625175869385489635e+00,6.323899016351229863e-01,6.954086086830686408e-01,6.860541977599432517e-01,4.422952671771030464e-01,7.272897693961161147e-01,1.545145853198230945e+00,1.272418419053439553e+00,7.285938975457679767e-01,1.192140211880860390e+00,7.894640256622409424e-01,9.239276971049251719e-01,1.273187863497522887e+00,5.378793745446527330e-01,7.097372180110517181e-01,1.436120606033318259e+00,1.136445537119616045e+00,1.293474925325027947e+00,1.075024356928387492e+00,7.564892912489246113e-01,8.841881495963962445e-01,7.015172853290345678e-01,1.201921001642238584e+00,7.198840788360516552e-01,7.892265277663269574e-01,1.409408016074414016e+00,1.213148609107243425e+00,1.068545184500291345e+00,8.211946524712449014e-01,7.353643116205169639e-01,7.528499453512885742e-01,5.943348224490929699e-01,7.968883731511550161e-01,1.550018629090998079e+00,7.642355481922318283e-01,1.088410175160934967e+00,1.586443171891601445e+00,1.201441070208670636e+00
1.299438291897821340e+00,1.123606696674699590e+00,1.868711871427580773e+00,1.211290997916457668e+00,6.301809178023932700e-01,6.214013439364296509e-01,7.467114463357358289e-01,8.611118500762394712e-01,1.596588019630774680e+00,1.170936985024880528e+00,1.058864927654346033e+00,1.691234840911487902e+00,1.083101103432465573e+00,1.475672251714329475e+00,1.145502248297639580e+00,9.571781955220227678e-01,1.240953613269043077e+00,8.278376415642411112e-01,1.393341851003668586e+00,1.206311049730195428e+00,1.486351101597576552e+00,1.546810581237947346e+00,1.127271605957325784e+00,1.388491278071016355e+00,9.453775034077692707e-01,8.988077909232544682e-01,5.075829986427810026e-01,6.638308437721960331e-01,7.846605885482547116e-01,1.408888885298388072e+00,7.452717800376678081e-01,6.048442663563969868e-01,6.635919322941660203e-01,5.287855825298702905e-01,5.244216555653276046e-01,1.052661348016898701e+00,7.276526254114120684e-01,9.232358561098871208e-01,1.449740247063228127e+00,1.757458549161894146e+00
1.671730675735771499e+00,1.655604056108288757e+00,1.262490116866046730e+00,1.493103385631856739e+00,6.900410374954412118e-01,6.445983782910154058e-01,8.308177162832944829e-01,6.141151392535627584e-01,6.871271467610585715e-01,1.073777317621030347e+00,6.630664879114651633e-01,1.464933605298694985e+00,1.037469462809796017e+00,8.537697546912237367e-01,1.223495685306097203e+00,8.111048621899595856e-01,7.038166020795758593e-01,1.155594509969609218e+00,1.635968027496366162e+00,9.130735972144796708e-01,1.483062957423037176e+00,1.357189013456416848e+00,5.737459919608470793e-01,1.146047869044525935e+00,1.270713867988932710e+00,1.264743206161280664e+00,4.393608360111850297e-01,1.177009651071668106e+00,6.940876875695004555e-01,7.430972768018353491e-01,4.478760713679515448e-01,5.252332654839141357e-01,4.535003465278745760e-01,6.106939361914148767e-01,1.350601496350742226e+00,1.284609051139266489e+00,1.035917212674090315e+00,1.286050255259074238e+00,1.185849431595403791e+00,1.688091430026857687e+00
6.973085010458007771e-01,9.703329310631514382e-01,1.507454281283634012e+00,1.460093782907210480e+00,9.482405283457712164e-01,1.479655670238382292e+00,1.483574745519722127e+00,9.693117766970962279e-01,1.438568540670160489e+00,1.127317031482143461e+00,6.961287397039582769e-01,6.297350468895261955e-01,6.088137074501183132e-01,1.002888228995030939e+00,1.185525695473259367e+00,6.060863159036543601e-01,5.630021253623697097e-01,9.922943076534150864e-01,8.631222180174119574e-01,1.003669711107011864e+00,1.253410568303498174e+00,1.079098756589508268e+00,1.152659365733451624e+00,8.336242361067208728e-01,1.555964282676567834e+00,7.335172449991853583e-01,5.658703123565673732e-01,1.076739900502271752e+00,6.642714054658166445e-01,7.331663919551880682e-01,7.033976213489958607e-01,8.351689840025751099e-01,9.093953363012403646e-01,1.270379150405007262e+00,1.248813831411430098e+00,1.405230551305855391e+00,7.454571542291229536e-01,8.915619884693788411e-01,1.261751757496134108e+00,7.087284944522592722e-01
1.040722760397045032e+00,1.695195737767916766e+00,6.868845923892237249e-01,8.464513784640612659e-01,8.519928447100447721e-01,1.094940361455717159e+00,6.708380351410070386e-01,4.872525629955281601e-01,1.538993313325484724e+00,1.271528979953145955e+00,8.085824416205924514e-01,1.326430718165324318e+00,1.311964345289763134e+00,5.844419410087466904e-01,7.552655895044688705e-01,8.883634307575699607e-01,1.005436160357048081e+00,7.450284450540270997e-01,1.365095679776998194e+00,1.449008119568751418e+00,1.690480696324247800e+00,9.596566557429913047e-01,5.499595780366592912e-01,4.281856661770900851e-01,7.331389148618837615e-01,8.006699263582499615e-01,1.216400959828854766e+00,7.517843774950616620e-01,7.140435934115219041e-01,7.535879121908528600e-01,1.065437705017657555e+00,1.019147466969558380e+00,7.193239430765473452e-01,6.466529454084020134e-01,6.739935399901233470e-01,5.992195234243641311e-01,1.248246371418361367e+00,1.006771128725726161e+00,5.641850902123253242e-01,4.810379248793772433e-01
1.007230033833076410e+00,7.117492591692108350e-01,1.041655908652966867e+00,8.003872857717133638e-01,1.240222551832456332e+00,1.238389236057495069e+00,7.539086126944487543e-01,4.972923374954710818e-01,1.347092887926133020e+00,1.101571295676695872e+00,8.147310842831119171e-01,1.027001726204643584e+00,5.765495271094328578e-01,6.331561017213527265e-01,1.199982136765308960e+00,7.283682292247872780e-01,5.855688825930539521e-01,7.018121981841755064e-01,5.460952539644686743e-01,1.709993347001386610e+00,1.125612024813967382e+00,9.131954623969971152e-01,1.362046258897811279e+00,4.696537774295078682e-01,5.889838033411456397e-01,9.898774261830234344e-01,1.235831036371990654e+00,6.266958916239250277e-01,1.444301500263985405e+00,1.596760330278521378e+00,7.745315098247410601e-01,1.199696929762364528e+00,1.141662436767622468e+00,1.002426814131379462e+00,8.970339999262250119e-01,6.626179864874117698e-01,9.395445425215478430e-01,8.012900380687650870e-01,1.349547843932107360e+00,8.471736946985153338e-01
5.897013475116401615e-01,5.029861997282288888e-01,1.317848425753579633e+00,1.234347425964276379e+00,1.771947470503179467e+00,7.474505774391952961e-01,1.247207682006789442e+00,6.895997878488462351e-01,1.394479956582706848e+00,8.315363928493768597e-01,4.728222305203535480e-01,9.513934353876341010e-01,6.319512955014110478e-01,6.119441911080343299e-01,8.969872139931666100e-01,5.487127736718130366e-01,7.838266016356915111e-01,9.613344398326366669e-01,5.373144707135754095e-01,8.749481620642547419e-01,1.145189845072891011e+00,1.904057591234338931e+00,6.465368415279239001e-01,5.015106845440305827e-01,7.213784065933211975e-01,8.249592952035791349e-01,9.384746006653253980e-01,5.831321952916674878e-01,5.255822605800173353e-01,6.951524958335151272e-01,6.474479817751118693e-01,1.196164122965791998e+00,1.373541311326530678e+00,1.658967310673721940e+00,1.429204734247863984e+00,1.287711515551784203e+00,7.602438920328860039e-01,1.073259249685951655e+00,7.449898910072291214e-01,8.398353951452756094e-01
6.153129655176698964e-01,1.360247600772278798e+00,1.516446648279910825e+00,9.788730615007297242e-01,1.308895260062601817e+00,7.056651595678689048e-01,1.240783284785925256e+00,9.845132602920768639e-01,5.362506456467920346e-01,5.811480311301313595e-01,5.423028302977290771e-01,1.246666872763594114e+00,1.763611865080811025e+00,1.289762725924690878e+00,6.880049537924348702e-01,6.494479005088901191e-01,6.684985282552308172e-01,9.486817761203730770e-01,4.215941761554768963e-01,8.027740087301288296e-01,5.684351225554052922e-01,1.304868564876628279e+00,1.191877490459284816e+00,9.434275070226233462e-01,8.136930682436701590e-01,1.546247118288488709e+00,6.578716474641123080e-01,6.923942842286390231e-01,5.067973272211134805e-01,6.403873502648049776e-01,1.213496029219155892e+00,1.280725364210081096e+00,1.136837171022450299e+00,1.256151629364758548e+00,6.895880679019620318e-01,8.340925658191115089e-01,5.483020139308714125e-01,4.806935691484992001e-01,7.507080142290994962e-01,4.807360722051970958e-01
3.911679515609576829e-01,1.251192147673643840e+00,7.012777067841829970e-01,1.096442087860417525e+00,7.937388809411026758e-01,7.324469347089834770e-01,8.108748376904733046e-01,5.235049010468222352e-01,6.962595305225103282e-01,6.203680844725605326e-01,7.526907231464069481e-01,1.502770114419836656e+00,1.743552336167175421e+00,8.734537725717511636e-01,1.323071985474986167e+00,6.508179728828603627e-01,1.032294134960749066e+00,1.163748343415340836e+00,4.354984919855388603e-01,5.630177153739828189e-01,7.657777127916496340e-01,1.105486821120631014e+00,8.392439118875140158e-01,8.220375442977619906e-01,9.987916938602403594e-01,1.686466162295763516e+00,9.195589901158512935e-01,1.309335804460859842e+00,8.070689465354157210e-01,1.495229928864799218e+00,8.581165169272244597e-01,5.286386142662411469e-01,6.697582594911192233e-01,5.463629170959626302e-01,5.087986757995650589e-01,4.494622787717818535e-01,6.959867731971089988e-01,9.497995043395275339e-01,1.394680729219924809e+00,4.563757210391763408e-01
4.899777495287236384e-01,9.152064272869963046e-01,6.725038182902887129e-01,1.454001986081810971e+00,8.706468711246793113e-01,5.122488429401530485e-01,8.942951909978824609e-01,1.473557101907912337e+00,1.367272058193592654e+00,1.071472332074211442e+00,6.866025890203396598e-01,1.254097530904170199e+00,8.714504835217045109e-01,7.279139035764675691e-01,1.255418265565123148e+00,1.098890916120629724e+00,9.863238859812203385e-01,4.564279148562149224e-01,3.978693064764932674e-01,1.280957397781663287e+00,1.437265553138382890e+00,7.658004695200665290e-01,1.134620144017110643e+00,1.475277253722334425e+00,6.773622435599214731e-01,9.651237009171564907e-01,1.405417595399202524e+00,1.238430279755042385e+00,1.013073611369485594e+00,1.226756330304851650e+00,1.234932189219061005e+00,9.664242017958641906e-01,1.126262989519214219e+00,5.471709205041763724e-01,9.349754170723851843e-01,7.784858724083472126e-01,1.166894863687518713e+00,8.907140910342222773e-01,6.884156684652297242e-01,4.678297441003527180e-01
1.191679650399229073e+00,1.085264313233214706e+00,1.069085924088162942e+00,1.437495694117237210e+00,1.352036270516963290e+00,5.326738059526444635e-01,4.712284012551288814e-01,6.389715017802251040e-01,1.150193774169224747e+00,1.005848501407653917e+00,7.138592191294965694e-01,1.465071432006250562e+00,9.439661876486019620e-01,1.007028403780233061e+00,7.762078313134531671e-01,1.320730068996892381e+00,1.733060727149438041e+00,1.462624250267486881e+00,5.935670571756691549e-01,6.952367472595044617e-01,1.068053159532080798e+00,8.008582547592218992e-01,1.812486648221001362e+00,1.913542814240081658e+00,1.431340129164425434e+00,5.782539029739085512e-01,9.375610294885970974e-01,8.490656906720762676e-01,1.228741437924374624e+00,1.070788871203391279e+00,1.379680669383337221e+00,6.866820331497628382e-01,8.604575629451046703e-01,5.491085708472348559e-01,7.498478518008830918e-01,1.534935058666435870e+00,7.574839070044190326e-01,7.268936122595629490e-01,1.288768955583030396e+00,1.533172104340156050e+00
9.159428605052062355e-01,1.502222601146752989e+00,7.999737337580966612e-01,1.225622634219328821e+00,1.090533383161917724e+00,7.148461037713196298e-01,6.752003924008183056e-01,8.716831123524998448e-01,1.514941000893152090e+00,6.385088613066138841e-01,9.480841269490000167e-01,7.464595800802240610e-01,6.572492013534568800e-01,8.688341934289615098e-01,5.224577644750396654e-01,1.370990903202010891e+00,8.437990044820031788e-01,1.242950218034100995e+00,4.872594130841150228e-01,5.866212964793375839e-01,8.755981451080331324e-01,8.182217480841189605e-01,1.170588709578923137e+00,1.233795841926373482e+00,1.529201801028790442e+00,6.721452859162018179e-01,6.514081216029257160e-01,7.762236743601242939e-01,1.199174928089169034e+00,7.301298658370714012e-01,6.678897762709850028e-01,6.587992087856808787e-01,9.234474429075933966e-01,1.070192783589345220e+00,8.395969869337518432e-01,9.480535682534948494e-01,5.015807797702928061e-01,4.690587129876382377e-01,9.051571920689192030e-01,1.027661429297582751e+00
5.995608411732054055e-01,8.314807406571868009e-01,6.462583356144483426e-01,5.431315773419809201e-01,1.058893083315476380e+00,7.730825146154864935e-01,9.489991873317457083e-01,1.448753576839043156e+00,6.037610044471811710e-01,7.468050592854839076e-01,6.423808983957203234e-01,1.206861535782397965e+00,8.154319929953425250e-01,1.409466406778888015e+00,6.309185589741420630e-01,9.939070116492885187e-01,6.319683781851650473e-01,8.059908372352171391e-01,6.226510093907077215e-01,1.346478612962262567e+00,1.299975497843485206e+00,8.051222647192050053e-01,1.189329172181534000e+00,1.468235544770109646e+00,9.347912292364090048e-01,1.489608301172937743e+00,1.728681379939987384e+00,6.870895580553672000e-01,6.259714178112514293e-01,5.817429572011221239e-01,1.316207109671920783e+00,8.851739924327951536e-01,4.742127919874947195e-01,5.075237692037211090e-01,5.664984927378284851e-01,6.342107325934422946e-01,7.615924420844719656e-01,7.988356127269010676e-01,1.166710564256152827e+00,9.662590177451312323e-01
7.901559440442926796e-01,1.252569994228398986e+00,1.226877118550137480e+00,5.089154831238820176e-01,4.536693677610968978e-01,6.776312176435876911e-01,9.172258105246750004e-01,1.220458867371804201e+00,1.088038165782426292e+00,1.033087777387915462e+00,8.613935403439487715e-01,8.564246392860138668e-01,9.335145697422753130e-01,9.477557339639539613e-01,6.216941396862496472e-01,5.988916925178985329e-01,8.523965964028220599e-01,1.270184897787516309e+00,9.422306176713721726e-01,1.604532215602909373e+00,8.499991325127982389e-01,9.321899127667805374e-01,1.434175247330829350e+00,1.302332656884799489e+00,1.454913639649960011e+00,1.201583920255618665e+00,1.440473288784757333e+00,8.445680554944126062e-01,1.880262032905759328e+00,1.534713203122653580e+00,2.314033255579247772e+00,1.010255753781388099e+00,1.017349859120375566e+00,6.618174714173603590e-01,1.463638200399967504e+00,5.951330153740537199e-01,7.280538487195954422e-01,9.919853612423397138e-01,1.124967180667955757e+00,1.191841474259263345e+00
7.923392690202564204e-01,1.166522373009330593e+00,1.163066093406849077e+00,5.095327887818340562e-01,5.877514309045517304e-01,4.512588445324099973e-01,8.851691235086690535e-01,7.036963256209941564e-01,1.107503976921718758e+00,1.042609323056124859e+00,9.229175429736738989e-01,1.501325332662094558e+00,1.129549938674093701e+00,8.652631427871474434e-01,1.011442742158542796e+00,1.300143708387330843e+00,4.836793739362539868e-01,5.577402322755602437e-01,4.981424591620935427e-01,1.037328244630359331e+00,1.569063141723041177e+00,1.218603204756698144e+00,7.223212204380639045e-01,7.007144930234013858e-01,1.766317202022466670e+00,1.070404438411511006e+00,1.316199859064379751e+00,9.410843210203791998e-01,1.597751666006390181e+00,9.033853974579872936e-01,2.246794633200698499e+00,5.585020444282267071e-01,7.652755256199175182e-01,1.553625924119027557e+00,7.680065530212204505e-01,6.404095249594780048e-01,6.959079159378315227e-01,1.290579019404449079e+00,9.917288284945462440e-01,6.043722073773740711e-01
5.510086017207307396e-01,1.315635607797134066e+00,9.939039269546727784e-01,1.538113951570138083e+00,1.503366594062464534e+00,4.607648041824153884e-01,7.707390150869390943e-01,8.506223597785484980e-01,6.267008137029118631e-01,6.122660570558570159e-01,9.128562292671174028e-01,1.302381306065001132e+00,6.531572325141140611e-01,1.260015874696080340e+00,5.471936186204368058e-01,6.629109783009595747e-01,8.095885785550382963e-01,1.412294945308200100e+00,1.486640856614452444e+00,1.755728081320120593e+00,1.061629292181057949e+00,7.855936034564439119e-01,6.474527263469069815e-01,6.966337003607682155e-01,1.150225361823538517e+00,1.036508320690697538e+00,1.085944196144091878e+00,8.075305269039956269e-01,1.678766338545453207e+00,1.392373431307053044e+00,1.916268229144678426e+00,9.082922558730531781e-01,5.123447857912626358e-01,5.165145243639999162e-01,8.092194992164086775e-01,8.530803419811470167e-01,9.103232643130113599e-01,1.366841872690012893e+00,1.456631415100273275e+00,6.558683571012080549e-01
6.565239613703630628e-01,1.094586511880452528e+00,9.560112192164736955e-01,6.243637706508182728e-01,8.417260951440745931e-01,1.210846781286586848e+00,1.075851592846584825e+00,1.660844313559627583e+00,1.119521310399261171e+00,4.420296619442156683e-01,5.653367529376209788e-01,1.156313236333494032e+00,7.507351792522481970e-01,7.759136745923592704e-01,8.450377659256080864e-01,8.156452363664141725e-01,6.994084284708491639e-01,7.356912612215115166e-01,1.270431564595041696e+00,9.953608385192947994e-01,1.222976887381254318e+00,1.505094600873940314e+00,1.408869288989538893e+00,8.527438187969459404e-01,1.211458408108837537e+00,7.957009935544406831e-01,6.788150514222728305e-01,6.079236246502115470e-01,1.247113389449140408e+00,9.956144750200439653e-01,7.383533338488177389e-01,1.242450441640299497e+00,6.750706754875354099e-01,8.191227554670680311e-01,9.961811446183760355e-01,9.525760788952605251e-01,7.731815818457092870e-01,7.125311793954270945e-01,1.518375725863555292e+00,9.337937570290967271e-01
8.820273207709463659e-01,6.337186447084804941e-01,1.251573599635235734e+00,6.117083913554811625e-01,7.586303775959956086e-01,4.630103242180363399e-01,8.153113065667647597e-01,9.335964713482369781e-01,7.302742817651126650e-01,4.043380766920511293e-01,9.563066161520931141e-01,6.323849319549169623e-01,4.372214566230704924e-01,6.394645049865844699e-01,9.439596427224131725e-01,8.430743065743003806e-01,1.216430569691728802e+00,1.057412552810579109e+00,1.325743661230248005e+00,6.110270715696126675e-01,8.762272775023616234e-01,1.031384493251011003e+00,7.164251665100869193e-01,5.341038485509211897e-01,5.461545106727131449e-01,5.831185513508727603e-01,7.486026772012003283e-01,5.985993952348577229e-01,8.811963521104073660e-01,4.813376145032959297e-01,1.441714984747976880e+00,1.098231010086479609e+00,7.902522223609805829e-01,1.704539638561762604e+00,9.324035020847351030e-01,8.226129600139224785e-01,1.184475892108754147e+00,8.291060366629230405e-01,1.370615621588377353e+00,1.506275055896799886e+00
7.358732205579811003e-01,1.139413209897953694e+00,1.695403881625117570e+00,1.144510162043236079e+00,9.381616727285587709e-01,7.088528991838872750e-01,5.750808124550563782e-01,1.307609360796980758e+00,5.068179446938073651e-01,4.179020494906334204e-01,6.657934995475252027e-01,7.917853210851867329e-01,6.871454177466288504e-01,1.318153325412401600e+00,5.729858424367906267e-01,4.293602036727851567e-01,6.263452822475944481e-01,1.095258277697773952e+00,1.371968056274264658e+00,1.624555358596224242e+00,5.570330616037028060e-01,8.340108651228890224e-01,5.892511644237011792e-01,4.884347526894509128e-01,1.397839555881558615e+00,1.455364644910481120e+00,1.128707055424041483e+00,5.840851264215225491e-01,9.435925303383394525e-01,6.179932937936825077e-01,4.568676072652083087e-01,4.116202440484297842e-01,6.698311683932948180e-01,1.464812188534495130e+00,1.095152259432123465e+00,9.604134765097861459e-01,1.155015327634097089e+00,1.152468441938287347e+00,7.115974090051666590e-01,7.226524883807738941e-01
6.679841066182277132e-01,1.262857137981923339e+00,1.296736327356359686e+00,7.289993114636942328e-01,1.505403579370035327e+00,1.402423706243759671e+00,1.329436320067850064e+00,6.205314226308717984e-01,1.084174823134709698e+00,1.352265419863279972e+00,1.080181956802328092e+00,1.128469244185291043e+00,9.178715636231377095e-01,1.176496982934406521e+00,1.206526217403785184e+00,5.430146959679715835e-01,8.111195484080744311e-01,7.591272566075116801e-01,1.258223926858990094e+00,5.563150667721750153e-01,6.783057089588828692e-01,8.269569059144454837e-01,9.477086989557272911e-01,7.645580552122632767e-01,1.023544937237873542e+00,1.094127821270794110e+00,1.613652278904259552e+00,8.231226442308369196e-01,1.147395239252546162e+00,8.125681235813508874e-01,1.121452585992987583e+00,5.020298005311988332e-01,1.061815312142965650e+00,1.270253121889283854e+00,6.856480279622116925e-01,1.227207934291207225e+00,8.628695234534510261e-01,6.058020081112034383e-01,6.312933541055382181e-01,1.292412755479107389e+00
