1.608637676604073308e+00,1.166677279010016166e+00,9.513561625842054115e-01,1.582022397615642451e+00,7.075405011264207511e-01,1.206712480436111790e+00,6.863146857836158743e-01,1.511725276231388193e+00,8.787352685336330405e-01,6.252744270742556232e-01,6.790522807909279424e-01,5.804339784160820193e-01,7.296782737180685929e-01,4.977719223896021061e-01,5.081168206836184087e-01,8.437604099888824649e-01,7.945781121154328330e-01,1.308305154075027676e+00,8.401899337933680378e-01,5.520602884990780668e-01,1.044352106646205147e+00,1.465920211234823078e+00,1.021954227306269170e+00,5.785422595208560281e-01,1.166954584457565280e+00,1.374040724822201298e+00,9.434871576507362079e-01,7.610911992517855884e-01,9.002621121497410561e-01,7.245686403543895038e-01,9.167805739317614888e-01,1.218408592045048922e+00,1.463649710129036219e+00,9.294044740613621736e-01,8.658338155772435929e-01,1.497027616517216941e+00,1.425153125034145818e+00,1.064346603165118532e+00,7.237773456596718891e-01,8.008489869942784223e-01
9.766641543419471994e-01,7.190579917052895009e-01,1.151340045250305311e+00,1.696966306470146790e+00,7.258536160808486404e-01,1.258299537249672584e+00,8.093896982373887106e-01,1.755936412164136540e+00,1.467687335077444644e+00,7.105198055939440094e-01,1.297972574801114165e+00,7.687564507051024565e-01,6.461206044598070131e-01,5.844145703985158535e-01,7.273497180831528519e-01,1.274037280525699867e+00,6.683930955305705801e-01,1.044545878726103716e+00,1.296371727502364957e+00,9.582525459447628347e-01,6.366172677697102822e-01,5.037497966700764662e-01,4.893511733129337071e-01,4.794647719626370375e-01,1.696039514096942202e+00,1.073517929198786414e+00,6.949997640493250639e-01,6.750482010610898698e-01,5.696498179915645554e-01,9.615430644697888773e-01,8.407381310846759881e-01,1.065329921441263261e+00,9.512966240212307190e-01,7.719409017668804607e-01,1.205299490041976229e+00,1.292904818355184560e+00,8.108414531912555567e-01,8.137970614337765030e-01,1.192320114012916266e+00,6.978178907056392655e-01
6.172204686668750773e-01,7.130298372252009687e-01,8.015876708116075333e-01,7.444692630085588680e-01,1.277545820623569917e+00,1.494071436850293422e+00,1.388492633398236586e+00,1.274339042897427943e+00,1.451348941091111122e+00,1.468458403095531439e+00,1.543892803806361291e+00,1.049354927036187268e+00,6.311946450447023516e-01,6.892782346119149528e-01,7.602642836169908325e-01,5.188116924823718001e-01,4.851167099361431423e-01,1.624064028343775945e+00,1.753031450772955857e+00,1.623291916871420160e+00,5.873196813549549367e-01,9.534579501533420043e-01,1.403697282134062974e+00,1.455671154009804846e+00,6.687397394784134752e-01,8.488825472121531712e-01,1.269835910379833566e+00,8.611492863041987356e-01,7.142103519845938164e-01,5.730617618805767810e-01,4.474378390583503839e-01,1.316239706942483378e+00,6.230810899173350181e-01,6.684212564800399159e-01,1.259594685239884937e+00,7.453850949014467764e-01,9.311524789463160312e-01,7.016142102912564793e-01,9.820658066625210791e-01,1.524096715027185356e+00
6.569516316909544962e-01,1.362778127693068608e+00,7.216715692120538872e-01,5.877806339896873844e-01,1.297121065837922638e+00,1.108075529292721351e+00,8.075116618715408867e-01,1.177151337732214031e+00,6.954360644348609455e-01,6.633277052836998866e-01,6.906485546609026915e-01,1.516798209214830440e+00,7.932944174935392390e-01,1.140841381019039424e+00,7.309093812967273340e-01,1.250199138116614206e+00,5.144344828369804556e-01,1.129560978412946337e+00,5.544408050910613062e-01,4.614988079498942297e-01,4.808289850357195250e-01,1.619090828436630991e+00,7.721643902885283461e-01,7.392476148565571004e-01,8.037773081357554306e-01,1.466439862051071019e+00,1.089862166204811356e+00,1.319809139660055752e+00,6.607906835829001624e-01,8.149972118924869724e-01,5.452621748800815515e-01,6.795628330508821646e-01,1.842194244418350335e+00,1.669355259645612488e+00,1.667860575916114696e+00,7.531390034842788683e-01,1.371230228609090052e+00,9.479642150491207619e-01,5.708465465117370519e-01,6.029725534899060824e-01
4.439092561421048022e-01,5.363956066486302854e-01,5.404399232895040761e-01,8.051929098904941906e-01,1.121570214794803899e+00,8.186043358080473675e-01,1.134526278825587875e+00,1.617452579989863581e+00,5.019333367350006236e-01,6.505756474947229639e-01,6.690585165464173478e-01,1.187252061893617094e+00,1.183209477635125628e+00,8.496819742065108150e-01,4.979463014173145519e-01,6.467124825191596926e-01,1.305750180565151686e+00,1.388001347475978253e+00,1.004814035037363995e+00,1.455982703941434142e+00,7.152786018409427182e-01,7.132107400828610055e-01,1.370904183600256676e+00,9.142891091670457548e-01,8.983124779449829234e-01,1.464748973632451490e+00,1.255202153465198700e+00,1.447105403036099469e+00,1.441393868588195515e+00,1.439403042999056748e+00,1.344929883772360668e+00,5.866170245361924662e-01,1.676826672333868506e+00,7.487612406135597531e-01,7.783124194857481415e-01,6.445760083631187909e-01,6.603215024560191715e-01,8.063776727590565852e-01,8.700301794871950767e-01,6.393708577459706888e-01
7.651947200909570146e-01,1.266209775026585049e+00,4.470716061984569278e-01,7.529054668039124598e-01,1.082407223324904910e+00,1.780405978422637814e+00,7.391101815709595346e-01,1.147863173860544483e+00,1.192826835287482234e+00,1.229924889254261577e+00,1.303942616067590432e+00,7.492955368612068678e-01,1.580323734533105595e+00,1.463134298307685377e+00,6.041395007746910295e-01,1.298584110001386183e+00,7.140011142700071201e-01,1.096314717658005033e+00,6.584323585167464188e-01,1.405676302154525104e+00,6.525397783685692454e-01,4.778629813135575333e-01,7.517254431403210813e-01,8.117471464334689024e-01,6.048468569007821038e-01,9.114547619845247972e-01,1.310209717378759464e+00,1.526589714294001476e+00,6.682379007255915271e-01,1.215032853146391201e+00,1.357231001132056747e+00,6.692841870196245546e-01,1.274647351797818740e+00,1.268857668441560449e+00,6.514487452844943682e-01,4.646235818873968859e-01,1.393202396807051491e+00,6.118185383281762313e-01,5.252498055789818210e-01,4.068084470350593063e-01
8.390166317465582724e-01,4.909023223027174643e-01,6.692423993976307495e-01,1.269586579598442677e+00,1.542071352220206970e+00,1.017270813800176033e+00,9.567496854780078719e-01,7.082816410458385725e-01,1.401587551411554555e+00,1.042525120034934583e+00,5.712902222731944812e-01,1.594638774104939705e+00,1.145077434723338561e+00,1.399112801122565974e+00,1.199026019108990315e+00,6.238140782332579626e-01,1.124819221351377241e+00,1.462637074676533144e+00,1.480183989901033836e+00,1.465842910345939387e+00,1.166509717439497162e+00,1.310861993305551199e+00,6.714806248100697594e-01,1.345082965643886075e+00,6.750188135494225028e-01,7.675134892022988931e-01,8.729738769163297718e-01,1.493034017610265440e+00,1.105285420836850552e+00,1.250413928310191602e+00,6.587044896895722923e-01,7.110064864201842694e-01,6.221603928912892156e-01,7.664960461386006729e-01,6.878032814419006158e-01,7.163665991480610007e-01,7.891569365060937535e-01,7.521217509261117762e-01,5.741833289892968040e-01,1.273283013350529513e+00
1.197611583305931982e+00,4.722548883438935641e-01,4.411598570084870885e-01,1.161519561747658802e+00,1.424996346854541907e+00,1.290724022353833211e+00,1.087687789719123721e+00,1.044627139842209340e+00,1.011596090086466893e+00,1.005223526407105217e+00,5.820575737144637607e-01,1.434364358725379596e+00,9.064396222086262833e-01,5.302137267338405957e-01,1.364428815681247853e+00,1.389695922843982467e+00,8.579910729018938031e-01,9.925350623166973030e-01,6.580027838659826545e-01,1.524703942489487263e+00,1.841191081268762186e+00,1.194445671354805283e+00,1.514875818785123895e+00,1.216692465686511904e+00,1.473106694198090150e+00,1.405742961708690286e+00,7.000917595017484008e-01,1.716034312354600244e+00,1.271888704136119985e+00,9.312756547049010347e-01,8.000125689310548793e-01,1.000276206884791241e+00,9.060946108168919100e-01,9.703041549834987567e-01,6.586933538630804774e-01,5.695813339938722297e-01,1.363769353113872373e+00,5.885600593772862821e-01,6.061896614157260554e-01,8.558319343082130271e-01
1.505240535915167710e+00,1.118721203212231563e+00,8.025711891318235702e-01,7.594380093272261600e-01,6.403977487679688441e-01,7.255432557695612461e-01,1.332126132268246055e+00,8.165212941562184357e-01,8.224028445814197674e-01,1.471734483949324046e+00,6.200466719336098498e-01,1.083717270950674161e+00,7.894620188678760364e-01,5.114964245459497905e-01,1.390421399209992748e+00,1.372099154246813280e+00,1.215335224915064405e+00,7.251224907632867200e-01,1.322123770861136194e+00,5.867182432522271007e-01,1.112188334474073281e+00,1.403016464642245387e+00,1.691238182445762961e+00,7.116098447292459328e-01,1.089768551674684449e+00,4.826136631343052596e-01,1.317201219797253131e+00,6.673797195414407080e-01,8.166046251120694377e-01,7.639576376989467565e-01,7.621416840198095288e-01,9.967834399807807833e-01,1.819730547955925370e+00,1.337427225555745558e+00,9.816900231118611542e-01,1.441833915237087371e+00,9.637386588759380146e-01,9.018619194478108003e-01,1.068744136794512745e+00,1.191365945585390440e+00
4.285456784379424455e-01,5.878939772192159907e-01,6.266642166350709919e-01,9.453113011364215890e-01,1.332470188243717546e+00,1.369343577045496918e+00,1.238106203540316308e+00,1.255640039244399597e+00,9.934768329802028397e-01,1.728638994600124601e+00,1.102986359942520478e+00,1.310018578044229276e+00,8.338233835843867903e-01,4.512166877064847093e-01,5.032872505486024606e-01,5.835528327090288014e-01,7.550014786242745801e-01,1.250161552370696150e+00,1.273345024385033719e+00,5.737675857000942292e-01,1.113421728838289493e+00,5.684911866358020038e-01,8.137922817366899375e-01,1.126139318514810306e+00,5.408952086152241101e-01,1.456674763061937439e+00,7.162475507521161022e-01,4.691589829067370210e-01,6.534785347299748581e-01,4.851309470807462221e-01,4.409298948284479103e-01,5.760997410964949772e-01,1.367362955488992560e+00,9.055576871101117531e-01,1.103349366431038536e+00,8.365016009338376302e-01,7.420351149451045458e-01,8.621656637181823735e-01,1.434700788981395192e+00,4.716672120242349497e-01
1.460470558440471800e+00,8.394515059482383634e-01,6.540555111475822025e-01,5.745847663567701380e-01,7.649835187320094265e-01,4.558949157649968553e-01,4.886606446182958363e-01,1.320967840522665471e+00,5.990425466984632408e-01,6.318509210165615952e-01,1.653357487636059497e+00,7.572231732402818771e-01,8.518461391324733123e-01,4.786634445421831252e-01,1.121863660564816234e+00,1.401739547019377197e+00,1.687910142371330524e+00,1.812120320465731016e+00,9.721764248800554009e-01,1.223759251585638808e+00,9.316096858511329071e-01,5.146171681472884174e-01,1.049559282342890087e+00,7.399701179284038366e-01,4.705109953756798080e-01,1.389955340036268749e+00,1.293281068339001250e+00,7.704654772615178171e-01,1.777327180465976486e+00,6.907279120287282970e-01,7.450108205440925113e-01,5.697497776721777152e-01,1.465894226538566381e+00,1.767350825952405557e+00,1.346920414030886359e+00,1.685350813773758505e+00,1.524267446177244523e+00,6.280866750529190412e-01,8.646605643652198747e-01,7.163367204917353570e-01
1.405070668039819726e+00,9.580960039414516682e-01,5.315687185105382184e-01,6.200775993842819744e-01,1.055829593079796735e+00,5.898653271258532671e-01,8.610113104778615023e-01,1.237978130895907247e+00,7.599239146387711807e-01,6.441394002292535337e-01,1.798308131941044108e+00,8.216455056159933656e-01,1.350624692886313927e+00,1.000410531510612211e+00,1.619163747004145337e+00,1.282854976377571177e+00,1.458961292513330399e+00,7.033629120361861720e-01,6.206338416788272916e-01,6.760460516873001424e-01,1.056042312647639037e+00,1.079708122371273449e+00,7.336868954842712398e-01,1.328876215652305071e+00,7.054740964592917107e-01,1.140201491552086388e+00,5.910917614176836032e-01,6.225361288599476906e-01,7.689276192879680449e-01,1.567379416194340847e+00,9.747993931536339529e-01,1.714080805052610623e+00,1.682299658271577680e+00,1.542236376332441594e+00,1.528991884121789990e+00,7.738457869071061479e-01,1.242871681891686064e+00,7.162932205939304131e-01,5.007331196370501392e-01,4.909000642854040031e-01
6.216502651793932577e-01,5.689865605324500031e-01,5.236348460390534143e-01,6.874589709142624461e-01,6.295005127655950439e-01,5.969909090239866600e-01,1.447379216466691210e+00,9.403467935527773935e-01,9.966550928725600444e-01,1.731814602928690050e+00,1.725134103060968371e+00,1.272139340836363930e+00,1.201320389698613322e+00,1.201925934875234914e+00,1.236827367635280117e+00,1.239794686183859795e+00,1.549804273650578157e+00,1.038086185586890808e+00,5.644319619138038480e-01,7.882329024358438740e-01,1.078800421882580407e+00,9.161053918541568475e-01,1.293067236208556681e+00,6.299195235772547807e-01,1.289755577875506987e+00,7.895219088819462883e-01,6.332573165131484272e-01,5.952789406938187033e-01,8.827618432459971576e-01,1.414056053340984942e+00,1.409288425607314821e+00,7.216477380487036353e-01,1.344542370408692955e+00,1.168491690112713144e+00,6.661594812651021602e-01,7.695982810716675004e-01,8.813818547825001959e-01,5.418721186507730048e-01,5.489767022104024008e-01,4.564830961261708286e-01
4.568365428386428895e-01,7.276395790056627844e-01,9.572739643023382428e-01,7.712560166494482061e-01,9.106528194313605606e-01,1.254316584847405602e+00,1.483288477860967847e+00,1.340308152181917123e+00,1.382317012523423427e+00,1.380939503279625891e+00,8.238432947686266106e-01,6.885098831250838769e-01,1.772221205861679083e+00,1.566716314864739168e+00,1.251782171081545769e+00,1.482575162082238052e+00,1.374072869248774031e+00,1.234623619019913354e+00,6.641278192258044388e-01,1.396860232342035824e+00,1.678144707831302762e+00,1.285717910999537361e+00,9.024382215956296971e-01,5.332658614485368265e-01,7.124783138787756931e-01,5.708908934675201996e-01,8.134957087848843083e-01,1.032444802710686504e+00,5.291558081434039051e-01,7.243580391262485207e-01,1.234074751621548893e+00,6.371965193371130765e-01,9.099334264317504584e-01,1.575672703249140660e+00,1.595868006972400055e+00,1.070436342924899309e+00,1.389053264838769008e+00,9.196132454725163274e-01,4.455544004739430686e-01,1.362824730479725410e+00
9.975537661557918323e-01,1.715452748205957167e+00,7.614468614997957907e-01,1.689413792325409780e+00,1.828261502587774645e+00,1.416092550281435436e+00,1.117520392560844789e+00,5.447771113784639629e-01,1.076777439387261559e+00,1.222018083059100979e+00,1.084833274166765671e+00,1.153408761331308430e+00,7.299828864778428184e-01,5.652450536657501745e-01,5.302743586837422862e-01,1.019214125604935184e+00,7.947448480092355050e-01,6.288400483810989705e-01,5.615542660651473561e-01,1.510049419284381189e+00,8.170214639330513062e-01,1.563398348211709088e+00,5.588820384255160922e-01,4.090892080733259939e-01,6.827488611409646690e-01,9.351074729532005136e-01,8.971336300859349411e-01,1.154312483775098874e+00,8.986557082614072822e-01,6.169877903473977021e-01,4.626914776666380957e-01,5.790192700365981437e-01,8.787996999494352979e-01,1.402987478827237178e+00,1.401419663251255665e+00,1.160358964967145301e+00,1.565617695442576451e+00,7.002873223415786441e-01,5.522632394971629388e-01,7.086906866052417042e-01
6.469003110919743227e-01,1.519090939668247042e+00,5.754416189222620881e-01,5.217833786312486843e-01,7.143506236001249121e-01,9.117263477715974451e-01,4.638892209766594110e-01,4.482197409585819137e-01,6.070481899365275380e-01,6.639479781593168317e-01,1.252152436400710389e+00,7.071202627767696480e-01,8.332711003512154324e-01,4.605634352129447939e-01,6.462737436542149716e-01,1.549441324090799155e+00,9.470121602734316024e-01,6.740327324735818637e-01,6.406581424461579299e-01,8.723720292975607471e-01,1.119656877967288855e+00,5.686612876256151861e-01,5.045221496094463021e-01,5.089286471072395068e-01,8.215307615280864617e-01,1.024828682742331409e+00,1.160877913308626441e+00,8.504234817323182982e-01,5.987605654971690505e-01,1.104423845824359374e+00,4.588320160916932733e-01,5.059374856454235125e-01,1.327986007959116810e+00,1.223591258102022072e+00,1.266619362740896149e+00,6.675857705074299542e-01,9.121513198853317128e-01,7.216836810742552899e-01,4.777683007463391363e-01,5.868278680195738728e-01
8.613384080419174138e-01,6.125905835611059613e-01,8.002152480039864679e-01,8.782272573258266268e-01,7.251574507166518302e-01,8.436445682801899659e-01,1.280487027507009712e+00,1.413475908599461706e+00,5.363586133788877941e-01,1.117338372053238604e+00,1.446623310752929825e+00,6.862239732884594101e-01,6.941291995121052771e-01,9.136144780381170172e-01,1.630864075752997744e+00,1.269213612662991153e+00,6.903542918554244068e-01,6.132050178705372723e-01,1.305585551388763754e+00,1.227835926492624630e+00,6.426639392409394524e-01,6.631793447352241078e-01,1.330566059611051788e+00,4.501351356551916427e-01,1.455883801665048827e+00,7.999165709059441465e-01,8.751312006697677948e-01,7.984154891369951157e-01,5.469086043592545909e-01,6.746056427141479128e-01,8.616841642837465010e-01,5.944412073152137710e-01,6.937247528703902599e-01,1.494366915131412066e+00,6.349199267990724982e-01,6.027090288520607908e-01,9.579151643473495792e-01,7.839208092044277487e-01,5.971950655441362610e-01,7.444919072867979271e-01
4.767656266437600432e-01,6.857639065262267630e-01,9.170451933589074400e-01,1.227525558567666097e+00,6.210268934600451374e-01,1.429265225968702646e+00,7.913443490083161835e-01,4.461190447537991544e-01,6.325877841291620562e-01,9.757026198013597496e-01,4.920725853165202057e-01,7.086232273391132042e-01,1.431489009780833710e+00,1.353958581430524388e+00,1.591864237890076694e+00,7.042147361032853325e-01,5.400018500057069959e-01,4.206332046078194442e-01,4.296930716955675300e-01,1.163402382830852178e+00,7.103720997967382100e-01,1.508814694057914352e+00,9.548515302048439235e-01,1.050201383622126006e+00,1.082680870078083890e+00,8.172672127151477950e-01,6.093991204946583862e-01,6.218709620881492928e-01,1.329298600620639093e+00,1.432107042875303549e+00,7.606557132710057845e-01,1.180287622344482479e+00,7.661662483511599842e-01,1.347065237285531847e+00,9.897783635012674663e-01,1.167089906517052800e+00,8.576056636311245596e-01,8.255408179954886183e-01,5.030566649260351797e-01,4.293986765555073970e-01
9.871999002650025945e-01,6.481902446521754513e-01,5.535500176153520524e-01,1.065472097337774482e+00,6.209385214301177403e-01,8.017001706171870135e-01,8.312490459076045113e-01,4.596012913852745019e-01,6.395765793025951496e-01,8.478730596423563748e-01,6.407006726031141408e-01,7.034950145839811153e-01,8.819603402124780445e-01,9.242965502728242022e-01,1.330309360641294569e+00,7.862244265638596019e-01,7.437209775209033813e-01,1.464472018749259696e+00,1.493793659820424891e+00,7.746973378808557076e-01,6.718098799176873692e-01,9.628454580399776752e-01,6.656318266833519681e-01,6.485638186302336017e-01,9.787481350649388512e-01,6.121934239242090570e-01,9.729110157675718851e-01,5.085156463997728693e-01,4.820495241623726224e-01,6.394133112486711790e-01,4.678525496425185448e-01,5.113295131544236538e-01,7.992710486276719539e-01,8.249822867077958310e-01,1.081081671981113823e+00,1.097606987010687041e+00,1.619548152283191822e+00,1.448379249923710477e+00,1.002135501732481115e+00,6.363916094095665166e-01
1.420752752808933872e+00,9.827725832040596909e-01,4.977908839993284151e-01,4.506161828136299730e-01,7.963214371472309150e-01,5.316915588204985665e-01,1.146216609307309620e+00,1.091832609011975430e+00,8.886480664387418349e-01,1.016915348051701695e+00,1.348071495769672445e+00,8.693456349156127860e-01,6.072991166707821797e-01,8.540345723575913928e-01,8.364761596229717266e-01,7.444923071168668693e-01,8.623462931464188630e-01,1.640572634813640018e+00,4.937756331378937436e-01,5.450929271663752518e-01,1.044729096832156756e+00,1.570240342309658921e+00,1.451038540969321611e+00,1.294899601389236876e+00,1.273878518305242125e+00,1.233803262726727024e+00,1.395096010928041919e+00,1.122009758990716088e+00,8.992433006142424023e-01,6.921866457268374129e-01,5.040561845755930914e-01,7.332166770010113410e-01,9.404824585696131001e-01,1.116581582116205063e+00,1.227966155077680810e+00,6.925346192139815171e-01,1.056187711092357429e+00,7.276582356678188424e-01,1.268688682517869593e+00,6.196625853660112648e-01
1.153290788077325546e+00,1.055670142605556139e+00,5.138418772016954961e-01,4.153798297675915241e-01,4.736710904333831240e-01,1.355057200371767800e+00,1.107667085196853751e+00,1.554911139894697758e+00,1.115398576225411942e+00,1.025449479881785475e+00,1.156178115061275768e+00,1.076905650279980753e+00,6.335267852588482018e-01,6.360378293051962562e-01,6.075490321348002709e-01,1.375400739307405473e+00,9.675482756694255837e-01,1.405686655702936383e+00,9.204630960492024006e-01,1.500222465909615055e+00,1.050245317568202053e+00,7.123896009765212645e-01,5.905524352467410587e-01,7.232857767328640941e-01,7.684556292070537920e-01,1.510662532651967149e+00,1.541861234217158927e+00,6.484952626250591878e-01,8.520439677731571626e-01,8.483113874346293048e-01,7.206902604356699715e-01,1.194934070602166054e+00,1.457883656071254697e+00,5.238869773789980311e-01,6.020569220879964378e-01,5.438391517377398898e-01,6.071101437500571185e-01,1.443732674212026001e+00,8.508190943327297306e-01,7.889996967812095141e-01
1.497027890567740549e+00,1.570352897396455116e+00,1.606250307819458323e+00,7.143530097467808426e-01,1.295219022058037739e+00,1.179942467808621887e+00,7.926916221077802138e-01,6.821356019334436915e-01,9.933972286052669132e-01,7.410762935670464069e-01,8.898251804308200397e-01,5.975117055725144288e-01,1.440688240116174912e+00,1.253153348836586245e+00,1.335010062944690601e+00,1.057373118869886941e+00,5.329223940365528378e-01,1.224788603104426388e+00,1.388241699617556391e+00,6.754463167386203226e-01,7.163853384548209968e-01,6.391674961560527279e-01,7.815864449755218768e-01,5.909276152415059435e-01,1.017818548179831417e+00,8.993297589245112800e-01,7.833457926641447244e-01,8.218640648999627762e-01,1.005205806099126464e+00,7.218323052523996086e-01,1.349714632665460767e+00,7.585770368476016934e-01,7.053305023666541773e-01,6.736787010022214917e-01,1.108035706272767262e+00,6.360609826066565553e-01,1.324211941992590846e+00,1.456269663818816840e+00,1.506129861753668697e+00,9.677313117592238889e-01
1.397159800738951851e+00,1.348742188815041931e+00,9.325580078701048992e-01,1.311139760783821551e+00,1.554838076770041599e+00,9.006958667042704869e-01,8.510078663390753251e-01,7.273010730167385196e-01,1.784409498371680503e+00,1.540095734725482668e+00,5.553117333697584757e-01,1.138724641721588382e+00,7.138097337436938306e-01,7.950560353078327536e-01,7.279029103105882914e-01,1.246831733329606173e+00,4.435690184013927895e-01,1.481836337562558725e+00,7.567314022155318121e-01,9.714307183596394557e-01,5.155038256927615414e-01,5.628480604424134226e-01,9.262634757618765091e-01,1.249428026295797745e+00,6.053476632640550914e-01,5.978724346060002581e-01,6.535032393722504107e-01,9.704135660959756216e-01,8.344222305931310313e-01,1.055504001473719144e+00,9.299055660157756753e-01,1.308151532578664789e+00,5.716037066275621026e-01,5.139868191971870282e-01,9.068308862396968761e-01,6.488190764740995320e-01,1.226359537894169183e+00,1.618287815082570580e+00,8.202273642107812401e-01,8.484512551787062318e-01
1.290211524742019833e+00,1.528582840599619130e+00,1.480338274862252890e+00,6.560558453256241096e-01,1.187122562602445752e+00,1.687601308384124588e+00,1.046773018499866481e+00,1.435224399509097415e+00,1.396432487070839112e+00,1.203317675566671463e+00,7.568788562822661437e-01,5.507137025272900166e-01,5.853172174386880311e-01,9.563437274744346350e-01,7.093943688874309039e-01,6.233520055839969487e-01,1.220393614566374962e+00,1.194799650012184689e+00,1.058199927210138114e+00,8.842067257025313376e-01,1.247086617561500521e+00,6.978192381669311439e-01,7.784252315889024221e-01,1.581391635909628279e+00,6.643593396987024224e-01,5.098544133616120799e-01,1.285199983287249159e+00,7.504438781201862030e-01,1.221028477661169509e+00,1.536731643924325263e+00,1.376673134560077338e+00,6.074275236132270495e-01,1.266702896151938429e+00,5.641335897594109694e-01,1.112727689910058437e+00,7.494373200019126546e-01,1.208322349591283151e+00,1.998346764026291966e+00,1.537040295947306623e+00,1.099910628757708730e+00
8.991782593481468799e-01,6.972651530787704610e-01,1.483153202409879245e+00,1.063492988358021529e+00,7.301172557089296022e-01,1.287507670871198551e+00,1.356300921341998977e+00,7.133537472497696319e-01,1.277421143445750307e+00,9.277126167818021685e-01,1.305155517362516893e+00,5.816281899958889445e-01,8.403259024394411636e-01,7.720195320701794817e-01,1.181311361852647845e+00,7.838148185120535905e-01,1.234450261851448571e+00,1.651606213716520166e+00,7.366987674713051382e-01,1.725985637343736334e+00,8.537927452871922895e-01,5.671894962607376689e-01,4.860376645450090183e-01,8.506400129645638186e-01,1.157384165148172439e+00,4.698749450767769620e-01,1.554994928633084861e+00,6.906116129629998879e-01,1.446877985995577376e+00,1.192563332733025394e+00,6.398742696190242718e-01,1.075931310865634316e+00,6.290791828584915146e-01,5.956562267601025473e-01,1.233436063291076135e+00,1.218959777387826238e+00,6.339516259321631431e-01,1.996950008711558588e+00,2.015146948565260665e+00,7.035368864609382600e-01
1.383918289178990513e+00,7.950396971289112047e-01,4.977235937780215003e-01,5.049301947499869048e-01,1.332974897720302199e+00,1.147801728051376147e+00,1.272320773640467584e+00,6.395559823870591298e-01,1.033740825258252949e+00,8.426024614712855909e-01,8.018190263524174188e-01,7.413272628849856272e-01,1.812721042384313197e+00,1.013018738143861563e+00,1.103339505477015869e+00,1.103638605199111389e+00,6.364578255908065474e-01,1.301921643466197986e+00,4.563906329998810296e-01,1.303689160746957842e+00,7.125926987384421096e-01,5.565866644517257766e-01,3.995978283833033218e-01,1.479621769455326641e+00,6.520875532331068536e-01,1.646570929819125340e+00,1.397258196381386819e+00,1.533242915588687305e+00,9.288524627844760850e-01,1.097970110121474718e+00,8.505912120333659621e-01,6.215524984558640220e-01,8.790521805285319568e-01,5.038268500828939622e-01,1.356937112813952018e+00,1.442572194958718912e+00,1.367106390431533480e+00,1.341178071920763770e+00,9.019682115494659369e-01,1.473739923054231182e+00
1.597336843594852729e+00,8.334632040550149501e-01,5.334573987348841806e-01,1.346156209466038423e+00,8.263201143010430183e-01,1.062399930334789966e+00,1.271602899080719995e+00,7.513717047989536546e-01,7.087051374034968321e-01,9.338543584636318506e-01,1.333479437265596923e+00,1.139337509285931249e+00,1.888661819942266451e+00,1.306050158550876805e+00,1.356191655927519113e+00,8.479060646399365631e-01,5.676443035741940424e-01,7.312429675437519538e-01,1.386219742749680961e+00,7.398209661849930452e-01,1.196065038974825967e+00,1.279657142020265814e+00,5.896304423161726760e-01,7.652591067484488807e-01,1.408426984166983420e+00,1.271662950106188017e+00,1.232788754327831304e+00,5.214018737702641459e-01,5.894264886940659975e-01,8.722337467385018472e-01,1.374067809264377660e+00,1.437338123379100940e+00,5.919485514058410169e-01,6.119240194255074483e-01,6.050482970173886033e-01,1.361192834657850348e+00,1.323395274054730120e+00,1.846516281621203293e+00,1.717500191959079769e+00,1.652743129543645439e+00
8.181284627289762135e-01,5.857365644687055894e-01,1.306006649945598674e+00,6.431699817508418349e-01,7.498713307158960673e-01,6.530062923010024889e-01,4.499566538933313931e-01,5.465153216094806865e-01,5.647760989593685332e-01,1.418247404112933596e+00,6.903048241365226101e-01,1.517706496628401514e+00,9.454273708989877623e-01,8.913168846421521962e-01,1.219164017188333116e+00,1.048085213777708802e+00,7.299524004084911866e-01,6.160178188102498620e-01,4.940201017266885875e-01,4.860514059616906635e-01,1.239158276318659935e+00,1.703270339720134308e+00,5.343605682448370198e-01,8.161693841740862432e-01,6.336657276444879194e-01,1.047436667904849905e+00,7.744508350501272398e-01,1.196783364194858423e+00,8.390062721550810565e-01,7.529897908496359094e-01,1.555404747891114603e+00,1.596352737522315879e+00,7.934374811117564930e-01,1.306941150239704363e+00,9.938335241975726486e-01,6.523718857094050749e-01,1.305797191021087489e+00,1.564681239399771107e+00,7.731713122342215305e-01,1.305986372249626548e+00
1.454545380314476999e+00,7.261671429198609529e-01,4.521875620368800974e-01,9.804055289191699885e-01,9.922387030194311786e-01,9.629004060283142818e-01,4.956527923868815910e-01,1.043336348017245285e+00,6.857527369519190730e-01,1.186691572799616567e+00,1.464041010832858980e+00,9.754816286251297708e-01,5.450765154006135260e-01,5.699553479409804613e-01,8.761406109699696465e-01,6.239375425575420797e-01,1.423198925070137344e+00,1.458419729013342714e+00,9.276703361792366653e-01,7.171691964588380319e-01,1.208053799387357685e+00,1.046093778003195141e+00,1.283711859106000608e+00,6.460786539929543881e-01,7.015905172127505640e-01,5.513938726200867668e-01,6.317828296152657730e-01,1.090020478190422581e+00,8.312032789099010888e-01,9.351775343525587925e-01,1.298692844283493075e+00,5.134657005414301478e-01,4.234194163354507157e-01,4.331798922211286818e-01,6.423579187971701909e-01,1.386971472490964086e+00,1.416582545605806542e+00,1.225503674240357777e+00,1.226640559639183614e+00,5.286910506823814249e-01
1.343383238513425004e+00,6.984668406988301381e-01,5.494757174093554131e-01,6.117346247380704982e-01,7.180063603817389284e-01,1.055974832639437810e+00,7.349471844215195171e-01,1.371598796542862431e+00,6.272473090202068668e-01,7.823032453300056144e-01,6.708227256437889752e-01,1.099381356357487682e+00,1.569986780623692457e+00,1.361350310814615883e+00,1.032336143154358510e+00,5.984670016574750173e-01,1.386841802728387973e+00,6.232953676713454128e-01,1.005148345238439100e+00,7.771637858385462838e-01,4.732185394354325170e-01,5.390708317995662746e-01,8.330035071890037335e-01,7.797347129443364944e-01,9.350199215915869777e-01,8.313542284317543274e-01,6.185258396037545126e-01,1.592541419420450799e+00,1.335386260352640519e+00,1.267896083670231322e+00,7.220810707683469332e-01,9.291771377442926694e-01,1.001870871644690020e+00,6.995712364043080722e-01,1.225530384546852591e+00,8.774071557724667514e-01,9.397831375357195149e-01,1.199258593056074629e+00,5.185933695709222802e-01,8.669194376680401382e-01
4.305241942835305591e-01,1.082615805196492698e+00,6.237514321189975286e-01,8.750195135978631189e-01,8.133025716795098115e-01,1.338308205971562304e+00,1.422247704293630122e+00,7.880829027222997496e-01,1.426195410386203122e+00,6.922891298891843403e-01,1.372582428513229313e+00,1.238484090587103736e+00,1.033913720096794053e+00,1.206732260592004558e+00,7.984685136495421887e-01,7.104688933193844536e-01,9.206330712453445475e-01,1.371183329628834935e+00,1.074085250793531676e+00,6.216699431204806281e-01,1.063730043848577944e+00,8.529216244949537895e-01,8.338556891798303283e-01,1.288814463989499615e+00,1.546851211757726885e+00,6.160553345235346701e-01,8.216566502613326106e-01,1.759694717965299304e+00,8.837987574824337500e-01,6.823020619367085038e-01,5.500632706863987087e-01,1.147465897612393260e+00,8.692192232136651819e-01,6.633501589531189957e-01,6.168656592866201827e-01,1.671736490485875803e+00,1.507071268236240380e+00,1.626466202128648453e+00,7.612032311658150086e-01,7.962905862586353578e-01
6.963684933756373319e-01,8.464171395222727101e-01,9.721677234807311052e-01,8.796139008009552507e-01,1.043154237079770841e+00,1.098631076994851075e+00,4.328983372590130552e-01,6.313586801948252170e-01,7.374062245033701224e-01,1.330993194741909136e+00,6.259682276934915857e-01,6.524758004576716175e-01,1.037928736208221903e+00,1.541024864423497620e+00,6.724312756032221339e-01,5.438521389708393938e-01,1.396420136452710903e+00,6.344428726168387378e-01,8.805871331420139780e-01,1.185923490973622929e+00,6.434919448910865203e-01,7.546088858888405637e-01,1.059602055290743472e+00,9.749844936537934714e-01,1.281216116822520901e+00,6.934238749535407420e-01,6.051210963387948505e-01,9.098280145531322249e-01,9.556277771294707790e-01,7.720048589406593997e-01,6.696568481668373485e-01,1.222340462845889153e+00,7.713134637086517253e-01,9.732393809345463165e-01,1.019771503320615835e+00,1.060023931982764012e+00,7.191539412393138653e-01,1.004733894028511543e+00,8.581008972201186191e-01,1.003478394577921984e+00
1.019409746548051388e+00,8.921382703574940454e-01,1.215962773102147620e+00,1.442799573851209827e+00,1.109104968070445674e+00,6.939033589735282836e-01,9.925796110033630049e-01,5.883407583352875392e-01,9.024312698333719629e-01,1.631954325389374461e+00,7.279582780669504594e-01,7.137939562941731930e-01,9.945382429575129191e-01,4.754540880438212769e-01,1.107058446679368258e+00,5.276549148679084977e-01,6.444914783407755809e-01,6.488893824658408249e-01,7.202367854103574052e-01,5.745062158293442467e-01,1.465768587322856975e+00,1.549051371153740808e+00,1.220714020466530769e+00,1.665588255700927167e+00,1.471087112512642125e+00,6.071813294859967902e-01,6.700756299665020510e-01,9.896396572935433067e-01,1.387601679077651973e+00,1.052185751432928473e+00,1.173385792172778608e+00,6.992233468380565364e-01,8.783317632453179202e-01,7.478357157473757288e-01,1.375681591192870590e+00,6.457498315317942161e-01,5.889556424569932780e-01,8.306556753655875980e-01,8.680936965618085699e-01,7.878230399488090896e-01
5.837883790711151377e-01,5.776259762357996985e-01,5.979826825658314249e-01,1.209630707470143562e+00,6.647440584456263402e-01,1.273508664398845580e+00,7.554178279895116255e-01,9.469442490033653792e-01,7.341587412336755269e-01,1.635293429788972741e+00,1.433287808032616573e+00,1.082203694540180283e+00,6.976790066323120820e-01,4.217154393269522128e-01,7.441507085938688926e-01,1.172189981490546984e+00,1.368356855178320952e+00,8.860431187879026504e-01,5.533263823700071971e-01,6.815059887125924920e-01,7.614143895701398490e-01,8.477936241885265511e-01,1.163514828042683691e+00,1.229022654880812526e+00,1.459479570418187988e+00,6.034102895516171294e-01,4.938534591661742357e-01,1.097783250866707139e+00,8.315753728835223457e-01,8.150740859776702818e-01,1.389859882063124052e+00,8.333458182819089011e-01,1.286820400355758176e+00,5.904319060848816081e-01,1.280541592673932749e+00,9.533948030640537752e-01,1.447179867345326443e+00,1.477785626699759991e+00,7.301731736501153591e-01,8.817099677263493529e-01
5.449518734462761582e-01,7.413358084727407205e-01,8.459225458526926644e-01,1.203222074392640062e+00,7.026091344618254908e-01,9.057321840512142508e-01,9.203851862653342764e-01,6.916207589845845272e-01,7.203311693636699209e-01,1.591545314042302151e+00,1.633477939379783583e+00,7.472586195292753031e-01,1.045489902773580004e+00,8.570561891219925510e-01,8.421458581138042687e-01,8.835999266101252081e-01,1.406640456940901673e+00,6.120458871608737139e-01,5.591168714028308395e-01,6.917672053240893071e-01,1.036645463329186390e+00,8.391212449033698118e-01,1.237178836630952183e+00,1.162241871785265390e+00,1.083188605178017960e+00,8.703943397462391429e-01,1.518226281374582598e+00,7.083667975030906172e-01,1.318893084260461146e+00,4.775766868790816688e-01,8.392480207901822364e-01,6.507137553335995417e-01,6.626432545500986482e-01,9.872030916229272979e-01,7.773736364316433667e-01,1.431380949718892959e+00,9.508652120408528363e-01,1.361204641410650451e+00,1.325541195414486451e+00,4.327243984666390708e-01
4.993202877887168989e-01,1.236024039361785620e+00,8.655308559139088809e-01,1.446794114794820896e+00,6.271718322874672014e-01,1.472905818824736590e+00,8.070704887494409840e-01,1.263613533643251241e+00,7.959536359023831054e-01,5.068264548750603948e-01,8.725372398280110131e-01,6.266986028817318477e-01,8.585330017489583021e-01,1.556685809586923819e+00,1.060677500549568775e+00,1.042081703353501476e+00,8.842181385102519942e-01,1.059830257429396294e+00,9.179666333084460783e-01,1.396747621553243501e+00,8.314283308243914927e-01,1.409888225438246545e+00,1.534738771060105700e+00,1.205656048365751243e+00,8.060256486820859267e-01,5.892430618463162517e-01,7.125416165827843651e-01,7.477676477728746329e-01,7.967629826206054089e-01,5.330926259543961043e-01,8.693990050368015643e-01,1.111957558691966996e+00,6.011561999582810678e-01,9.796082646995454279e-01,9.035953001026105769e-01,7.114923504603645199e-01,5.871593245189135057e-01,6.569748462298020675e-01,1.380093989769249241e+00,4.401245815260191319e-01
4.373371055711662292e-01,4.705698397656465359e-01,9.574885353786444231e-01,9.323967383334089698e-01,6.186178690598995722e-01,7.104610309923587996e-01,6.843746097733217626e-01,4.439902263888051981e-01,1.444386811851113839e+00,8.352258662507222597e-01,7.298849096726300889e-01,1.281775031921226882e+00,8.617066031298920015e-01,6.767084813294711454e-01,5.955644468842467010e-01,1.160800641642865783e+00,5.349134950759273366e-01,5.418134783474809479e-01,9.991634792542736232e-01,1.186831832226121541e+00,1.668357023140438544e+00,8.271501358566301088e-01,1.351760706633005071e+00,1.469307445634374210e+00,6.910833203060027241e-01,1.305424499480674516e+00,1.457121282160686260e+00,8.928803549045287724e-01,8.635882161133464630e-01,5.669662785325533250e-01,8.594498145084871199e-01,5.024544447839418559e-01,8.185577737387151886e-01,7.069545032619971581e-01,6.028465388077746123e-01,8.221661074923506396e-01,1.340539768863581616e+00,1.409967048388987454e+00,7.702866528274687763e-01,7.153493695710942957e-01
1.178087198854825823e+00,8.055279030435062992e-01,7.005616408950187113e-01,8.716774166647867084e-01,8.394131392885271215e-01,9.305758323147561573e-01,1.754129047807534869e+00,1.210069250971088195e+00,1.461508506047372924e+00,1.401818070350305589e+00,1.264399447796243914e+00,5.271891160930101128e-01,5.134569764714657092e-01,4.951962278108426041e-01,7.588967845655461009e-01,1.172389557274497118e+00,5.408023324542089449e-01,1.389370369452280762e+00,8.150134001702680209e-01,7.167139615890935067e-01,2.033102925912066095e+00,7.395567797826966272e-01,1.326416408679400583e+00,1.638173665570697102e+00,6.604186766648285634e-01,6.598075167037058542e-01,8.693755614734286485e-01,1.513207833333929164e+00,1.532118044352662745e+00,1.537065140336644431e+00,5.810905638836875164e-01,6.608343531959700590e-01,9.429281796342453559e-01,6.414775004044899198e-01,6.507016122569939665e-01,8.923615084465332803e-01,7.301882530344695477e-01,1.728739633972064871e+00,4.915171507014406416e-01,1.486019894209130054e+00
4.086740665024742869e-01,7.100421460479872104e-01,7.037792095691255412e-01,6.853651200094148521e-01,5.989579960473692122e-01,7.390966498985968025e-01,1.360791260261736246e+00,1.288172400628536218e+00,7.715206900276164736e-01,1.642863056234451058e+00,8.122538641829076811e-01,5.425047397119558967e-01,6.261398989962467798e-01,7.171262802947926396e-01,8.790470857470786825e-01,7.133288029672810726e-01,1.308538378777918565e+00,1.125409317687901645e+00,5.813080958236642726e-01,9.610552793644222547e-01,1.612478193152778072e+00,1.164662279314441662e+00,4.769270904824132185e-01,4.500459725085922402e-01,1.208061856197015782e+00,7.446965870283622779e-01,1.067758347870951363e+00,9.677914512007096404e-01,1.073668635370364832e+00,6.342465338591677382e-01,8.376005875626242325e-01,8.123583596176864319e-01,9.609706570173777163e-01,1.421364705587928601e+00,7.055429803169948055e-01,5.580062709790036823e-01,6.601075437387314837e-01,1.172515416908605168e+00,4.342666272791898541e-01,4.577120480157678140e-01
5.712283839002748609e-01,1.171530995545545739e+00,7.307165036793715762e-01,6.634448196595250646e-01,8.023480250881550591e-01,7.931984401752449898e-01,7.443322372543214049e-01,6.996567157980868590e-01,1.155049957440383634e+00,1.731065981643097107e+00,1.457942329745927301e+00,1.453430805445200313e+00,1.395381794891134453e+00,1.475514465244405216e+00,9.824150598293436287e-01,7.702376521114038255e-01,9.965218296806346299e-01,7.662453790707954848e-01,1.361908963372719050e+00,5.712949341972555217e-01,5.876230620345327393e-01,6.399826774497595627e-01,8.254046454367269803e-01,9.899437774595911677e-01,7.955757507163371267e-01,1.565058902384468320e+00,6.799865975969634491e-01,6.117931452319054220e-01,7.806566525256600775e-01,9.316861882632208047e-01,1.547076737874960584e+00,5.236178431287313861e-01,1.414474252719611691e+00,1.538150020958280573e+00,9.005106837784671026e-01,6.235049568809664100e-01,6.744411508481022999e-01,8.320216881101287765e-01,1.261792433702102922e+00,1.399566691979540423e+00
