7.521590624739497022e-01,5.644815545670431867e-01,5.842394256119174401e-01,1.168030968263179981e+00,7.308432082132405583e-01,7.314662883170266472e-01,9.967087050204379572e-01,9.010087060152131011e-01,5.488680047973434339e-01,1.169689879722715542e+00,1.155054937051751773e+00,9.234269116819524559e-01,1.073876052680559523e+00,1.011860546963792462e+00,7.791432812421066334e-01,1.404154477132634860e+00,7.341148199055465007e-01,7.215167616051927357e-01,1.238624664258809904e+00,1.091795758990274923e+00,1.552036145047284599e+00,8.927778121698379810e-01,1.643653847206488550e+00,7.728695576069598561e-01,6.731189354282277604e-01,1.866434935070944379e+00,5.199269331271110239e-01,9.550353806849770644e-01,1.413461485780958204e+00,7.106805914352575249e-01,1.674187034337213165e+00,1.552384611842320572e+00,8.421692396033600980e-01,5.728176454150273322e-01,6.859359015575045015e-01,1.201581496989172493e+00,6.178684471307775983e-01,5.404586012574856824e-01,9.260668406786936036e-01,1.353702498286683875e+00
5.749067369308961117e-01,6.086508674408172004e-01,4.926720198618343427e-01,8.260167528385804481e-01,9.777123455415154263e-01,1.256779781236865512e+00,7.861384240514383004e-01,1.248701934972334504e+00,5.890988497442182226e-01,1.216489974734120683e+00,1.021361520091506714e+00,6.165676179018942937e-01,1.377931063044012250e+00,1.323284047180189882e+00,1.450973065894979097e+00,1.456570294788492204e+00,7.851333149903357844e-01,5.777524574190168183e-01,6.710200720623830106e-01,1.282664756912093251e+00,5.056064539534663727e-01,1.283847255533408616e+00,9.049418093407362029e-01,1.000277816536382813e+00,9.283725067528381114e-01,2.038372590186293465e+00,9.311772654397552085e-01,1.198902362245968023e+00,1.199727110272249986e+00,5.713483984673048965e-01,1.719641607428615604e+00,1.286451956178890521e+00,1.536738455892888267e+00,7.015139404474441953e-01,6.290027384144990519e-01,8.673014994368658526e-01,6.130531521666908734e-01,1.319088816881424098e+00,8.626242314771416231e-01,9.387294039161453441e-01
8.550847595041781712e-01,8.803535440994956218e-01,1.265281695401595741e+00,1.334501197561340113e+00,1.543012582716908332e+00,1.504402633514010157e+00,8.241074122513536437e-01,1.565738621358783389e+00,1.026563361798184193e+00,1.260859100176271896e+00,8.457575412359329414e-01,1.953657747238798148e+00,1.794070122079477470e+00,1.707483845507572928e+00,6.838785611632546280e-01,7.775485683853107233e-01,9.119053581457582380e-01,9.869882607289842680e-01,9.073043070206547878e-01,1.081205613555508371e+00,5.217970674449028401e-01,1.535070822207915242e+00,9.310770129082635016e-01,1.381923074612554148e+00,1.799020460139195254e+00,2.008206259324555543e+00,6.050404981955334049e-01,6.724190510468094351e-01,1.293617175268376052e+00,8.089432148260295996e-01,1.215069176982541688e+00,1.194988668044720148e+00,7.111066153742584550e-01,6.457962910541591439e-01,1.009874925372868493e+00,9.282547792852192670e-01,7.282364379841487212e-01,1.036117616602478364e+00,5.705909236259653072e-01,7.493667836624949841e-01
1.399161448259991225e+00,1.024612921656020248e+00,6.862755225492144229e-01,7.949860668429176158e-01,1.558030803088662930e+00,1.662388790266128513e+00,8.198774531994197368e-01,1.220048127882312095e+00,1.092938300250746009e+00,1.316632513691003759e+00,1.086144953781751354e+00,1.638701068071434896e+00,1.088171127908100999e+00,6.161782655743581749e-01,9.536438147237170648e-01,1.217241625983878972e+00,1.060579897428369556e+00,4.399282557219908463e-01,1.064306961524683626e+00,1.245663875211971972e+00,7.173912559971856728e-01,1.050262750948087298e+00,7.788258593420182008e-01,1.170140914583762015e+00,1.737525368126082270e+00,1.621762351730041463e+00,1.508599213316390797e+00,8.902822999430825002e-01,1.149992388215506312e+00,1.303113197353435559e+00,1.459221071410507831e+00,1.240810854321083179e+00,1.051659031979462311e+00,1.453533524113562292e+00,8.080231715812953297e-01,1.237952993389907608e+00,1.130781015907419196e+00,7.262983711832579070e-01,9.021458287457695402e-01,9.543890084269232021e-01
8.025667024392133531e-01,5.987293599564045277e-01,5.570802098365703614e-01,1.304564849526529180e+00,1.547221200082016246e+00,9.510812327128700394e-01,7.335570796477910438e-01,1.174477579148149875e+00,9.237208493406036114e-01,4.834373941543506636e-01,1.270831778759651476e+00,1.803534110856439110e+00,1.388349726129420647e+00,1.580387880446568083e+00,1.179068833196800004e+00,6.311314207654431518e-01,4.613546333416355671e-01,3.970494242319800859e-01,5.032382389037142190e-01,1.190747249320927015e+00,1.299977074085848727e+00,1.809714592905864672e+00,8.139680718773850687e-01,6.271168054595264163e-01,6.964707966055206922e-01,1.362794790703686809e+00,1.225600128261918220e+00,5.796645506036683937e-01,6.464104869581928092e-01,9.957979711125610756e-01,7.178049322787819486e-01,1.040386586828256021e+00,6.161042736839340561e-01,1.317386019633180805e+00,5.627435347611454697e-01,6.770236596019535424e-01,8.706729539522763961e-01,6.742071763778330062e-01,1.367863664912864818e+00,1.595389970401022373e+00
1.680664389033057482e+00,8.481545867789163085e-01,7.775695376751911025e-01,1.794564329267160474e+00,1.952261583556434754e+00,9.274805260584179090e-01,1.039699154085497401e+00,6.446693891978366731e-01,6.711802087534038952e-01,4.326778555061124298e-01,5.081980607699052577e-01,1.635512269885318837e+00,1.068401876075268264e+00,1.251776040945141721e+00,7.149198507496875576e-01,9.420872595157229190e-01,5.957497403096648769e-01,6.814296579291378997e-01,1.110242434311945914e+00,1.583423905966523382e+00,1.684557153665534823e+00,1.416597578975733018e+00,8.549680354360169598e-01,1.335773357866516520e+00,1.274485667872478745e+00,1.694402651334838916e+00,1.381747899749641073e+00,7.683133681831778583e-01,1.022184229623837926e+00,1.122413540551433275e+00,8.811639514791754779e-01,1.350090882652225543e+00,4.997543928417570447e-01,1.300684488893219637e+00,1.297697565211243242e+00,9.354829309899636014e-01,1.134988886875076597e+00,1.017260361779588562e+00,1.152156984657068062e+00,9.584510297841670745e-01
7.012673143723390234e-01,5.811445737692142455e-01,4.123951404592414161e-01,7.551074710312336569e-01,1.362823640694439176e+00,5.639039542137771477e-01,5.015879133534197898e-01,1.104796254690388224e+00,1.078310455466157780e+00,5.945902580237100166e-01,7.652573703354567103e-01,1.272721556411549049e+00,6.066505971544025044e-01,6.584891597805242469e-01,5.031858668550990288e-01,9.212055754325253476e-01,1.519260087590136532e+00,6.973425495712796129e-01,1.238457360437559274e+00,8.739971985774732666e-01,6.448238607507310594e-01,8.589428947622181898e-01,9.353390756207770051e-01,7.174118856665941957e-01,7.753591414644034341e-01,1.296750995486042113e+00,6.686160913795399230e-01,1.385961120917671652e+00,1.422546940152759065e+00,7.458562158683735843e-01,1.252906651963809237e+00,8.940870966870809733e-01,5.896878790070303467e-01,1.284359541239510571e+00,1.449929007966613836e+00,1.641939034617013737e+00,1.342814105841890093e+00,4.972681521771340485e-01,8.116374809945392510e-01,1.314203048512948335e+00
7.498605820586400350e-01,7.176532331809722942e-01,1.120047889468107183e+00,1.267893986142318852e+00,1.424034294091313324e+00,1.292705148632128376e+00,1.286864468453375432e+00,7.542369085397634398e-01,1.278610167170017853e+00,6.582318033152850800e-01,1.013813336416843569e+00,8.963565495868427435e-01,1.637336993870738278e+00,7.221688183316996579e-01,1.119391386514644759e+00,1.328051168002716276e+00,1.429688380385027990e+00,6.150450796837272360e-01,7.825233729225514745e-01,5.920002077016073283e-01,8.786981457403473250e-01,6.152599429303901024e-01,6.537854652135830502e-01,8.636612554773440698e-01,9.068424671180129737e-01,1.034226372939936800e+00,9.776246411947292492e-01,1.066994680695144693e+00,1.674018589819440184e+00,7.276406839159161866e-01,1.463891533694180014e+00,6.176159731585195711e-01,4.856636688638774624e-01,6.660025520973379409e-01,7.368308263574870898e-01,8.560923631283821056e-01,9.348441813513748144e-01,7.520849657140760147e-01,7.785965934126838350e-01,1.382339571401240974e+00
1.309323023910600181e+00,1.785949472807492722e+00,1.027708983789697994e+00,1.418147122295785323e+00,1.035764224729174732e+00,8.260649501348238388e-01,9.045778609988797125e-01,9.094391117092469612e-01,1.435217410300907881e+00,6.269230759046811041e-01,8.982178380517382710e-01,1.379959707404201152e+00,7.549255602559344913e-01,1.106549411750699763e+00,5.790164696621715734e-01,5.769869041669392074e-01,1.358317900005538093e+00,1.097011437038755366e+00,7.850038432211549067e-01,1.010508833748407165e+00,6.354416611066511233e-01,1.039411344857692265e+00,9.658808979609655454e-01,8.272914747446482586e-01,6.673457198309848959e-01,1.194585410783674639e+00,1.474500203678919652e+00,1.025271777170702947e+00,6.346855282962873268e-01,1.421956474928664838e+00,1.539787149719103354e+00,6.941550937068148297e-01,7.846140257151410502e-01,8.291051818010676255e-01,1.357815809637924254e+00,9.109877598760777184e-01,5.885534280637012561e-01,1.400960719361393991e+00,6.994688754284036358e-01,6.746306846817324843e-01
9.212227408362442249e-01,1.629432601228027355e+00,1.478381971078513990e+00,1.702303116801055616e+00,8.242975524382221142e-01,9.353368135152700935e-01,1.207098536443257153e+00,1.353008822659400145e+00,1.401563628073812184e+00,1.187830638201458733e+00,1.792938676897221084e+00,8.127239990855016361e-01,1.209759554287109573e+00,5.913314964459714940e-01,9.052885735138355150e-01,1.302709287811833150e+00,1.279692067386470011e+00,7.212575075149373349e-01,7.002583400927134827e-01,9.813610797637163374e-01,1.432256247351841205e+00,1.328023023149929482e+00,1.253065262234648980e+00,1.512641311391457855e+00,1.212476209526615945e+00,1.418726590810568400e+00,1.004237490175578840e+00,8.220287527180185627e-01,4.991605858778208615e-01,6.142523449988946949e-01,9.103052288209328990e-01,1.433794893494013456e+00,5.597603836096030072e-01,5.457032534860838391e-01,5.766717291080223351e-01,1.155620344647749542e+00,7.819284321035623320e-01,1.604766032177870061e+00,1.181015658293521842e+00,1.088861127134308937e+00
1.109314369695137303e+00,1.228919535395915030e+00,1.563948830533228307e+00,1.482481514853486004e+00,1.274025741537794465e+00,9.310332421898099842e-01,9.903689818834969794e-01,7.471256838161486336e-01,1.042652067826405959e+00,1.087044928824992818e+00,1.062493905166817187e+00,1.277478365341958799e+00,6.697671560697933124e-01,1.038608732844300331e+00,6.657203324761874486e-01,8.591057707729344850e-01,1.346258526089114227e+00,1.084319252854939242e+00,5.816813867427439444e-01,9.040305515033517647e-01,4.212153157467308784e-01,6.609482358884015696e-01,1.390257302611676682e+00,5.078207030749891659e-01,8.056444663417124952e-01,1.389962611209138332e+00,1.274385937153304171e+00,4.883702947732997957e-01,7.247062179441170482e-01,7.241776317793507944e-01,6.488386417739808731e-01,1.407897316892100070e+00,7.510907372821805650e-01,9.289756203038695981e-01,1.765655051517519780e+00,8.934225803326061310e-01,1.064542798100349019e+00,1.296316278570775138e+00,1.412273340151022794e+00,1.315324233748668137e+00
1.171422434204040020e+00,1.366898221364022614e+00,1.386122563741260638e+00,1.455842576400487198e+00,1.634982915624637378e+00,1.501070212736589582e+00,1.248334112509214888e+00,7.818991530808420132e-01,1.163771901022127464e+00,8.460085206649085032e-01,9.901400895371799127e-01,1.262446419629503325e+00,1.076710602795244887e+00,1.734819698728154114e+00,1.275721344867418283e+00,1.034594992527291923e+00,1.291876609292183176e+00,1.082991073042849361e+00,1.238701868152012331e+00,6.360631610252236445e-01,3.752166852755879356e-01,4.273334147438154207e-01,9.416846520089410255e-01,4.857593170775062474e-01,5.325451135531668045e-01,6.325717628939293569e-01,9.626474252730958803e-01,1.104766877432788785e+00,5.656020404273067737e-01,1.028068153499594128e+00,6.165370869628686856e-01,1.043318059177745338e+00,1.216162252279405331e+00,1.563718595392581179e+00,1.276655671580827933e+00,7.889973881629529506e-01,7.916030164393635937e-01,8.617528320612817261e-01,8.507728016994906550e-01,1.030999790860743559e+00
5.217401606606212328e-01,1.339908784746254522e+00,1.273280523181303581e+00,1.124731356114411218e+00,1.395442271943881041e+00,7.508258391033266754e-01,9.611233212335272835e-01,1.635383967618666778e+00,1.444579227871529481e+00,1.104990820097598192e+00,6.628962403325078245e-01,8.131693082119237914e-01,6.333754166708018829e-01,5.701315248545886227e-01,6.515592117952865303e-01,6.581647771376119005e-01,1.004325434878836409e+00,5.728155136884180987e-01,1.109026137894687292e+00,6.688886688999495789e-01,6.599439170571718138e-01,6.631041308789396016e-01,1.360135580562070290e+00,1.554809263160200627e+00,1.511728100656112073e+00,7.227231116210648398e-01,7.500994952429304030e-01,8.791456665827848127e-01,1.513024106836949434e+00,6.921166520467547656e-01,1.312926120736923385e+00,1.609894949965205990e+00,1.196743454268118567e+00,1.729266604656351181e+00,1.328815001278534691e+00,8.165719593639186868e-01,6.890411395587764387e-01,1.180935515715880069e+00,5.075559499300575927e-01,7.252190924316813669e-01
1.013503913099657927e+00,1.434200133717878911e+00,1.555729521708894225e+00,5.021725794845099955e-01,5.369799010183723409e-01,1.441297094214412322e+00,1.512046573631195878e+00,1.177482552109016645e+00,1.068621258945490871e+00,5.841216031263358754e-01,5.929295619946508555e-01,7.252028217691871559e-01,1.097511409821685380e+00,6.688995998637093932e-01,9.086209099017703572e-01,1.259048694168311888e+00,1.415723949280540683e+00,6.360906513849889921e-01,1.355479705502373955e+00,1.360531323657747871e+00,1.237599174933880386e+00,1.581150665889226037e+00,1.810692299718762888e+00,1.607805377140734127e+00,1.461098543866574007e+00,1.093120440291830864e+00,6.775327669342459114e-01,1.439719959171624986e+00,6.884273371246025786e-01,1.038110917408861855e+00,1.396042438211233305e+00,5.614653616327035524e-01,7.785696375889701315e-01,1.091416345275272759e+00,1.139998902930923652e+00,1.169813576837890112e+00,1.611905156864505750e+00,1.890635107464841091e+00,1.009329541231934302e+00,8.363560696002212413e-01
1.738629973883294211e+00,1.246656640772827895e+00,1.211456000275435541e+00,6.756825017317632520e-01,7.340464865172946496e-01,6.951869445601813746e-01,1.823037686821324721e+00,1.538758779632931839e+00,6.221673427844286453e-01,8.236139512332858459e-01,1.252583741197125677e+00,1.307472732196936382e+00,1.006520671824202795e+00,5.502155587520315416e-01,6.109337796318859981e-01,1.431037900798888707e+00,7.744088989141243440e-01,6.854222825671575370e-01,1.130456992056318999e+00,1.078302319016825050e+00,1.744637068349091935e+00,1.137681491657426269e+00,1.494645207229385209e+00,7.386271222626298316e-01,1.300322601764923425e+00,1.527768271581029902e+00,7.167420030843772993e-01,1.306559503291583990e+00,1.584814978422246945e+00,1.032979190068390896e+00,1.041909782639756310e+00,5.057769268774324756e-01,1.359033627978832648e+00,1.380983452065515982e+00,7.041195213245053930e-01,5.713219085169253253e-01,1.187761651221130643e+00,1.691859476202796309e+00,5.759772102102029834e-01,8.886415724956252538e-01
1.199910638122348328e+00,8.692034172261428049e-01,1.198143202107802452e+00,1.132787416982179662e+00,1.522731535173565964e+00,7.340310156938659736e-01,1.152077510405876692e+00,1.263274330964329728e+00,7.252120764183305202e-01,8.155247200239937877e-01,1.385454337462750152e+00,1.223913085385985644e+00,1.493142005065849043e+00,8.659579106773200863e-01,1.617370435286945130e+00,8.540115500264068293e-01,6.616827514727412485e-01,1.164223305398791153e+00,8.835627333146519602e-01,6.972319238034034861e-01,7.587064049596985438e-01,1.097637101063242637e+00,7.378981258957491018e-01,5.216754719888337943e-01,8.368884841627350912e-01,1.346958840398923885e+00,1.406854196332698592e+00,1.488192085409453025e+00,8.827810167406561215e-01,1.232039782478929757e+00,8.693465546351318851e-01,9.810440841847871685e-01,1.190190872286692736e+00,1.325802340398753554e+00,1.481567726190757606e+00,8.511059270197812721e-01,7.919990878442816351e-01,1.248941683148208082e+00,1.101029564956635731e+00,1.007487600241399495e+00
1.436982002483857990e+00,1.202728258792884697e+00,1.451084991837163329e+00,9.003290014184254231e-01,1.493246583057379562e+00,1.363942833979336910e+00,7.027833318788848649e-01,9.303949321070247303e-01,1.035882682520105069e+00,7.711566377675087569e-01,1.170540712409821715e+00,8.679193868137193846e-01,5.929218617139581093e-01,5.948088750881238562e-01,1.563193180980920305e+00,7.740761500837900488e-01,7.750294092945523294e-01,1.149241756593188502e+00,1.319397879590040956e+00,1.447525572426323626e+00,6.738263898489414983e-01,1.171062743985731291e+00,1.361809974870518358e+00,8.273534823760052559e-01,1.181796953220002111e+00,1.396703915670138851e+00,6.482184378829236593e-01,5.363484218488850930e-01,8.989118547401843129e-01,7.810361088712184374e-01,1.400319104523187974e+00,8.545242673329305205e-01,7.950888611541233608e-01,1.136698882939401578e+00,1.580278050757545349e+00,1.428583626666493300e+00,1.439671282781276984e+00,7.831882418773481458e-01,5.837171568933945398e-01,1.549426392337652558e+00
1.048169059079052001e+00,5.737892417796667255e-01,5.905933426317445667e-01,1.234651989732669986e+00,1.442663496236743725e+00,1.360866383365958887e+00,1.737527881107467254e+00,1.159997577550090586e+00,4.864104969893022212e-01,1.462951184236088498e+00,1.315732758310665496e+00,1.350418755106813196e+00,6.208383116043331151e-01,8.916194581746751391e-01,1.471136374354601539e+00,1.214517690460341193e+00,1.413981143048014477e+00,1.196026016433399786e+00,1.161314499820721435e+00,1.431766427727175550e+00,6.833146970781487362e-01,1.167565631998302988e+00,1.829916296847434065e+00,1.681263266142017487e+00,1.312013442322434997e+00,8.704577649834162045e-01,1.106719036711537374e+00,9.196772731188832539e-01,1.257554766035911653e+00,9.838633450687749304e-01,1.287110359846784791e+00,1.417403292462362296e+00,1.450063332245273395e+00,1.189798883663643281e+00,6.920632311742733744e-01,1.158201058941779049e+00,8.151640554665322558e-01,1.330630786352848594e+00,1.135438218826871237e+00,1.118658024384702410e+00
1.650710261789479993e+00,8.780843429682912982e-01,8.268504292306961823e-01,7.827271146892006426e-01,1.193571888560024608e+00,1.235569751014920170e+00,1.672943545078361849e+00,7.261928553007129805e-01,4.619266331470405218e-01,7.840416830579586271e-01,1.437243013342142772e+00,9.680831008932445636e-01,4.640787603325033928e-01,6.295014098663341828e-01,5.486795818318824791e-01,5.674314013149842628e-01,1.743309778214374717e+00,1.352897370375979680e+00,1.480758549797344115e+00,7.390671020786313550e-01,1.116767827355879872e+00,6.413658233868432257e-01,7.750430688607961027e-01,8.389991149098567913e-01,6.794363882831762069e-01,8.392108909996852661e-01,1.411598710710877835e+00,1.009195674709685298e+00,8.549418653165266058e-01,5.881232076337127301e-01,1.050750715103768274e+00,1.101626013503753665e+00,7.194296614079886965e-01,5.546864130036401885e-01,5.391511345511494913e-01,6.530102646087505569e-01,9.048557942205854854e-01,8.899404149251306517e-01,7.442977943811533992e-01,1.375204546072270384e+00
1.128994874849798657e+00,7.317854267695846904e-01,8.189188423642643766e-01,9.075701686117867428e-01,4.089052362076973091e-01,7.212613292535570153e-01,1.418832855008640648e+00,7.334432603252764027e-01,1.233016623889174435e+00,5.939395998419919609e-01,8.680993286397427067e-01,1.214152136053877173e+00,5.945951812924381574e-01,7.574056582108708024e-01,1.220695779856214136e+00,6.438300729042373272e-01,1.856677681214201181e+00,1.493484798041903927e+00,1.416187394885886519e+00,1.295199586813656101e+00,6.198468598288733311e-01,1.459495676294620514e+00,6.738978232560574044e-01,1.224380716458257634e+00,1.369094476536004912e+00,5.637464300907497616e-01,1.766470414914133702e+00,5.132022922370927942e-01,4.690601062540766253e-01,7.405700824262302362e-01,7.630677922858131179e-01,5.383116101844707124e-01,5.120970064892720330e-01,5.770630161640525335e-01,1.359656483830707030e+00,9.569233692859260287e-01,6.174177861926861688e-01,7.092389786638269022e-01,1.818623872298122723e+00,7.532829240554282935e-01
1.714101840284112832e+00,1.542435708783580051e+00,1.362530489834258285e+00,1.147054177846060119e+00,7.236265719961929577e-01,1.498613174428764960e+00,1.651520359816012418e+00,1.285015312124795361e+00,7.136575844890451492e-01,1.240934495310932251e+00,6.713522725195445462e-01,6.733211428695107248e-01,7.657808491410719176e-01,1.119756408472532216e+00,8.947984880778145911e-01,7.121490213291145066e-01,1.984435687730861764e+00,6.828433440975603119e-01,1.380217379001002609e+00,1.267499993537575032e+00,1.314327242679353303e+00,1.165116725956974797e+00,1.037179857697154040e+00,1.021939263059616465e+00,1.675988050641876281e+00,1.168681164259218752e+00,6.253512899954214443e-01,5.848641623001916701e-01,4.753008281553251502e-01,6.294088918676601363e-01,9.845354049012304820e-01,7.380258092154878824e-01,1.311781283847301749e+00,1.105819390577368777e+00,5.527626268673546672e-01,1.152738062303803490e+00,9.229922642233279184e-01,1.614154829106435596e+00,2.097915511706768488e+00,1.608161255660140343e+00
7.460064810233860699e-01,1.068194518747742405e+00,9.461877816909484151e-01,1.040337991900005754e+00,7.760124267029789857e-01,6.382377223629063234e-01,1.355127979552434692e+00,1.133061038870930126e+00,1.246007912781634586e+00,7.397390098176314099e-01,4.295290469549338797e-01,7.044603038396933803e-01,9.142472295406524063e-01,5.875281710951875125e-01,1.048761126829988566e+00,1.397999685809634629e+00,1.557505929641289866e+00,6.234455092299169277e-01,1.104011351623252368e+00,1.252060101460967800e+00,9.794190121174268793e-01,6.647537281620755634e-01,5.198358932025834989e-01,7.584224640229898506e-01,1.579064787465051412e+00,1.531003142137212780e+00,5.037937167882281519e-01,4.921138973930004878e-01,7.335180844573198078e-01,1.161191054943746526e+00,7.364650903307994323e-01,1.152346610154774353e+00,1.031231670937040157e+00,1.202341262638153774e+00,8.481803759451052027e-01,1.148854815296072918e+00,1.349805199009937118e+00,1.265496995166034422e+00,9.291846156964500558e-01,7.109610279904184926e-01
1.355127108995565210e+00,1.298160804911176802e+00,7.926746992931100744e-01,1.136240708270630506e+00,9.200589125015887770e-01,5.822621326776966644e-01,5.974608526043695411e-01,7.250191356049836555e-01,1.038669980048569474e+00,7.203085234748597410e-01,1.117003809689065985e+00,1.535541012094809421e+00,9.750947623859266278e-01,5.636818813652229032e-01,9.690164150968249013e-01,1.359094676256240808e+00,1.159475698497733687e+00,7.339827123261061237e-01,9.547295160714346363e-01,1.443416432341812827e+00,8.721171441418339443e-01,6.995638627268239151e-01,7.504908855911635035e-01,1.257631401532480986e+00,1.048194249407955692e+00,1.432572933937808379e+00,9.512813354474030092e-01,7.282316827134196480e-01,7.627460624049903215e-01,1.313521601677696493e+00,6.751349885830226771e-01,9.519016125576685861e-01,1.103615683380200219e+00,8.696581314477812574e-01,5.810178876130790426e-01,5.907234823718549022e-01,5.339176877796517617e-01,1.681486380943106207e+00,1.336285130889747430e+00,1.363364036773593968e+00
1.738187958585083903e+00,8.931012908164103203e-01,1.187405789407042001e+00,9.967111400445566316e-01,1.166829826981844676e+00,7.591463243296366903e-01,1.950673370178206856e+00,1.673157109022602285e+00,5.724688405186143525e-01,7.989369252847813296e-01,1.015283989221738903e+00,1.055429956238046252e+00,1.002367183391651206e+00,1.484318154446085281e+00,1.403230357870007605e+00,1.004846730290474222e+00,1.553375502348680381e+00,5.458776669506267831e-01,6.659823171028755873e-01,7.499144539698546774e-01,1.086689176324753703e+00,7.112057319946776257e-01,1.700224867065172951e+00,7.862517115774309007e-01,1.210274226196905945e+00,6.542944414733817826e-01,1.189915944202090792e+00,6.127816026065985300e-01,1.174972389603313738e+00,1.041249160118261186e+00,8.651942049402532309e-01,1.241576528279288993e+00,1.259116843888526516e+00,9.824527247527519158e-01,1.404205404778710253e+00,1.055903295629104566e+00,1.382959038206693858e+00,1.118638835929694375e+00,9.614152230107219088e-01,1.675842075676460485e+00
1.330164345302820239e+00,1.229652603845781345e+00,1.006965857180965429e+00,6.467432699580389910e-01,1.015341561131478221e+00,1.223351061871857492e+00,6.634331487367284286e-01,7.745814824796590781e-01,1.095167238944702026e+00,6.780229315058183825e-01,1.039825838274435199e+00,1.109766112239570335e+00,5.350808155050765791e-01,1.082474471169011077e+00,1.415621881718941877e+00,1.062706480877437132e+00,1.287452780429315435e+00,7.441826267373861103e-01,1.719797250477602679e+00,8.074569836721632310e-01,7.919282571831296469e-01,9.689366240635983729e-01,1.318431521244459947e+00,6.817297143604934551e-01,1.517985380802150175e+00,1.194335307783032540e+00,1.242206013743441639e+00,1.015888795871012995e+00,6.921784325077603439e-01,5.924362873179291888e-01,9.039270044144380734e-01,8.441323762024596222e-01,9.431460046334395608e-01,7.204632919389015733e-01,1.288386126211131355e+00,1.338075795590868866e+00,1.091576950687895176e+00,1.353768391680180594e+00,1.006454784818314296e+00,7.129602881532692837e-01
1.138408441785397684e+00,1.183932856049005888e+00,6.410425620439770267e-01,1.021636201361104668e+00,8.923232244711442052e-01,1.122214102131456670e+00,6.446042762385142399e-01,8.520934157356031546e-01,6.032761669764975521e-01,6.410400386226055014e-01,1.317300466826936134e+00,7.881184095396607248e-01,8.115130048419035846e-01,6.292248997499473306e-01,1.121753713598692581e+00,7.209564440241267302e-01,8.981970923759022840e-01,8.161623154709694017e-01,1.497158816418135974e+00,1.739062134075760602e+00,1.200556526104642030e+00,1.028805498366962334e+00,9.678023284175564234e-01,1.129077124133766485e+00,1.656911584048253783e+00,1.080541622296084636e+00,5.888702274999620956e-01,9.677045699925155287e-01,1.172037229309766948e+00,7.949014099708561210e-01,5.118675208424727785e-01,9.785848827463378141e-01,7.580994407334371576e-01,1.079188296666621083e+00,1.490735033691109157e+00,7.808523655207301184e-01,9.083269996107252719e-01,5.925093731633885863e-01,5.539113615128609114e-01,9.519697054973779160e-01
1.094860227871570668e+00,1.540525323642676581e+00,1.253878212460266539e+00,1.102893037557346911e+00,1.074892532632041320e+00,7.665446258658155099e-01,1.117014953489527285e+00,8.110540073618470736e-01,6.130027897490217814e-01,5.761553852548076948e-01,1.161371634931806618e+00,5.668826540558725702e-01,8.261407914172127498e-01,5.791792672124915775e-01,8.548045832327260118e-01,1.126876155855254691e+00,7.262400313864222356e-01,7.784403501880131637e-01,1.580822638933730317e+00,9.302485603899177669e-01,5.691726833986814338e-01,6.137740185503121060e-01,1.516650048914105930e+00,9.612443914251674881e-01,1.128021011784971606e+00,1.230731161999665924e+00,7.093810359762767748e-01,1.095483877981813903e+00,1.397802460706455419e+00,1.259619470604473879e+00,8.720406252937499270e-01,1.177464622629873947e+00,1.061352131717714586e+00,1.356361267062275333e+00,1.161574589378746802e+00,1.120353577895409458e+00,6.852721271632543631e-01,9.764053052617359674e-01,6.658829129004157910e-01,6.956848355536485728e-01
1.176205541773407859e+00,1.190107206928300743e+00,7.543738737062402055e-01,1.078835194068859860e+00,5.979214077839990482e-01,5.338294948735717860e-01,8.503394057445080589e-01,9.566591095240437603e-01,9.706630850802241417e-01,9.931210557628632474e-01,8.432084252525925416e-01,1.157242129391121033e+00,1.423570506831203897e+00,7.988942281013226010e-01,1.250431369949306148e+00,8.562193178016912487e-01,1.193282378360208451e+00,9.496574432480865413e-01,1.128380085426202051e+00,6.785642428306137841e-01,7.122845071900004710e-01,1.147147235054989611e+00,1.217762031324216565e+00,1.403804942886444085e+00,7.762322881985511680e-01,1.468166220839775216e+00,8.665056565972751867e-01,6.426977794985445636e-01,6.034825440789103324e-01,7.356490144551908195e-01,6.901436840814384466e-01,1.249980703280201721e+00,1.315147379042561848e+00,8.967072646284419690e-01,1.361579034477070849e+00,9.219572077314570624e-01,9.434059557633081017e-01,1.237532677335547282e+00,1.190892732446686475e+00,8.222362885825658108e-01
9.140368628870738643e-01,6.314054504292282433e-01,1.162350004749076238e+00,1.741447238091312855e+00,5.124531924136446204e-01,4.808437913935897923e-01,7.093370072836051587e-01,1.546163929212490462e+00,8.038696569137153691e-01,5.723584264058233506e-01,8.193831851834842972e-01,2.001421480536891284e+00,1.643246954684711936e+00,1.704779772801729987e+00,1.646408088358302102e+00,1.126050180447962124e+00,8.784118067466970547e-01,1.139306063703976468e+00,6.389525035522469754e-01,4.561278941662565423e-01,1.328098201256218358e+00,6.236285934101867268e-01,1.466054893292255690e+00,1.295018141982572146e+00,1.310128816437739818e+00,1.070090541857070976e+00,1.200288078176204198e+00,5.698834673124677508e-01,7.370896157025029760e-01,1.185390135953293012e+00,1.191305935649065173e+00,8.147456007809087408e-01,7.692538782111845164e-01,1.222826110382065901e+00,1.593867370868189415e+00,6.956172446231124740e-01,1.099853284584852986e+00,6.726479306956432147e-01,1.712331818065951916e+00,1.569973245162004760e+00
1.449967826536296300e+00,9.308533135770463707e-01,1.166681351609922590e+00,1.187272732454239810e+00,1.526319513306566567e+00,1.663360248025379962e+00,1.476948957958440056e+00,1.151641690233642601e+00,9.630434068328070918e-01,7.748889165217229813e-01,1.569831665789258146e+00,1.847450161721043038e+00,7.026656030904051553e-01,1.806435712571897945e+00,1.637797347669302850e+00,1.013946030564074174e+00,1.207430248169748310e+00,8.546673756036732295e-01,6.663680594247942679e-01,4.535886981210939251e-01,1.113209865162121615e+00,9.104736238340184196e-01,1.467523323604407848e+00,1.068453997538899358e+00,1.521966559883080494e+00,4.946676724967221661e-01,7.465848921548323691e-01,9.179983418302871678e-01,1.009705370857245432e+00,8.154730985935768617e-01,9.180007063952037027e-01,1.673364295272295132e+00,1.534275872520113326e+00,1.332357758899271882e+00,5.995313493645676450e-01,5.451011456878456229e-01,1.284865113898087774e+00,1.312328218918740630e+00,1.339225374561524573e+00,1.867587832024913297e+00
1.036677959329301180e+00,1.459192784701965229e+00,7.964876182978259944e-01,1.385007369499595908e+00,1.092014359057487338e+00,1.213272378079966352e+00,1.292271501023464664e+00,9.006769707890973642e-01,6.776893755914683570e-01,7.595325745318171062e-01,8.998545709984485663e-01,9.954903116957886100e-01,6.333055134845386736e-01,5.474589890003571657e-01,1.423598837863521815e+00,1.242483307684997262e+00,4.848808346217879928e-01,5.099817595927573777e-01,1.394370746655820836e+00,1.239554540090969104e+00,1.650850413290322338e+00,1.511416258361358178e+00,1.164693915326903140e+00,1.024161925427743425e+00,9.638646726454430658e-01,7.146345337019417432e-01,7.186183636124673368e-01,9.269081130716007033e-01,5.906490632031077270e-01,5.354267590697112666e-01,9.275903714645787890e-01,6.835570797365236873e-01,6.882486476429249267e-01,1.009763159133482802e+00,7.741830918362958558e-01,6.884331008026188803e-01,1.615605448637840835e+00,8.298205337317527963e-01,1.362388049098469223e+00,1.479989628310566019e+00
1.440866953805844952e+00,6.925455331900107758e-01,5.715750041798225434e-01,7.193395946329070867e-01,1.253097501510072931e+00,6.175261514635893567e-01,1.264258808825923452e+00,1.733078870062081833e+00,1.209330678019777228e+00,1.099990929119445848e+00,7.584089612489213206e-01,6.219938457344370564e-01,1.344980619870864258e+00,8.161203214631521652e-01,7.246824085102125945e-01,8.977734787823982154e-01,9.904715348916894868e-01,1.367777143187057787e+00,1.316045001811653847e+00,4.352815351647012498e-01,5.910429881210752523e-01,1.176566936392519525e+00,7.627904130027166607e-01,6.240916171682387992e-01,5.622025061771492860e-01,5.306922624763626972e-01,8.014298187274226937e-01,7.053099253188458428e-01,1.398599878765348858e+00,5.448843650923353987e-01,1.263703752565558558e+00,1.399952098997355954e+00,7.999006014120968455e-01,7.573785536861329382e-01,1.226516433394629235e+00,7.527985408350901242e-01,9.162385472206306947e-01,1.403911607519433780e+00,6.145041939107548368e-01,6.569739103871196084e-01
8.246072709030946024e-01,1.369560718966818635e+00,1.442585996776196477e+00,1.242226872365893575e+00,7.956379718887545138e-01,7.727463182144986842e-01,1.832398087120774122e+00,1.545214073075281247e+00,6.314317429968694384e-01,1.153588211631173310e+00,9.894244362410483662e-01,1.224622841539429796e+00,1.678293778360339328e+00,1.328341951047201208e+00,1.463024057205194461e+00,1.143270593899237797e+00,1.234168445905806433e+00,7.323794163370065391e-01,6.916817519313381846e-01,7.035970069699766238e-01,1.251269403225273580e+00,1.302287186130623775e+00,1.661399014795875706e+00,9.791749382805191582e-01,7.755809402966111765e-01,1.133921459108572449e+00,1.525672411712177157e+00,6.288165212993517272e-01,1.231883537264331752e+00,6.034050384655071930e-01,6.334956375071431056e-01,1.237905892946632003e+00,1.386333902958020614e+00,8.397570805538364658e-01,9.647945014344340153e-01,1.047703912996930775e+00,9.020248759727744758e-01,1.464041735068639660e+00,6.237926877678854343e-01,1.309115451847127964e+00
1.138134607088715500e+00,6.220238119071256344e-01,6.636961730370143364e-01,1.387851485318590594e+00,9.778832546200588727e-01,5.848205409852345049e-01,7.775720722130528006e-01,5.942918522596173370e-01,6.681638043893051160e-01,1.313635363917009746e+00,8.346844536931986580e-01,1.534961250619076401e+00,1.675370466198189634e+00,1.245446520833646042e+00,1.060287571312627408e+00,7.818717451486634218e-01,4.508750314475430399e-01,4.158304180704097686e-01,1.345277767527838009e+00,1.644480130845539456e+00,1.420268280404062500e+00,1.500220133636238851e+00,1.298638979549634254e+00,6.381097548212669723e-01,9.838830781709059226e-01,8.339757314286541101e-01,1.190709101595748276e+00,7.781902962458698836e-01,1.466991079003405307e+00,1.504756242173165282e+00,1.067183281877892131e+00,6.396739418797179333e-01,8.480849344003071888e-01,1.022091229951864078e+00,1.433355784454269033e+00,1.418860328182325325e+00,1.118054763746587632e+00,1.125923117109817184e+00,8.842644491813544949e-01,1.549113360469123846e+00
5.315445574849612109e-01,6.025437616324053058e-01,5.381087630471101946e-01,5.992879789731435647e-01,1.560681822057475854e+00,1.770472502670570991e+00,1.368317116952430634e+00,7.476970799602518092e-01,6.462702056474131096e-01,7.888470587014674296e-01,6.974825254000931452e-01,7.149854160390890501e-01,1.634608635555623968e+00,1.896326510966106493e+00,8.632691632200680809e-01,1.260772446643784406e+00,4.935264629544083292e-01,5.774468743998537601e-01,1.115555860615931261e+00,1.356923823284289510e+00,1.338782438393845808e+00,6.798853344543807076e-01,5.685171471559915535e-01,5.918366186271007967e-01,1.345816825851344989e+00,5.553290201143548099e-01,9.474216349560493633e-01,8.660832138231571165e-01,7.195762905795141107e-01,1.195828063338360892e+00,1.410456301926043654e+00,6.255422830036825310e-01,5.558355123605147607e-01,4.876843487902348673e-01,8.169156012343037343e-01,1.088491821318474884e+00,1.524157719436255887e+00,6.813792548032935326e-01,1.648102001778711356e+00,9.448697304793474139e-01
5.337789236547336724e-01,1.368319709579820742e+00,1.337249898071283027e+00,7.108504573274638805e-01,1.418047938619053205e+00,1.373713822322993439e+00,7.825148454318435753e-01,1.733534705057659719e+00,1.656506981522030353e+00,8.775836476051149804e-01,1.366604694391299502e+00,1.177348723402943165e+00,1.513368624430509346e+00,1.361986351590045885e+00,1.421525280347179621e+00,7.648601173823956767e-01,6.485803962623356567e-01,1.534119505358662483e+00,6.843561002538086635e-01,9.148435366422574821e-01,6.069964154053858474e-01,1.079376911138674178e+00,8.765372447085901797e-01,1.082650669765635287e+00,5.745032748519317556e-01,9.375632256862810321e-01,1.354469239324122443e+00,1.249129664120896210e+00,6.059483367271042420e-01,1.318488375736836860e+00,8.623868232209621620e-01,1.165665298469914291e+00,6.265142252348394614e-01,5.124335030266760072e-01,1.395133097592495153e+00,1.253061248264178307e+00,9.768890319116697585e-01,9.903535477646708829e-01,7.144417951094791386e-01,1.050741275040036893e+00
9.198936296342613561e-01,1.133753365307751171e+00,1.554425124955745474e+00,5.020243396016131898e-01,6.793320992695331961e-01,6.926067501177369801e-01,1.615336005675702014e+00,1.406883117312517362e+00,8.244914374241777422e-01,1.538211849673861487e+00,1.034708879818720284e+00,1.279332433076567188e+00,7.858618263720827946e-01,6.599116310511999872e-01,8.818969493665846926e-01,1.090901918234955970e+00,6.267821954307982724e-01,6.647251083325284027e-01,6.691129993914209928e-01,5.299866320414508003e-01,1.688259197501426945e+00,6.354972629496030700e-01,6.820779242211191251e-01,1.033843371007243217e+00,7.118885017293383743e-01,9.482757312358979229e-01,1.220515635597440696e+00,6.742201101315337120e-01,5.995309323934711054e-01,1.263664592455117974e+00,1.473590351002186161e+00,8.679610954127134903e-01,1.426430141177992272e+00,7.769834354035316526e-01,6.684395534098203084e-01,1.506599191131128501e+00,8.724562194147607030e-01,8.842180883683753434e-01,1.232878054854813277e+00,1.081555253850690956e+00
1.447768950504203067e+00,6.967306499547883947e-01,1.016924129145125422e+00,5.342222152515494482e-01,7.551221493819649799e-01,5.164806743276586509e-01,1.131480556614160138e+00,1.810435195572578593e+00,1.512946031478028530e+00,6.467599329889932580e-01,8.564422541176575088e-01,1.161183268693142923e+00,7.208386445947914112e-01,8.636237067746982410e-01,1.221313623903044210e+00,7.719394407102598832e-01,1.433229994124764151e+00,1.169849228970599508e+00,1.746759012168598524e+00,1.337150113492598713e+00,8.050224891653582349e-01,6.722701771358863265e-01,1.150986149614418474e+00,9.255128293271945861e-01,6.822708065171910752e-01,9.251364008667947170e-01,1.532451412652930722e+00,1.047006663080171762e+00,1.079483142911801696e+00,1.230394503848744714e+00,8.114670537285934016e-01,5.957271184627260796e-01,7.410767797949906477e-01,8.116268663314548659e-01,6.945728579393931623e-01,7.739221711430632755e-01,7.685172192758493726e-01,1.181572324906708715e+00,1.452813638452798761e+00,8.041688014564460918e-01
1.114461343395975357e+00,7.118863676957202236e-01,1.323759885918897261e+00,1.396165379260813522e+00,1.052272354153722889e+00,9.983180819506113357e-01,9.040416275833400572e-01,1.387931392210878023e+00,9.425952986106209686e-01,6.788573214207799245e-01,1.273016235770110693e+00,1.062904857057509478e+00,1.370768164151200841e+00,9.626620137224929374e-01,5.772907417639443484e-01,6.690780263976643383e-01,1.451578731632511721e+00,6.530738266038380591e-01,1.278519524447225608e+00,7.024686375526719706e-01,4.841460965710525088e-01,4.255887210298174850e-01,9.261077215871622581e-01,1.261596183745683941e+00,1.323313877674547001e+00,6.742966049751113466e-01,7.178129220691720214e-01,1.416908265326019434e+00,1.791454751598700934e+00,1.713696131215255880e+00,1.438743607137638714e+00,1.356833083893577818e+00,1.484566801331413277e+00,7.493603564679387485e-01,8.717872349806417009e-01,8.836346447159247885e-01,1.274714821382934016e+00,5.996970881567748046e-01,1.161415951147812375e+00,7.171018445847483491e-01
1.588958620118044784e+00,7.885025088454047371e-01,6.877258064422470119e-01,1.007352330361379389e+00,8.139652085371317236e-01,1.246971360579196331e+00,8.337863704714303381e-01,8.993556389339897317e-01,7.216934340131292425e-01,1.297537362496882674e+00,1.625131716689837358e+00,7.614005704973096922e-01,7.629592367763957661e-01,1.268709106724474456e+00,6.890777268353412977e-01,5.658770089485111177e-01,5.683135936969591073e-01,1.001638712949207033e+00,1.188067490385885883e+00,1.167489189077935752e+00,1.259259952486112555e+00,1.231977775637901784e+00,1.283790010746541643e+00,1.690468372301380695e+00,1.330885600417465175e+00,6.531509354323439265e-01,8.098734151819637628e-01,1.045180725936629029e+00,1.130535454158537290e+00,1.425945712057529624e+00,9.832728929862533107e-01,1.441559298740062278e+00,1.638271528407906796e+00,8.066185758609313305e-01,1.411720709130410922e+00,1.429733763760984155e+00,1.093679758668002711e+00,6.952599455436565545e-01,1.217971632490901568e+00,1.326971884132518209e+00
