6.018719962974999893e-01,1.526428125985150430e+00,7.404713618289547883e-01,1.108298210494579106e+00,1.524221739383476049e+00,8.554573381248631314e-01,7.206701703961633232e-01,1.100802299461806300e+00,7.885155418779289382e-01,9.965089302598487686e-01,4.867780659843502500e-01,8.883169505311326875e-01,1.435941818277536974e+00,1.106175396580971526e+00,1.050629964425827900e+00,7.042782121564076236e-01,8.507217460151992316e-01,1.490346996405572444e+00,1.576760732718659241e+00,1.099141913853476371e+00,5.869453691220647418e-01,8.200142228966379454e-01,1.310025609250268230e+00,1.181444951810791677e+00,6.344775400430489043e-01,5.688586782017496235e-01,6.450589017487406984e-01,9.415256662836780643e-01,6.364485476725558755e-01,1.416601256934784780e+00,1.635626974289797309e+00,1.601059404945228692e+00,9.667534886283898343e-01,7.127113499502489846e-01,7.038801524675518673e-01,5.422504525579739942e-01,5.941816383706224336e-01,1.034638014657625948e+00,8.854576837421098690e-01,8.941474211076970713e-01
5.957354660188322049e-01,6.906067832302731357e-01,7.950085464885116027e-01,9.289604495817261887e-01,1.977959965768430806e+00,8.120228609078378179e-01,1.492881699550956620e+00,1.608910285354642866e+00,9.558017536718103058e-01,9.423615048377235182e-01,1.535303205991409126e+00,1.053870459812696447e+00,1.159154091718092472e+00,1.137906952215845813e+00,1.105867042297451031e+00,6.700384853475860325e-01,7.534491369764013680e-01,1.202813135058201421e+00,1.196079337322992764e+00,1.666362115050565640e+00,7.370603727676566796e-01,6.903686930159711466e-01,5.653673254146003302e-01,6.378333379709204554e-01,5.760787472658729369e-01,8.462007705672380808e-01,6.623187287430789549e-01,1.521391793330710840e+00,8.035867820407465167e-01,5.368273931580105351e-01,6.303403216111284069e-01,7.498962190742930467e-01,1.220946019210659150e+00,7.350247862196176429e-01,1.038819783217368897e+00,4.115779911198171881e-01,5.022162496292011946e-01,1.648823066022618411e+00,1.354162069337204954e+00,6.885584448305037686e-01
6.428088482690577088e-01,1.321509365723553486e+00,1.791211530961120735e+00,4.609222715039524854e-01,7.230659986238766601e-01,7.199206622262522837e-01,7.744502730225178988e-01,9.378413026815889397e-01,5.790690905222904972e-01,7.650453550595426311e-01,8.054934983747873423e-01,1.181297790679734394e+00,1.729124363371684181e+00,1.629071648564296204e+00,7.355333099821467213e-01,1.560906567818987289e+00,1.008735302085647767e+00,1.297124366977377985e+00,1.443367134880987779e+00,1.543766030637047537e+00,1.287921964786541196e+00,1.351503230048583859e+00,7.806608534366688001e-01,8.742118101522858842e-01,1.768174552680955358e+00,9.985081511616765715e-01,9.552006022519476947e-01,5.859425824785213788e-01,1.451665576491156573e+00,1.165017739464481172e+00,7.681843455856381953e-01,6.996329958341668265e-01,9.551620779915038773e-01,1.274534404449009894e+00,6.353196886740734017e-01,1.406349671606830887e+00,1.174342520421670644e+00,1.442609781177483619e+00,9.076982981859451627e-01,9.390960553789110543e-01
6.714968648884844793e-01,1.297105928022811661e+00,1.046783973165298143e+00,1.476867059852887021e+00,7.047479861313136196e-01,1.362132289941460739e+00,9.500268431038446648e-01,8.348207648227032873e-01,5.916075327430952990e-01,8.668325808577123093e-01,1.133627810099589572e+00,1.262817809471806552e+00,1.691097535143748498e+00,8.041980241371726734e-01,1.676649182920493919e+00,9.934598996820356298e-01,1.512632433659002462e+00,1.068340059751907267e+00,1.048319341122174286e+00,8.631919753407519824e-01,8.336287755453849480e-01,7.317388605475579899e-01,1.301920201422062551e+00,7.384429985122910045e-01,4.458878787059046278e-01,4.361313274800521778e-01,1.068650687923661247e+00,5.655777614195559577e-01,8.075635531585605431e-01,5.788159511449137984e-01,5.017706254078520001e-01,5.040892047741333259e-01,8.560066794073531993e-01,9.280003848858173754e-01,7.363346032719650935e-01,8.974625243595657498e-01,1.269075874609795207e+00,5.775359816275089653e-01,1.372156101862828548e+00,8.191534690730054580e-01
1.471642522184939850e+00,1.077839469112119142e+00,1.075095164818372862e+00,1.527040373612520874e+00,6.156574523402047472e-01,5.270532066080056977e-01,7.272190452128807214e-01,8.435631172350701590e-01,8.327908430689497932e-01,1.294277347216941099e+00,1.262975619183903886e+00,5.015612195315530819e-01,5.601965078036128531e-01,7.918540118544564743e-01,7.735577653743945792e-01,6.424375130487995911e-01,9.763151541373400466e-01,1.700418715537481473e+00,1.612212447421825345e+00,6.663593697523356729e-01,7.693584040751758613e-01,7.607454247052419793e-01,1.159498993901659558e+00,1.264975223750870015e+00,1.854326809296952927e+00,1.573057163615518617e+00,1.269341514193185638e+00,1.440149921482414497e+00,9.806184876058852140e-01,7.004572822304681035e-01,4.443073872427740212e-01,4.169125182365185367e-01,7.554643295923186841e-01,1.163338791188215593e+00,1.439720187850736632e+00,1.572829242269692340e+00,1.200512901122832377e+00,5.495025672135048778e-01,9.346425591948813727e-01,9.866467790835621310e-01
1.312113655587198835e+00,7.730400419154683789e-01,1.271656692334313332e+00,1.075625940801066438e+00,6.873197950821853253e-01,4.300400675113433824e-01,5.270744151004363998e-01,1.680262050609835578e+00,1.563194422791346572e+00,1.056591748061787905e+00,1.589488298075670158e+00,4.568772472515582606e-01,8.541020685254718803e-01,3.608409640019170084e-01,4.100003680273418549e-01,5.889424366683114753e-01,7.675561981998846317e-01,6.210228811009969041e-01,1.020678088367312331e+00,8.425976221836626312e-01,6.149367515131103357e-01,6.097093176322827546e-01,7.400063256023708957e-01,1.054611531326269613e+00,7.313079830120522429e-01,5.601936796320675649e-01,4.612152372135375211e-01,4.874464037389032445e-01,6.908317745354576322e-01,1.219410503868913587e+00,1.657621850306673084e+00,1.102420052657651084e+00,1.445515796648155549e+00,6.725493225063184921e-01,5.849184187270912716e-01,1.581358619504280361e+00,9.814318139807950425e-01,1.002472394636616748e+00,1.141941378118545902e+00,8.254579898070323329e-01
5.574714601891984644e-01,4.660738020853683605e-01,1.317260498243728373e+00,6.007978924462427095e-01,7.322691413253634707e-01,1.024916948096688207e+00,6.028521332322707149e-01,1.361496520697589308e+00,1.537044093620830498e+00,7.489801907578496065e-01,7.897076407151721877e-01,1.193764102023842089e+00,1.062032975381881128e+00,3.776157713497937385e-01,3.842407816481360205e-01,1.373565334239099878e+00,1.334591234733998988e+00,8.927466591407202667e-01,6.992645097465939319e-01,1.515637277140294836e+00,9.209342244639744379e-01,7.232604648069983488e-01,5.295993694913623262e-01,7.124161337885880352e-01,1.102841323254236894e+00,5.474755259562202880e-01,1.022463440567457083e+00,4.528484837380916672e-01,1.674538739382070762e+00,1.830132768028202461e+00,1.786070419023782829e+00,1.554790719331093030e+00,1.447211739436109479e+00,9.627601037482582669e-01,8.590000517652016665e-01,1.317428294635965447e+00,8.038396485776746481e-01,5.494437898874215964e-01,1.385756384858679358e+00,1.465198020373003285e+00
1.178338648411007661e+00,1.407314920837617001e+00,1.496687072363536819e+00,9.000389125151239123e-01,1.032160697484876266e+00,6.725967434025748037e-01,7.108589877449232874e-01,1.424903911434121540e+00,1.652779830515925363e+00,1.555566301967424847e+00,5.185736593971306263e-01,5.952962285897213102e-01,7.920494991650987027e-01,4.036756630105035604e-01,7.830705909001224319e-01,1.025393799028322395e+00,6.689000005240491875e-01,5.971589659111412596e-01,6.553182798144233656e-01,6.102075744823980408e-01,1.428568642159853352e+00,7.260536201465229711e-01,9.864937719643723790e-01,1.361911260138130686e+00,8.038515018421031888e-01,5.373698020329873426e-01,1.414074876527433799e+00,4.474467065521915421e-01,1.218470595136144308e+00,8.040689510280251140e-01,1.845726561985444159e+00,1.833354938828120950e+00,1.103210964146345452e+00,7.927547505008567530e-01,1.186675196119761688e+00,1.483360187280576392e+00,5.971049361901501484e-01,8.382681784169233596e-01,7.776257406744021550e-01,6.596099790372789151e-01
6.615256042854213980e-01,1.292717612031763164e+00,1.425128156166531213e+00,1.682638384601063075e+00,1.618805529282186351e+00,6.491329329688700911e-01,7.727819129654405206e-01,5.992391652529842627e-01,7.212342193015136571e-01,1.154855037499249226e+00,1.278514619355464399e+00,5.346135578403389266e-01,4.934977488686612679e-01,4.593738500901848876e-01,7.263492237994065848e-01,4.228233550936427720e-01,7.514274907413560634e-01,7.113493649593559676e-01,5.654513627845971779e-01,5.913552599804888787e-01,6.404068898846198010e-01,6.551927439673987941e-01,1.586299683631084312e+00,1.797309920872537603e+00,1.263774298978315613e+00,5.155121405777478572e-01,7.364477616099571744e-01,5.809048049382261603e-01,7.223321192330333096e-01,6.109056873036874391e-01,9.148504186336738897e-01,1.037583324565795051e+00,6.336416588320361587e-01,5.335123239947037188e-01,7.889525540524487957e-01,8.690778108502146271e-01,7.945940633956576349e-01,1.393429025472372462e+00,7.595860814035665376e-01,8.544918396662236626e-01
8.406927242674657741e-01,8.053484883382256987e-01,1.716123052108251112e+00,5.658969845912131813e-01,5.265193149225021463e-01,1.488132757354840185e+00,7.019878123645693080e-01,5.860651972458090775e-01,8.221620909430084057e-01,1.047104130155774415e+00,1.030318053614579954e+00,1.263973497926803358e+00,9.943194460326115758e-01,1.487375992326157803e+00,1.369910185103121680e+00,6.763187498462843728e-01,7.351004727692851404e-01,1.242195295599588745e+00,7.232500006253066438e-01,9.423025506100088933e-01,7.145294607870920078e-01,5.827904466689936003e-01,7.066559835872757711e-01,7.893516074495908752e-01,1.204793410948429289e+00,7.282601233984165034e-01,6.709309674729827533e-01,1.528117025467083057e+00,1.414931488897487988e+00,6.714533990366645666e-01,5.859059505337151919e-01,1.182025883766769425e+00,7.476777109431314017e-01,6.839241086351283139e-01,1.089630558249163217e+00,8.834260549155711351e-01,9.638436417824859381e-01,8.299046315307526678e-01,6.890530483764606418e-01,1.240178328102975458e+00
6.325089948207072155e-01,1.697378444957674759e+00,8.800517234293800950e-01,5.594425655513890483e-01,4.712833136800572698e-01,6.458034808379696790e-01,5.917286341747254319e-01,5.283987043420624863e-01,1.170377861204408010e+00,1.571248949446192977e+00,1.551548502366192350e+00,1.169165791221663087e+00,4.819834989387296043e-01,5.289961628285871909e-01,1.296095137874257341e+00,9.852608328203945609e-01,5.657480029077244232e-01,4.968127601537576377e-01,5.215609041525764988e-01,8.327463702492997610e-01,5.849663530997074590e-01,6.198111229572381697e-01,9.088797816956997178e-01,1.086966758688546975e+00,9.263154589534149386e-01,8.411021698825252857e-01,5.904203042743682017e-01,7.594551263468611868e-01,9.012663719143719776e-01,5.579141659441124723e-01,5.426589015587721665e-01,6.569215753613375508e-01,1.120355575475497689e+00,8.874309418406369776e-01,1.366103173955899086e+00,9.505414409109547158e-01,1.377216207800223691e+00,6.448712255927210313e-01,1.448492519107619669e+00,1.691959024075673446e+00
1.343762637100421653e+00,7.642717739165936219e-01,9.972828237515493077e-01,1.418264973655912087e+00,1.200982726696769198e+00,1.688676304134051120e+00,1.317359343225291690e+00,1.299717866144422196e+00,1.140198425529312942e+00,9.348346792057553589e-01,1.540780451096536829e+00,4.555913132424422862e-01,1.478678995743304192e+00,1.200167893532399388e+00,1.509600698908885485e+00,1.520835881357739172e+00,7.147678400904091678e-01,5.458716999092442235e-01,8.636926327485977550e-01,9.827542523420037535e-01,7.652446972324418173e-01,7.542426659003473866e-01,1.361488978498565094e+00,1.046922632015468535e+00,6.208942251454325767e-01,6.214899069804975529e-01,7.039120351911167806e-01,1.247908286158319724e+00,7.404308042422960146e-01,1.124334586743806597e+00,1.638834609376772944e+00,1.109805872242561220e+00,9.082559391082357658e-01,1.264967956793560111e+00,1.640001990006852983e+00,1.463933802956081554e+00,1.285995969918660498e+00,7.650744441609166335e-01,5.124655422582032882e-01,1.576692401287759893e+00
8.639321428663890856e-01,1.039523808877349520e+00,1.348689848707690375e+00,9.656080347689927068e-01,8.234684134618300844e-01,1.608449974801778870e+00,1.885906874089083862e+00,1.040469356822849800e+00,1.650715332008150682e+00,1.322997629393055208e+00,1.061657430242306077e+00,6.892000437445325867e-01,1.642538832470410215e+00,9.389670002915179170e-01,9.165121984289920087e-01,1.353085531737691083e+00,1.038388354698594140e+00,1.163382864500115410e+00,7.751224466800554769e-01,1.293721347415526024e+00,8.829599941521764084e-01,1.134491752913723506e+00,8.673192985649955666e-01,7.111476560686420534e-01,9.795497219244112541e-01,6.255461289394819158e-01,1.355771651945617773e+00,1.327957828486308278e+00,1.296143096100011327e+00,7.763248830473268303e-01,8.382996588394242554e-01,1.388836043617913463e+00,6.744515765094406534e-01,8.391900469534236962e-01,1.419047705145042082e+00,1.281294595580510620e+00,8.860010304157505123e-01,5.753008658247200646e-01,9.312621998971555293e-01,7.261002119045314451e-01
1.782293150511750968e+00,1.765163735837280701e+00,1.493624401579858763e+00,1.253329806744515995e+00,5.946268912025837183e-01,6.343715079737707319e-01,1.298653556403039921e+00,6.104709356444997237e-01,8.092987134755483813e-01,1.438810526182667804e+00,8.887603369515798546e-01,6.342909978048216768e-01,6.314295223259341894e-01,1.291176255931656414e+00,5.941652324132046248e-01,7.892132982500160709e-01,9.960995618078957170e-01,1.139032192143283551e+00,6.632237157431568608e-01,1.501069185120231131e+00,7.057844066837397623e-01,6.255571578412149059e-01,1.327656842447478169e+00,6.001806311471358235e-01,6.187281409994191961e-01,5.921228154404395427e-01,9.264749119147867029e-01,5.965060951278772228e-01,5.989061627630789530e-01,7.015375049184827683e-01,4.735506040845157139e-01,5.506608285937337754e-01,1.289959297506942937e+00,6.593162007274628866e-01,5.248715036677283896e-01,1.400540417503863377e+00,1.080512427000639875e+00,4.906650810742286817e-01,5.369835109937539652e-01,8.020685073526787612e-01
1.080865053786459695e+00,8.674331711018855584e-01,1.198664738575361044e+00,5.378206549018639260e-01,8.126174070032872176e-01,1.383311442689762583e+00,1.145086896536630983e+00,6.175435705447318568e-01,8.368772468027200206e-01,1.596848357321134948e+00,1.485006328771649287e+00,8.317760739113051471e-01,5.368709143683184637e-01,1.236991611790114520e+00,7.710792671366261120e-01,1.340001182454210404e+00,6.184902203714550684e-01,6.909188781300432680e-01,6.756553725771230479e-01,4.523656678191712022e-01,5.131699945844662158e-01,1.370397850740645129e+00,5.306520870465655237e-01,5.863855216515551083e-01,1.397213165955716097e+00,7.709553729301004132e-01,1.317339278151929527e+00,1.431053031572216749e+00,7.281441806113023718e-01,1.452435879684223829e+00,9.234900537905439410e-01,1.193716001874157939e+00,1.192523178817020302e+00,1.539851226656184568e+00,6.179157974734571512e-01,8.161092677761813130e-01,5.728850643695558853e-01,6.032985563369797077e-01,6.909627698726344969e-01,1.162519641711714513e+00
7.358081670782024020e-01,1.023676999517920683e+00,1.134038569544294273e+00,5.738041721464792744e-01,6.153008440087601727e-01,1.307794774965973073e+00,9.184836738331112471e-01,1.361195049031540982e+00,1.679840187055632983e+00,1.204249546751327227e+00,9.539299120377864316e-01,6.080526735922939796e-01,9.324626205811795687e-01,1.337843192647113488e+00,1.626159677818395544e+00,7.426517268438387331e-01,7.314765879970480666e-01,1.245783944204632787e+00,1.227770904910390648e+00,7.738071433582968117e-01,1.098693836965749515e+00,8.746488574535100646e-01,1.125812928296726412e+00,1.030898352296319764e+00,1.535673490872511593e+00,8.391666953073028123e-01,1.119902201549291210e+00,1.340788933957176576e+00,6.897775108209698303e-01,7.332052947054046310e-01,9.994633044327716487e-01,6.351888964988445796e-01,1.104387407742336791e+00,1.172209084927513967e+00,1.244765591417708928e+00,1.270828196885890327e+00,1.301607382153276093e+00,1.470945078363928182e+00,5.016217773044667760e-01,6.887287688913380501e-01
1.614226821512994459e+00,7.641299234469250967e-01,6.616577159897339966e-01,8.183266295312674465e-01,8.193913161491195307e-01,1.007382736284696101e+00,6.453718404243422579e-01,5.309315875603313195e-01,1.282197248862540828e+00,7.456689730545137396e-01,7.784310395969534779e-01,1.278255530660378003e+00,6.571907386089370640e-01,5.565676291906263007e-01,8.070790522097691655e-01,7.494619342908658277e-01,1.372874807047849588e+00,9.745996503936591449e-01,1.723275208572360828e+00,1.441832066214305597e+00,6.508829689762103410e-01,8.151416757121306977e-01,1.302971157156567861e+00,1.062849159425743206e+00,9.359333019922400076e-01,1.333773090377148085e+00,7.455340540606253397e-01,7.486021835536026403e-01,1.369240413941858803e+00,1.315734960010472854e+00,9.346133418166180373e-01,5.727223508700394206e-01,1.196479351246493295e+00,6.261455970487540545e-01,5.103002034537348353e-01,7.098310007985384473e-01,1.638799292344107483e+00,1.162455971477101446e+00,6.555477658092653259e-01,1.561529490774575590e+00
6.603184962023448401e-01,8.662822139336686655e-01,8.705561624563120660e-01,9.009324431071527028e-01,1.113311899378950587e+00,9.637904420719497489e-01,5.988230233603031305e-01,5.161505836116156987e-01,1.330072665846029123e+00,7.092080260623797594e-01,5.525164763148441294e-01,6.964617214407319290e-01,5.032396588688754502e-01,7.580461777143480129e-01,1.017162399770948022e+00,1.221985123650839888e+00,1.540680092389535627e+00,7.413370868751861797e-01,1.901608550937428754e+00,8.485117820415524204e-01,6.050581506978073287e-01,6.021476119174243857e-01,1.247251684735843691e+00,1.846391425430971456e+00,1.512229844183150762e+00,1.700328246687001554e+00,7.279967251386220140e-01,1.121364346628517250e+00,5.380905297852418556e-01,4.305444731985818008e-01,8.685775707697022119e-01,1.357176857391245717e+00,6.874590896374169757e-01,1.005946541280603457e+00,1.196575271781936678e+00,1.303449698051809547e+00,1.464077795033860596e+00,1.074624214692910806e+00,1.308845365712481223e+00,1.779004317594945705e+00
1.002374947027993235e+00,7.585136245802345245e-01,5.296817411727982039e-01,7.368894705072511764e-01,8.071629661641923636e-01,1.003259055691988033e+00,1.401384876708053673e+00,1.563005425212431909e+00,7.972061187531446214e-01,5.953276049307838491e-01,4.490592297270653566e-01,9.844418183724515936e-01,1.087332308541479664e+00,1.408465999498027532e+00,7.144041461984089736e-01,1.726026679393219965e+00,8.892060518168303229e-01,6.974294150867542674e-01,1.571454565435925765e+00,8.504358780946762453e-01,7.689097019950614786e-01,6.700550685855179989e-01,6.992426832507924184e-01,1.323929938864904177e+00,1.311376729814461628e+00,1.151380436597419621e+00,1.178435795662436281e+00,8.260925745477919468e-01,9.134264690257866137e-01,6.023869240989876417e-01,1.358644617996016102e+00,9.977002616010468561e-01,7.897020651196254848e-01,7.887023769572649723e-01,1.181231500471924045e+00,5.674970080644460291e-01,5.447886974584392750e-01,6.480461417992867679e-01,1.425478081679293352e+00,1.075524732620102952e+00
9.759559878637698027e-01,9.649323959465984091e-01,5.429977682850282150e-01,1.061366210455759740e+00,5.501445849376284114e-01,1.247515486374804139e+00,8.031890320346030121e-01,1.580044656259186775e+00,1.208091333756678987e+00,7.070808849729460777e-01,5.659262718775720513e-01,6.388277687058960819e-01,6.221454972266090566e-01,7.434873048724965905e-01,1.363338279698935729e+00,1.176969836165733030e+00,1.401619839158390723e+00,1.595423632438718098e+00,1.232223259378885993e+00,1.719988431116691974e+00,1.014721834138066381e+00,1.069386532770661979e+00,1.059686965278146209e+00,1.083753023915974723e+00,1.523818916382412514e+00,1.209012338586813007e+00,9.636857495117122641e-01,1.290804863195847085e+00,6.600900254144804746e-01,4.321450356886646915e-01,8.336134412938964733e-01,1.164246376465691624e+00,6.870463789006587829e-01,5.213187424535942194e-01,1.178227001775322247e+00,7.835481791634063553e-01,1.555033718971771783e+00,6.989421577466068403e-01,8.985918959405201356e-01,1.326807966891088153e+00
1.302678461571352031e+00,1.161158793752392615e+00,1.045535347183349284e+00,1.347907786403752306e+00,1.583567466098391385e+00,1.019802960513403134e+00,6.479957375862923641e-01,7.929066076110495853e-01,7.179303700922052833e-01,1.415397609686245950e+00,5.969722069869153325e-01,1.665098008675062413e+00,8.295001676675796132e-01,9.239406528231809412e-01,1.133296364360027342e+00,8.958754389645595673e-01,7.058628302374339025e-01,1.093567441356269043e+00,9.537036963228858744e-01,1.801641873547184636e+00,6.064925310335281816e-01,5.661654160300614302e-01,1.045972139930989586e+00,8.864359774626709987e-01,1.474450837813173321e+00,1.094563736712653279e+00,1.308851031847098723e+00,8.034503710058429338e-01,1.540645496927257829e+00,1.540634159674102444e+00,5.926573748359288407e-01,1.042710375010304835e+00,5.968230751984504590e-01,1.172116472192831882e+00,8.714615654450490467e-01,5.962917528380539123e-01,6.504231727280491704e-01,1.296317572006661534e+00,1.338592785130172214e+00,1.544319825213091635e+00
1.552704579885763270e+00,1.244979551079443914e+00,7.157424613244518508e-01,6.119895151195453575e-01,1.349377320636688138e+00,8.625054728785245262e-01,5.419830112561554447e-01,8.625068098535318972e-01,1.284215212772831238e+00,7.635043494605490144e-01,6.279015836706168807e-01,7.046329785604329432e-01,1.028101967426938268e+00,8.053828541586754985e-01,1.576557572587957701e+00,1.070790338509465700e+00,1.272595046065910562e+00,1.344764974955543479e+00,1.562071271728674438e+00,1.160895137170937064e+00,7.886407129060004628e-01,5.134478428880915324e-01,7.047856781834882511e-01,8.377294727633106675e-01,7.238237670517266853e-01,1.296232771059220745e+00,1.175891983449837808e+00,1.471030522798701945e+00,6.938362079176717545e-01,6.701230637547858082e-01,4.981890457780822068e-01,1.574366933341769803e+00,7.315738226708973224e-01,1.683484654702931405e+00,1.341333454732365205e+00,6.020700318892593383e-01,7.604959951139054208e-01,7.046941706978655517e-01,9.198591392003706568e-01,1.291351635132491626e+00
1.614366263494805054e+00,1.213823398451141511e+00,1.397140064744893717e+00,9.129621947603626664e-01,6.654320513539914161e-01,1.347738094242172613e+00,6.518923395720054303e-01,7.480581568776230039e-01,1.367593418347998302e+00,1.023512755860714218e+00,9.701135400611454740e-01,9.539523100805917810e-01,7.173153132195000392e-01,6.073828501000837488e-01,1.497593837908276937e+00,1.344925996780369060e+00,7.130155737571288732e-01,1.222021580479963898e+00,1.056664679435748377e+00,6.243241658146525541e-01,7.219677456855400077e-01,1.382146417584972475e+00,8.633426812357580804e-01,4.976836266848291279e-01,8.532204183253475627e-01,7.860703867613525464e-01,1.576775061046162163e+00,9.894217842350151448e-01,1.163314870653940680e+00,8.197376927925814627e-01,4.966928094083999379e-01,1.771957955467144741e+00,1.417705162479066416e+00,7.354172484866087212e-01,1.143505450675885049e+00,7.344844113328885538e-01,6.565786198720120481e-01,5.726890247407178114e-01,1.060884370739638261e+00,1.309717719255285351e+00
1.435872208286742779e+00,8.318058109291845970e-01,1.789900350856621136e+00,9.774936680683927737e-01,1.449691505943090153e+00,1.854129635675288545e+00,1.181077672624780917e+00,1.148013194539518667e+00,8.036488695963325268e-01,7.272836819475390069e-01,9.813450829811076748e-01,1.590982663245101403e+00,1.062655090681189796e+00,7.650470606688110076e-01,4.578009158058539696e-01,7.192572959765934915e-01,6.801855607521191116e-01,7.518285506742071744e-01,1.158060048916819129e+00,1.096160347975984051e+00,1.446891436454476043e+00,6.138047647771992521e-01,6.918739380569977060e-01,8.106774241740098974e-01,5.575472414676535537e-01,1.247901062997131882e+00,8.367876781360229499e-01,9.122984260989672745e-01,7.664084143730492960e-01,5.541044042159851690e-01,5.182921147067951484e-01,8.379753692486595629e-01,1.041698988141830595e+00,6.120678060895247130e-01,1.419914403172764183e+00,1.086571609399993532e+00,1.177061169359886250e+00,6.201281251482997359e-01,7.259923470997383665e-01,8.108645215540692952e-01
1.867753784134897233e+00,1.183511351160489333e+00,1.614937227574167800e+00,1.191667337751840083e+00,6.308148129646711233e-01,1.134381679135087806e+00,1.022578511481771812e+00,9.126923803824383841e-01,1.434822945012774298e+00,1.436218520532872800e+00,1.413663927716667379e+00,8.066616726185136255e-01,5.704794497313900870e-01,1.473640198155259373e+00,5.841736377730208929e-01,1.378440088338184211e+00,7.482868543232985559e-01,1.387729291368992701e+00,1.371944489681535595e+00,7.385900301189606276e-01,5.727509360358460366e-01,9.283364893408129204e-01,1.030733111654054790e+00,1.194353786188287803e+00,1.218991118797182471e+00,1.370963211921671032e+00,8.514464758148174717e-01,1.098924656014370616e+00,1.109714607854710877e+00,1.312929902920190406e+00,1.557314795491656634e+00,1.330300870790315226e+00,6.344916471013190007e-01,5.672619037442340195e-01,1.056955546648361555e+00,6.436288403480852072e-01,5.566652241599227002e-01,5.709360874074358438e-01,1.080026070559310769e+00,2.048739055979382773e+00
1.241406661014001767e+00,7.318620289061862350e-01,1.274213653528483148e+00,1.586700417723726719e+00,1.641211628893727736e+00,1.733240029173557017e+00,1.720564464412342565e+00,1.277233783879627049e+00,1.698858339515694427e+00,1.028561359259113406e+00,8.901726951694484136e-01,1.042152289488352368e+00,8.538204681756162984e-01,1.269470194358322646e+00,1.014347522958111147e+00,7.081913326919991869e-01,1.008832330605266225e+00,1.484889342053137273e+00,9.420171239604193669e-01,1.263394351760505518e+00,1.084805065990113393e+00,9.486857810257313117e-01,1.457802926233348950e+00,1.029439791492148037e+00,8.262784965586176256e-01,1.317312251298975223e+00,1.415229062778501357e+00,1.625795844584418726e+00,1.518579643624500486e+00,1.052865022770123726e+00,1.349167082832508191e+00,8.552644217078271272e-01,1.036974149640828236e+00,7.164952571489258126e-01,8.755377282188832044e-01,1.371617034673538349e+00,8.591755532541478502e-01,5.784694360865819673e-01,7.860695865569623519e-01,2.103506318109076734e+00
4.582385946758182893e-01,4.859874236000330527e-01,1.616934400447566311e+00,9.435739804589302615e-01,7.175133576697048099e-01,6.970234920482216712e-01,7.577859747554318570e-01,7.023805527593972586e-01,8.674466801298563734e-01,6.483452662705033731e-01,7.245946727048152569e-01,1.047054048496770084e+00,1.247931872645343443e+00,9.674933363154394339e-01,9.796042583452067021e-01,8.806912249256698688e-01,8.132580352707252658e-01,9.586830584119745424e-01,8.091574130792100750e-01,6.492383409929952665e-01,9.274649517224865525e-01,7.830291054221049096e-01,1.424757637158710066e+00,8.012726172265345337e-01,5.173829554476824244e-01,6.460084597124088335e-01,1.233185001356180921e+00,1.488970059854506367e+00,1.458909774272920012e+00,8.864795870741490891e-01,1.673352614997791310e+00,1.161551169286645591e+00,1.117213581574863168e+00,6.626840008160291839e-01,8.642680612126342199e-01,1.626272628924910757e+00,1.049279276078720624e+00,1.053448302843319251e+00,7.200846636637270315e-01,6.538879011317307866e-01
9.763448958292920699e-01,1.609831257988109332e+00,1.065608101832324017e+00,1.715569107618901246e+00,1.184589616849927030e+00,1.246406174870688721e+00,9.093988066209710563e-01,7.209930734287418597e-01,1.407415505152196156e+00,1.352543570340553947e+00,1.366895577736466860e+00,8.126458423695362976e-01,1.359106845313931222e+00,5.695161041385398137e-01,7.212689526608381252e-01,7.150761125734785839e-01,6.606971962075673943e-01,6.163428278848454012e-01,1.483123998926671128e+00,1.451166637117172531e+00,1.651571670658494861e+00,1.663897871158500630e+00,8.116530287029884994e-01,1.275743575776765004e+00,4.930934918982868842e-01,7.906464190435148476e-01,1.257397929270877457e+00,1.148491155674847608e+00,1.400620509651197443e+00,1.400099685367657498e+00,1.530598249288589230e+00,8.967846711629134937e-01,1.262372189171474091e+00,4.491187446585688803e-01,4.557270184549748748e-01,9.753977159119553431e-01,6.729533519764784311e-01,7.965704391716257327e-01,1.436972878592368108e+00,7.268110429823783081e-01
5.938621689536967008e-01,7.204628175161559289e-01,1.300695495045449457e+00,1.403342265137257350e+00,1.616813158045014243e+00,1.579390104687111052e+00,8.457139191415995461e-01,1.239672369524084550e+00,8.569567556804769115e-01,1.048144360100551342e+00,1.014895317265780195e+00,4.736710250840526770e-01,4.510192197448468776e-01,5.183232573751440642e-01,1.362341579293425475e+00,9.640700386675004063e-01,1.342079687464444060e+00,7.072835662657994682e-01,9.109608747753104030e-01,7.335398796962220302e-01,1.777763780191865317e+00,7.527291837351307580e-01,9.569077396013293546e-01,5.588329277552861463e-01,7.246906461904899510e-01,1.267173449986348066e+00,5.490417850801927457e-01,7.096188931727609450e-01,9.364919368411698253e-01,1.505837930549140058e+00,1.748973752074333365e+00,1.721516542682908657e+00,8.579791694358125387e-01,4.232360383550130001e-01,5.237919188427706541e-01,1.062529864989121497e+00,8.118771206668010665e-01,1.138753838999701173e+00,1.675739774803274296e+00,1.384617836875849495e+00
6.395791024478263420e-01,6.261758494892207816e-01,1.257121058241338574e+00,1.325240023598896588e+00,1.625621989756364849e+00,1.271836119897099104e+00,1.366211818558858759e+00,5.579397116320231609e-01,8.159313939911532199e-01,9.145052136433617918e-01,4.752406915784330166e-01,4.517914943911889303e-01,1.306859129102890815e+00,4.546316287197049166e-01,7.702753975172457190e-01,4.781095156023618675e-01,1.270381141207729270e+00,1.475662717726806239e+00,1.417298508838030990e+00,1.198590059410110875e+00,1.244723147198357971e+00,1.219080637499478703e+00,6.555382010978297869e-01,6.152565042704423171e-01,5.830796647446935266e-01,5.332994543104376817e-01,4.855290408890640119e-01,6.223303544324298997e-01,6.454847437602102556e-01,8.583171592790042048e-01,7.337821617009435693e-01,1.419289478173495267e+00,1.021064761996242076e+00,8.751817358386664303e-01,1.721354264112494592e+00,1.803945369607992344e+00,1.087647695729297093e+00,1.091680993587219817e+00,1.589264361476725895e+00,1.051571449240329637e+00
1.003833660934012384e+00,6.870226986705096905e-01,1.211675090178873981e+00,9.263928060790133090e-01,1.719832189059162131e+00,1.722035911828990740e+00,9.802383283958305826e-01,7.967192231316948536e-01,1.067567574975589517e+00,6.603530909977396446e-01,5.379080420909411187e-01,5.001075679789317441e-01,5.029682139861922918e-01,5.984617411421199185e-01,1.080448866557837784e+00,5.276196936680667138e-01,7.920547741735489700e-01,1.170490041429556927e+00,5.725008794381556410e-01,1.154398613153122977e+00,6.113607844979757067e-01,9.833572530951114610e-01,5.874643386680467039e-01,1.069183957588094147e+00,4.911897824180063710e-01,7.987453094663485853e-01,1.459159386965005467e+00,1.139442468142529252e+00,6.479664626059620236e-01,7.765074703974681469e-01,1.035130859925584179e+00,1.291763232441824893e+00,1.115950618243188419e+00,5.338372986387415198e-01,9.856656180493208463e-01,7.942885290306319623e-01,1.869432908878935873e+00,1.039252220999452803e+00,1.255111016681873970e+00,1.192417274525997994e+00
9.048703625377589876e-01,7.488345373035950603e-01,9.421463265509846252e-01,5.634819361913245839e-01,1.233304132504468686e+00,1.509507677822553351e+00,1.087406691383073332e+00,4.772205678714374621e-01,5.793485835865749278e-01,7.014017995264115735e-01,9.986644396882906616e-01,7.472319054514666714e-01,1.395368251368375834e+00,1.311774557066765601e+00,8.586178057519678886e-01,5.341280477925967052e-01,8.013560200661360433e-01,1.053096431816501921e+00,5.322632472840337359e-01,5.509446837590381563e-01,6.731080279445457171e-01,7.953076180539262463e-01,7.772607200505260439e-01,1.144205503150058423e+00,6.411951793481835971e-01,7.029817589204934158e-01,1.369515248227507254e+00,6.669368042942480646e-01,1.568919762100801973e+00,1.722489902483399282e+00,1.140949789586629404e+00,6.696897877181261505e-01,1.660196324659023448e+00,1.531614226005479251e+00,6.494296979929423674e-01,1.347160841788451080e+00,1.733569940718738378e+00,1.333041179460148884e+00,1.449028694500468006e+00,1.661069311134998339e+00
1.140096240844703290e+00,8.794328226983761931e-01,1.605465807502089337e+00,1.587406241417025354e+00,1.591475223426778163e+00,9.091992876996897177e-01,7.719910384493741118e-01,5.392664106213084230e-01,1.045692216835882427e+00,7.563313881048723264e-01,1.029913126857650463e+00,1.300493951230462741e+00,1.332610066343409727e+00,7.613622365945257320e-01,8.356937198476329653e-01,8.349784503481966214e-01,1.156459331577061933e+00,1.375702050406034660e+00,1.416130416390780855e+00,5.069654320111145474e-01,1.113059915829223812e+00,1.383486480451469047e+00,7.856825739341261050e-01,8.806253338388205787e-01,4.784228996625836672e-01,1.137745853246673100e+00,1.260371033737307744e+00,1.320896795872190888e+00,7.230919565035929253e-01,9.866783289320498751e-01,1.133318363939489259e+00,1.328457184984539241e+00,1.294246625453761235e+00,1.424250585189379636e+00,1.199229077873783300e+00,1.509781071381273376e+00,1.502619568056871469e+00,7.446009993858930809e-01,8.436964082561042577e-01,1.685148714456798480e+00
1.001295571320710120e+00,1.340566569395712282e+00,1.788897375892957164e+00,1.397683898739267905e+00,7.461509854266323849e-01,6.143907157675083663e-01,1.422038420336818154e+00,1.277970745991880541e+00,9.353054068878744465e-01,1.184676518995103400e+00,1.165389658927046934e+00,9.203744144406941219e-01,7.994875649014338004e-01,8.871049701107671659e-01,6.001416693979344519e-01,8.643068696220257419e-01,1.564474959788648922e+00,1.407286999716230946e+00,9.680718066388538379e-01,1.407054666893772454e+00,8.087160138651130481e-01,4.861112321746187681e-01,6.650349547900216152e-01,1.345005928966001907e+00,5.282843138501456259e-01,1.498876527202444242e+00,6.289812435903966437e-01,9.655909423143091974e-01,5.444758093730803772e-01,7.089044779682130981e-01,1.117216732613048435e+00,1.527411828269347183e+00,1.724331697567039745e+00,6.930460829365161501e-01,7.498273645020809841e-01,5.183153100430716309e-01,1.456221638296649079e+00,1.110572177168833496e+00,1.426067222330475115e+00,1.451146732546835905e+00
7.366014627123702585e-01,8.668441344377422197e-01,1.404742546161407590e+00,9.728085185180733729e-01,5.296940221599059084e-01,1.139374848451880418e+00,7.306312073610110591e-01,7.759431469315165586e-01,5.233833641978716811e-01,7.809579254239821244e-01,7.031516572289537859e-01,6.713115439718365662e-01,9.792255742037487831e-01,6.854258779200660401e-01,7.213398371268451292e-01,1.198420118675384449e+00,1.535271125943482806e+00,8.825939039776565798e-01,1.023309219941599180e+00,1.619182784245987161e+00,1.517054247319700844e+00,4.471415969642127397e-01,8.156557561751328622e-01,8.564670538934255895e-01,1.245109519268700504e+00,1.183231526942656320e+00,1.194899878514264380e+00,8.443240429808415159e-01,7.138938166778033834e-01,1.146515012095725927e+00,6.229359356245600665e-01,7.453553544482942605e-01,7.310562101488891074e-01,9.465767285152841826e-01,1.596960579137868041e+00,8.052993387562389360e-01,8.615246291599525374e-01,1.010083498587993178e+00,6.902547055857227720e-01,1.114825228980833804e+00
8.368362672189355589e-01,1.291963047179776503e+00,6.979757736228683340e-01,1.287074255452437921e+00,4.977207279518354732e-01,7.806020050843969216e-01,1.630273110844254525e+00,1.303255739843295347e+00,1.497006919222649168e+00,5.620221925349733194e-01,4.803971607935746402e-01,1.220568905517110059e+00,5.204550471463671446e-01,6.283682469593629971e-01,1.462384314044655298e+00,1.260961553720282291e+00,1.395044614688108364e+00,7.672925623058958200e-01,8.370527006341558218e-01,1.348488444030583766e+00,7.892266233811636722e-01,5.552850042607672121e-01,1.252626758075499058e+00,1.577001770725942498e+00,1.486412973826304773e+00,8.521883377084835676e-01,5.673461398481443041e-01,8.692021745607180216e-01,1.306925491057968847e+00,1.366720132229075402e+00,8.341002703431773524e-01,7.547005530193324763e-01,1.367149189526459363e+00,5.448021109469178835e-01,5.515723799457248333e-01,4.692363246888550110e-01,6.999669316013029663e-01,1.272544491280051648e+00,1.090096033608465742e+00,8.341545109456096618e-01
6.932212345344098692e-01,1.412258574566737535e+00,1.095241027644539900e+00,6.244432776236210625e-01,1.240267381196899832e+00,9.031205531193127189e-01,1.419064254827867799e+00,1.314523430068401444e+00,9.046430009548880324e-01,1.124180783109821835e+00,1.416486091661004476e+00,1.345164209950597378e+00,5.016461338749315102e-01,3.861638773913644851e-01,4.543447516387803531e-01,1.525602946848949593e+00,1.438589230431453148e+00,1.766782050909333712e+00,1.458507803577701489e+00,1.033057708505656702e+00,1.101780596874423201e+00,1.073723787462100843e+00,9.254222536701609547e-01,1.478443310455888948e+00,1.365793886805588109e+00,1.207750269897748030e+00,5.235553441016557175e-01,5.922692607858369707e-01,9.111035177898008097e-01,1.149280296910763166e+00,1.395693642924239253e+00,1.454504137196692914e+00,1.401358282303162950e+00,6.017713056366265079e-01,6.327792859063207098e-01,4.929817811682769557e-01,4.865876948668007573e-01,1.502101045919711275e+00,7.607680453688935307e-01,6.631596195475834010e-01
1.084660448044957093e+00,6.533133572171255787e-01,1.351902026764581377e+00,8.613611784054986398e-01,6.657216013195381699e-01,1.299440984206123861e+00,8.045294568709775440e-01,1.379255066410956854e+00,7.684195123554655726e-01,1.280556411794480098e+00,7.793472700412757970e-01,5.287191119227376834e-01,5.201835884389386377e-01,5.590960638828704754e-01,1.435670172024208657e+00,1.460859221498352900e+00,9.417307809816671815e-01,1.753379724307688514e+00,1.751975457018561499e+00,1.083988621717802081e+00,6.703610202538631269e-01,8.538559204149838155e-01,1.249200433455190717e+00,6.304162812577518427e-01,5.882284196146805311e-01,7.574394462702632724e-01,6.913304311625647625e-01,5.412433973473056437e-01,8.265725938830822406e-01,1.527074808010360663e+00,7.347014783005614280e-01,6.796760875741094665e-01,7.570027935943505204e-01,1.070344561444354969e+00,6.668496663871448238e-01,6.822598147900802434e-01,9.641993773980006566e-01,1.302179626768520171e+00,1.345679166824196527e+00,1.048168971615488054e+00
6.828106387539556454e-01,1.029537720460447670e+00,8.243028599965522840e-01,1.246906313545651512e+00,1.060887623057447771e+00,1.766887217123946696e+00,1.365574810859887522e+00,9.630890458781136143e-01,6.771899262404206254e-01,5.943139518409390476e-01,1.078063819461322348e+00,7.135218801660334620e-01,7.465418178321330256e-01,8.050972243033045483e-01,1.239827920514958493e+00,6.896532800937535956e-01,6.661136711360821083e-01,6.573005374105321819e-01,4.282879870608685691e-01,5.386756492692349463e-01,6.482768191415987369e-01,9.210300979593820658e-01,8.169551689645312420e-01,5.376575350612075033e-01,6.854879327947288603e-01,7.594844260291906402e-01,1.116766805487970027e+00,1.526965958100946485e+00,6.327540166612342087e-01,8.358265987820979737e-01,1.298469609962839444e+00,1.562343196662062894e+00,6.631769324096965512e-01,6.451702512075823126e-01,6.913669502549325552e-01,1.050006126619210223e+00,6.647170996704707679e-01,6.671595370264984393e-01,1.096726135193222929e+00,1.228110568234485278e+00
8.947419375131600017e-01,6.646987615331196864e-01,1.242439312370792415e+00,8.275965136797406307e-01,8.846318175416781893e-01,8.252209167236217446e-01,9.426154223923627340e-01,7.714906793736698853e-01,1.403999225901810810e+00,6.105839497449061515e-01,8.215952256015298660e-01,9.878305753255771648e-01,5.794016321772375022e-01,7.199346265194994654e-01,5.543750422621748219e-01,9.615766792544687691e-01,1.220222954733814369e+00,6.022245736236662150e-01,1.496245924225898527e+00,1.087294774054557767e+00,5.960543109364184744e-01,1.017597178435469152e+00,7.901133520119519860e-01,7.078793576839106372e-01,5.473542726298425976e-01,1.334691377790914624e+00,5.721709207366917349e-01,6.700063852702157208e-01,6.107259945476610774e-01,1.081176004331559692e+00,6.045474568630403445e-01,7.254744940330849490e-01,1.281383530186535724e+00,7.585020353197854392e-01,1.520173614924706706e+00,8.600055444457248566e-01,5.313718558963309579e-01,8.095501314632170820e-01,6.745063615092661280e-01,5.004480856293217483e-01
