9.453718476517526392e-01,7.933290413565072807e-01,7.167153308011122714e-01,1.537936844524639746e+00,8.301885885954636279e-01,1.276331743540812358e+00,7.812611760140122374e-01,4.626678698945709822e-01,5.910032121755185441e-01,1.604798400006923753e+00,1.068166649289445269e+00,7.629044136787476171e-01,1.273102554922586283e+00,1.770619163145866981e+00,5.265584253079680366e-01,5.061482413283469040e-01,4.936023733582384221e-01,4.036811103488869845e-01,4.717215387638410973e-01,1.535008049088373516e+00,7.121298437819726379e-01,5.698606366520962974e-01,1.035861709322827728e+00,1.366798183013609336e+00,4.373127252515563446e-01,5.362552923554136930e-01,6.502431583120272807e-01,6.554176512513446573e-01,1.092278525379858589e+00,9.055236686339791508e-01,1.352470955292105703e+00,9.296884930651654333e-01,6.696752896208525430e-01,6.939816743939283272e-01,1.476407174735254957e+00,1.116250062692165868e+00,1.233592424961998946e+00,1.648716950624417921e+00,1.689241959526671000e+00,1.427490002576810468e+00
1.112709241618586420e+00,1.219134139563295527e+00,7.630617807598880642e-01,5.396555796017131756e-01,1.021459322717002793e+00,5.480563997127196885e-01,6.438819820579045894e-01,6.096645805408839047e-01,7.490801181317252588e-01,1.378278660704181702e+00,8.098071293434722095e-01,6.487006359281031198e-01,1.282187409450864513e+00,1.697695805665789592e+00,1.521341459792834749e+00,1.407423226887405843e+00,6.288294467661009746e-01,3.751681469629721266e-01,4.054416284839704732e-01,1.114460365810534315e+00,7.172793232398558816e-01,1.118222252339729383e+00,9.591849273812446119e-01,1.114517925848963698e+00,5.782287317694144724e-01,4.631942648337588064e-01,6.281499882416986535e-01,6.594976806308849859e-01,5.716707441080113306e-01,1.080694338708101387e+00,1.587630772660840295e+00,1.451463890833317505e+00,1.417952943110572184e+00,1.009183757631650691e+00,1.682107043936815982e+00,8.959236598891849868e-01,1.375061121348947646e+00,8.342717993790579323e-01,7.289641608104503456e-01,1.286750373007361503e+00
1.258558815875947534e+00,1.368788284757046947e+00,1.341017644146089927e+00,1.493413015644938557e+00,1.875633122247017504e+00,9.979528541263760211e-01,1.191155856666683555e+00,5.721658251108038273e-01,9.061642196106598490e-01,8.700982854139641676e-01,6.306234035498978763e-01,1.177404497181280263e+00,8.323824330618238010e-01,1.026084430205366216e+00,1.789552250291808866e+00,8.775769322659737748e-01,1.285550508467769193e+00,6.466530826601846194e-01,8.359953461106180983e-01,1.316480136384304611e+00,1.290418615799586721e+00,9.744011437267363629e-01,1.256981311626009346e+00,1.433762984127274098e+00,1.262305927181819554e+00,1.962934152704791657e+00,6.739096966560387258e-01,9.058932511693460476e-01,1.098234173212580433e+00,7.800816948215534286e-01,1.336308110249379233e+00,1.328348325844832534e+00,1.360783363347090713e+00,5.243417182155691858e-01,8.111766878557035154e-01,1.194577698254979836e+00,1.371321741552814499e+00,1.050049381048386410e+00,1.135938906146363836e+00,5.437417068331353853e-01
8.556000615522506569e-01,5.236935756842635570e-01,1.814364204760545718e+00,1.758016344928653218e+00,6.799470364056396932e-01,7.243953332533982215e-01,6.205066346921915832e-01,5.925299518417594946e-01,6.574673651430178456e-01,1.193636994000356832e+00,5.926721885567202142e-01,6.819086225595122341e-01,8.232579981274924519e-01,9.798523213710064184e-01,8.874172694107750337e-01,5.307257920427870257e-01,7.077554197067286168e-01,1.718429748177484173e+00,1.392656091355652492e+00,8.260109967555474553e-01,1.602033486534297113e+00,5.909114297194851817e-01,8.967572934504490778e-01,8.143003702718520920e-01,1.450589628503109907e+00,1.749097683307040185e+00,1.395864896791138010e+00,7.640437495628308318e-01,1.208959558608629914e+00,9.702264430183177302e-01,5.296651585120891736e-01,5.551712822337858677e-01,6.601851515198687848e-01,5.384054948916598970e-01,1.266992364761174272e+00,7.483859330365677520e-01,1.459433676560416115e+00,7.716466540304164345e-01,8.918756119003409255e-01,6.488507290320257859e-01
7.881843108636780171e-01,4.296052650170104625e-01,5.033088443215364416e-01,9.312171384428143961e-01,8.712236750391785245e-01,5.493021646330266128e-01,4.408612452604023235e-01,1.576507669766237463e+00,1.290965430512430068e+00,8.909298262076763564e-01,1.235487997312573416e+00,6.570934060639151975e-01,1.376583734523418201e+00,1.777117294996805485e+00,1.016725048280448407e+00,1.256130752295421482e+00,1.262931239065329558e+00,9.406371704170930492e-01,7.884383580606885156e-01,8.930290002858201071e-01,1.512308104418455645e+00,5.177042945837041499e-01,6.918369443567448096e-01,1.146630690773644767e+00,1.394573762508191539e+00,1.844976901018210658e+00,6.648619341620615186e-01,7.963075112958991619e-01,7.690400802121027946e-01,1.130130852584840806e+00,6.898286961331182576e-01,7.724101860282883703e-01,9.542275648400873056e-01,1.319750773997465432e+00,7.681563215282539714e-01,6.443189771471728999e-01,1.514013058182758442e+00,1.056000816116973162e+00,7.195120663764552615e-01,5.149556716225454078e-01
1.194911994773286912e+00,1.259260747307772155e+00,6.623515659480732065e-01,6.536448750065325664e-01,8.201950322691270445e-01,7.757314392995401375e-01,6.393271409014841256e-01,9.096034458788788690e-01,7.703277498663876344e-01,1.220058129453645002e+00,1.089864387701352078e+00,9.654848620914632251e-01,1.288195424396897160e+00,1.067708322839985513e+00,1.118981254058059038e+00,1.070386641374375447e+00,5.511047865192603146e-01,7.312098896265457615e-01,6.963420864635940788e-01,6.998375857083968254e-01,1.094872781100229231e+00,1.198600138185189179e+00,5.048142079049386943e-01,4.340157649196514922e-01,6.309728608084614887e-01,1.047378483037139985e+00,1.010322440983033587e+00,1.281744667487418887e+00,9.124547562437802517e-01,7.337435836208276996e-01,8.745804103360811377e-01,1.352866950780570399e+00,1.357234445943675594e+00,1.518818267545169576e+00,1.455175815583051202e+00,8.244633696263461431e-01,1.487042373986212640e+00,8.169384160105305215e-01,1.113893675982914333e+00,6.854866722632632081e-01
1.669910939098538938e+00,1.533525200007382461e+00,1.672759696300446519e+00,1.005719741268407130e+00,1.405411380748882832e+00,1.496627185661058235e+00,9.372692996338440885e-01,5.339302763432675070e-01,7.110835092761668141e-01,1.023744465054692299e+00,8.616182645458039246e-01,1.217232404761275477e+00,7.876373554074613814e-01,8.352523082352976136e-01,8.447366567150881300e-01,1.396630200331999472e+00,8.660123716832354157e-01,1.357101894825136101e+00,1.111503231280675630e+00,7.938823541628087233e-01,1.731230892424785894e+00,1.092434326180885762e+00,8.658336100013923620e-01,5.242610147654541697e-01,1.325551162151073603e+00,9.166319881025465355e-01,1.555671590060743181e+00,8.970165190852037451e-01,1.217361040711485876e+00,1.274975611583715640e+00,1.416517658912930244e+00,6.298808733936717141e-01,7.760373884271952738e-01,1.287693409197785854e+00,1.711714632201120967e+00,1.532075254417364141e+00,5.620965966087202448e-01,1.049885747055470109e+00,9.159327292932658571e-01,7.042974558620412884e-01
1.812851360807498535e+00,1.874161264026857232e+00,6.376179810220804489e-01,1.343717673274674951e+00,7.706037099091068709e-01,9.778439894906499896e-01,7.916617079125665146e-01,5.503773702909147136e-01,6.781342964670323825e-01,9.602207115907437363e-01,8.971653052375967441e-01,5.030851174362530598e-01,1.345345786196905591e+00,9.193628045708163166e-01,1.534403902579149825e+00,1.611519139023060765e+00,1.005323969481896285e+00,8.057625326119487452e-01,9.937084696538873718e-01,9.387326883693390966e-01,1.287616793047265284e+00,5.837989387679413111e-01,5.948722643003401256e-01,7.453497839206461029e-01,8.107039917227093495e-01,1.315942349027032554e+00,1.377587227799154546e+00,9.167120918089665116e-01,6.819754152851055240e-01,7.337828722486827715e-01,7.458001979363938494e-01,1.284747654349536194e+00,1.283564102041210964e+00,1.048132320759156633e+00,1.333799606037340046e+00,1.087170543519912380e+00,6.447869520968967372e-01,1.561857940749362017e+00,1.380339818693542941e+00,8.060242337114497113e-01
1.035937402314410782e+00,1.156063494489663279e+00,8.292141913861073022e-01,7.637236108077742891e-01,6.745966636916478354e-01,7.466764055531156519e-01,1.349336510524114630e+00,6.344760419280197628e-01,6.170652864281093164e-01,5.929297580516391664e-01,7.111476508585414802e-01,6.679465542636774389e-01,6.057785759510267987e-01,7.920145770340187852e-01,1.711488465170218021e+00,1.007774367805012172e+00,1.645198637443323175e+00,1.440374348388945069e+00,9.195532699936147525e-01,7.173804273804702536e-01,1.398562235203101078e+00,6.288157555914404284e-01,8.232967079128838961e-01,9.872682932729821559e-01,1.675321091066805712e+00,1.173745744871900198e+00,9.386805087882414966e-01,1.343125530805696854e+00,1.276145127701046933e+00,1.236452555401333253e+00,5.145945988642862678e-01,6.050930606888741403e-01,7.592924852876534736e-01,9.644289207404493913e-01,1.183105446699121988e+00,1.520194988749230980e+00,5.831989421078440650e-01,1.051908119051355506e+00,1.048289588218267232e+00,1.334432517182136735e+00
1.794894211947280604e+00,1.744964182393438756e+00,1.233562873480693378e+00,1.646991671113025690e+00,1.525469618890760826e+00,1.308071908451686749e+00,1.078058381097017238e+00,5.585892731990808047e-01,1.374592935650449599e+00,6.656874692364573853e-01,1.187137730830061688e+00,7.867006846800830289e-01,1.521498964816084820e+00,1.252887822644427995e+00,8.053211982157496562e-01,8.746523262559101619e-01,1.113145341662959531e+00,1.306277959926550380e+00,8.787617370421521024e-01,7.866240506221511275e-01,1.181657762374637155e+00,1.190553503184678341e+00,1.191557226752484544e+00,8.560202566024651682e-01,6.915883477765168985e-01,7.545935405477016689e-01,7.776098248748131159e-01,1.069892127556740125e+00,1.244322315084710029e+00,1.367659924908831259e+00,7.087871585444801559e-01,6.564863353773150445e-01,1.521817847947569247e+00,7.263488670177332684e-01,7.053314834308632708e-01,1.284397079054462543e+00,1.454894381229771883e+00,1.424110816096418430e+00,8.217607376761906224e-01,7.207591620263148480e-01
1.714909909460778703e+00,1.047854540348820418e+00,7.028381639537311099e-01,1.260060437616076223e+00,1.023652888859277743e+00,1.192966558469352067e+00,8.473560227293196467e-01,7.503864348916685634e-01,1.553454743602980859e+00,1.270842893061758572e+00,1.488470515088556878e+00,1.811981058280746071e+00,1.141448608025339206e+00,8.806951357473622455e-01,7.211096934909649869e-01,1.303715216160340473e+00,1.057410142030950295e+00,7.497401851228467917e-01,9.516348517980893762e-01,1.391954074544204945e+00,9.258332780990558009e-01,9.114614150051302266e-01,1.541738331762859904e+00,1.415315249365038053e+00,5.988526667136496728e-01,5.817203961744846774e-01,1.053292223352978230e+00,7.095427041523176825e-01,7.003259560617210999e-01,7.403864258821883926e-01,1.041648272905810080e+00,1.075959857382343232e+00,1.641548931133663736e+00,6.865667512143760476e-01,1.203340508265720032e+00,6.843490957173162803e-01,6.663499902285161536e-01,1.690201681510067111e+00,7.686442317675277192e-01,9.527052244666570635e-01
1.347141047349365017e+00,7.561951471347111431e-01,5.157460343490162247e-01,1.132858196751834079e+00,1.314297918329634607e+00,9.570560557000343804e-01,5.499292719224084802e-01,1.077659303346606423e+00,1.288850885383888256e+00,1.397006339601544855e+00,8.368709691580654697e-01,1.212362306492692055e+00,1.084759187124337165e+00,1.094925434466675673e+00,6.683423567588441250e-01,1.313424931293362574e+00,1.032951922723835070e+00,1.230088873135616545e+00,1.417042890764621532e+00,7.854185043600837579e-01,5.393519056844123805e-01,1.130904776948961299e+00,1.175723188715252165e+00,1.354557569926827298e+00,8.509545147627117778e-01,1.092953294005866383e+00,6.424864517669580666e-01,1.079947336288816340e+00,7.127249010856281375e-01,4.709345816202740176e-01,6.927579695548385930e-01,5.630747895946256465e-01,7.244966451853548373e-01,1.352299361096564123e+00,9.881436538651477974e-01,7.450182706015550105e-01,1.237029416595692100e+00,1.868433338667283783e+00,1.310710472215518285e+00,1.304006691328336354e+00
1.308619983596917669e+00,5.668073365508451422e-01,5.430560248964537706e-01,1.174295569326120336e+00,8.696250115043012707e-01,1.415603196367092087e+00,8.890964117638613384e-01,5.343574226537862737e-01,1.177078262351455740e+00,6.101275101808099066e-01,6.809835282426709435e-01,1.719006398564543403e+00,1.090077039778361234e+00,6.027273920752310721e-01,6.808630432702104107e-01,9.645931081314145228e-01,6.227057596160419095e-01,9.562880898015421183e-01,8.948247133886724214e-01,9.629692849164160906e-01,4.822047283692380559e-01,1.301208027618485641e+00,1.261206485544404066e+00,5.438093235974502671e-01,4.726437098176255458e-01,1.300735094903991307e+00,9.046511026023148494e-01,1.558585203948855247e+00,6.150327181971161350e-01,5.613431319350081772e-01,5.492343784199749113e-01,6.431459995831033671e-01,1.070268687122376328e+00,1.609294139767606824e+00,7.288426787125485973e-01,9.786250586528143502e-01,1.745196349099449762e+00,1.456634948570000532e+00,1.402753512795664514e+00,6.577594678175011644e-01
9.649812450736118263e-01,9.642382924330683558e-01,8.964912527613307924e-01,6.970261822932295459e-01,7.683313722829056003e-01,8.572360112085246620e-01,8.516113030323360089e-01,8.445595172980541188e-01,1.658383980937046420e+00,1.545222839795106440e+00,1.339281829353764941e+00,1.143899098880874154e+00,1.241172656448831013e+00,9.390596545952065721e-01,7.998551420833367454e-01,7.846793117420219899e-01,6.366383642954014377e-01,6.947558872427493926e-01,9.061935543535402093e-01,1.041188289954703805e+00,5.500221306769551566e-01,8.504315274725896545e-01,1.079606046137492559e+00,1.142970778585198133e+00,7.881316876473948296e-01,1.146109330232528478e+00,1.277622736774546297e+00,6.677538582945431456e-01,5.359722019616696143e-01,4.931082980915407754e-01,1.114425745001330181e+00,1.474262853468195855e+00,1.195133427514029067e+00,5.840977118645074295e-01,8.786018846152815476e-01,7.614068267351840058e-01,1.560272301971728615e+00,7.667816320260431029e-01,6.592466806583704431e-01,6.125349411753102657e-01
6.782479682549875655e-01,1.282714902646652222e+00,1.489358190095419809e+00,1.436440044785346259e+00,1.278824909395663845e+00,1.061896138741724949e+00,1.347235377131436262e+00,1.099880674997007146e+00,1.233406452053795954e+00,1.544726473862965577e+00,8.220323236247439880e-01,1.477461070373505825e+00,1.298968591169126663e+00,1.186181433361950477e+00,6.322427723751673501e-01,1.208908515945572359e+00,1.119784114295742539e+00,7.323146326497169678e-01,9.588444253078044488e-01,1.074050215283629095e+00,8.420401810260532693e-01,8.488033582895294638e-01,1.497934111976880978e+00,1.644290154031012863e+00,8.405430872715781154e-01,8.885959583098190784e-01,1.011684037004397796e+00,7.656312219932238650e-01,6.556037107847972889e-01,8.418468304895685428e-01,1.702747892481146774e+00,1.550987919701801943e+00,6.440868288930458041e-01,7.804472247234658377e-01,9.677844465166671739e-01,5.589905282627660732e-01,9.281977752181186370e-01,1.371669564969916433e+00,5.106997439624659796e-01,1.289677250837053091e+00
7.299552927384174161e-01,6.645004647609056292e-01,6.503255340114872940e-01,1.469555792683256090e+00,1.129107246619640126e+00,1.408195511194789029e+00,1.463891314559239154e+00,9.199646042351383723e-01,8.763915209803594397e-01,5.862269757781570778e-01,1.397081907587031990e+00,1.088161374773088497e+00,1.396244890100251768e+00,1.404069621223908104e+00,8.643990150716562848e-01,1.829462360396227893e+00,1.250001792620769159e+00,1.592511062042968994e+00,1.146783852333381981e+00,1.729551187625362862e+00,1.596155416514368763e+00,6.212197730131860940e-01,1.378038252479262704e+00,1.912621882514493832e+00,1.457208029701480223e+00,1.335567606517629624e+00,1.269454841067264805e+00,9.255824855181991051e-01,1.125804287656581915e+00,7.716261906950875327e-01,1.491698898508010407e+00,9.292830941197156580e-01,7.079913571707748821e-01,5.557825938211524708e-01,1.227803677619232259e+00,6.724955990343587375e-01,5.994446431505834338e-01,1.003675374467829506e+00,9.163937901018915921e-01,1.180508585464134397e+00
7.273304968569008766e-01,1.393345786678385601e+00,1.082529481136849547e+00,1.653980081943144054e+00,6.489652352965487037e-01,6.063637675788895454e-01,9.228337955307055473e-01,1.072445652621385026e+00,6.827180784977169292e-01,7.092963412048208793e-01,1.366300165549718448e+00,1.148623933497440630e+00,5.761793877798777608e-01,1.108508456254006402e+00,6.527763451252519555e-01,1.826406684854368079e+00,7.872002934999814405e-01,1.769017076390875687e+00,7.508394306014479769e-01,7.750577735293630033e-01,1.031415081946888357e+00,5.723259438920547115e-01,8.151923177271803711e-01,1.470165527200273159e+00,1.400064771953649423e+00,8.284530442173266840e-01,8.231450525470760393e-01,7.623415054649504974e-01,1.059980564612691190e+00,1.290286477818915589e+00,1.306735900139907258e+00,9.238300205249750929e-01,1.125497024647692079e+00,8.920857674646678337e-01,7.945425483027831470e-01,1.297853945236080886e+00,9.780016160378497414e-01,1.438352278024704001e+00,1.193510631260674915e+00,6.320993464779472992e-01
7.458595342830506292e-01,1.386184629074368235e+00,8.065044583383107479e-01,1.675354480940486335e+00,1.236734582615524491e+00,7.771843364205500704e-01,1.350361964689632766e+00,7.075386019278097072e-01,9.455725918983517442e-01,1.061990340368929919e+00,1.430919748737335295e+00,1.259672107637586747e+00,8.003448342655633541e-01,1.343799940064914544e+00,6.811203630438202872e-01,1.873358369162263948e+00,1.404508113082928666e+00,1.135833746735040339e+00,9.542839357015840962e-01,7.065758999243292315e-01,1.293831361875298125e+00,9.261901510881505040e-01,5.000632139980429880e-01,9.754024726733860895e-01,1.748422573341232855e+00,1.272308324884677821e+00,1.083872407436726526e+00,7.384245671302135383e-01,9.762022701449409867e-01,1.165803875454077154e+00,1.681745639877910703e+00,9.173729095263375433e-01,1.116100324509767372e+00,6.834834833490419648e-01,1.290102527825562007e+00,7.375054278310317901e-01,1.542132617017382579e+00,6.672438143478769401e-01,5.404391493455954487e-01,9.984997029683281289e-01
5.000190169531080198e-01,6.443696066697430780e-01,1.138696052997415498e+00,5.200421638685637227e-01,1.463348083820557477e+00,1.270634473052246083e+00,1.040931835492171720e+00,9.543793275705141355e-01,8.019637681038868093e-01,1.409197295437322417e+00,7.051891816345778885e-01,1.568287709568988886e+00,1.577001047800573819e+00,7.507228404157069157e-01,8.211202865753906011e-01,1.049566106945965416e+00,1.852322536354955806e+00,1.108519516932898519e+00,6.778088797205958915e-01,5.771024618214141144e-01,1.438098789351659024e+00,1.349563837736942107e+00,6.312336155930577952e-01,1.033027326097575749e+00,7.108920556510299749e-01,1.154143582188255079e+00,8.138819729494607413e-01,1.201392167391283072e+00,8.039275230582203502e-01,1.660969176746457165e+00,1.117125283304425398e+00,6.807986992284253969e-01,8.518768693379894508e-01,1.572542279004655486e+00,7.540888498579233490e-01,1.431143428226668846e+00,1.554047232592642880e+00,8.674105138495327161e-01,5.984314641706232063e-01,6.257307719839045879e-01
7.366190577254632110e-01,1.300478916772585203e+00,6.592390777438813521e-01,4.486871385629865316e-01,8.335891969919719813e-01,8.808967917696011174e-01,7.442892147534769798e-01,1.245970579953305846e+00,8.174665463069361593e-01,1.242716671125151606e+00,6.900270140815900621e-01,7.814906286086047427e-01,1.459196444016556349e+00,1.733943649389990016e+00,1.338355413046223630e+00,1.365719641676003349e+00,1.586564543118344162e+00,7.462460828626218401e-01,6.763347977124092303e-01,8.047326377060720626e-01,5.280937990685857786e-01,5.788625475510241758e-01,1.459039059195594845e+00,7.430594017420039110e-01,9.127431935324230583e-01,6.557068563961572227e-01,6.184936583023119550e-01,1.546084981384778567e+00,1.644855271194059165e+00,1.102999050460058417e+00,1.226823171592544170e+00,1.446908386938152713e+00,1.327187996908429701e+00,1.126580606559610231e+00,1.443156960130664190e+00,8.120732078810815047e-01,1.040233200659554047e+00,1.080700761837246171e+00,7.248260454101145278e-01,8.594137614280852322e-01
1.081823900786901271e+00,6.994521519589426140e-01,6.808114312217338204e-01,1.015993588357046118e+00,1.067190625467003606e+00,1.519650932336369387e+00,1.082439529724384952e+00,1.504050899744281855e+00,8.550914843748869121e-01,8.909720429394015762e-01,8.403827724050911829e-01,8.128430938878649092e-01,6.778767328442486528e-01,1.369382777435829812e+00,6.318584499709012370e-01,6.304516093051888426e-01,1.063321024050440045e+00,4.590650047287153646e-01,5.337563836123386807e-01,8.262013401006343960e-01,1.053183913750116663e+00,7.901756266273393114e-01,1.551123688498959430e+00,1.652219621717898157e+00,1.288920978264019190e+00,6.431312988687172272e-01,1.021626828095445028e+00,1.158913207215910957e+00,1.324815641564475843e+00,1.006873495172039723e+00,8.405818244965895802e-01,1.593813754870855526e+00,9.711457747659163475e-01,7.139061619349251764e-01,1.488674445902177013e+00,6.701954185686950227e-01,1.009603774612112703e+00,1.004469140646014447e+00,1.256915989364386199e+00,9.795897706969695085e-01
9.693445781605405376e-01,7.048974301222278305e-01,1.085691654726164801e+00,9.305688879853000195e-01,9.456699390591940535e-01,1.484239193973773796e+00,1.162346845938328821e+00,1.509633492669660848e+00,7.511007391583115478e-01,1.605544148334380417e+00,1.203606428251720040e+00,7.299421044505453038e-01,7.624937804563131083e-01,1.157733709229048280e+00,1.143543025871376795e+00,1.185482231811337162e+00,6.430862478762079393e-01,4.954517727498624624e-01,6.390700433803219171e-01,1.902914205629234079e+00,1.308170769580296877e+00,1.092875833232558325e+00,4.672037706199382301e-01,4.261211573484720017e-01,8.539957757170381081e-01,8.910673081034655718e-01,5.676002787257299342e-01,7.295438737579167388e-01,1.512330430715139951e+00,1.260490193526011549e+00,1.009301420869104682e+00,9.752603228988961925e-01,1.164753574372793254e+00,8.328422706688722865e-01,7.514292824737995868e-01,1.197362596428023895e+00,1.502504095178417653e+00,1.039764986412703651e+00,5.602683545512401331e-01,5.488235477420646546e-01
1.086149221708025525e+00,1.124896028303642215e+00,5.325064978953328865e-01,6.059868910932542097e-01,1.158380384279105169e+00,1.117264277448176468e+00,7.493933654169752101e-01,6.803241715144404678e-01,9.150506894221820398e-01,6.762827589400909334e-01,1.668690943537229465e+00,1.665108612485152406e+00,1.175550341704463930e+00,1.139796986321756522e+00,1.072672715399594745e+00,1.382526662482093771e+00,7.164834249280179757e-01,8.281831676049211666e-01,1.820911527530051810e+00,1.651347699870404195e+00,8.463724999438095864e-01,7.797819180400041850e-01,7.100298216162864717e-01,7.769391596415039514e-01,6.988149273388510885e-01,1.204773943898559851e+00,1.324222825426347505e+00,5.415828382933647323e-01,6.617242754310055375e-01,1.485222390746120613e+00,1.281473653101784960e+00,9.666307372415740007e-01,1.680115185711842374e+00,1.716482483299971218e+00,1.618103616300490266e+00,8.803992936290794269e-01,1.276595821124403951e+00,9.599877736052563337e-01,6.470700917944870456e-01,6.075040566475181647e-01
9.138156810690165610e-01,8.913484624295838765e-01,7.091777410911188628e-01,1.163934996173351832e+00,5.529375648239147623e-01,8.409764846564538043e-01,1.524016964611869307e+00,1.094147223666264379e+00,8.820322334215030535e-01,1.151353733414996361e+00,1.512513258108831860e+00,1.070928319307172139e+00,1.694389832906123328e+00,9.915277638230597379e-01,8.387653030773891683e-01,1.746207123103385550e+00,7.395795942601932627e-01,9.108753084743680395e-01,1.296131680952472998e+00,6.896765746287069065e-01,8.885956246614298282e-01,1.253723780862328718e+00,1.399569794749742080e+00,4.705962187485787651e-01,7.052587910267671401e-01,1.497852331135026915e+00,1.260243483926366093e+00,7.503258113598855195e-01,5.883534939626816618e-01,9.789072876108850796e-01,1.099902074723382306e+00,7.232256404451561371e-01,1.621914087461953535e+00,7.895766471464741310e-01,5.818848735192267974e-01,1.319036870408202500e+00,7.485085777560239739e-01,7.501902164447927790e-01,7.350618279026424062e-01,1.110430951733377469e+00
6.230624850210687571e-01,1.470983731253876714e+00,6.811369168532614982e-01,5.493929988315735535e-01,9.714116286935821076e-01,5.363752105201496923e-01,1.470991880932853491e+00,6.609694284440584822e-01,1.622447774923781338e+00,1.235370362474275785e+00,1.009978131135385038e+00,1.109342686599633865e+00,1.483378189836618288e+00,1.198830529961159685e+00,6.374772738615632761e-01,1.453863415826158079e+00,8.076793879894141881e-01,1.069067213851984333e+00,8.919374402416938574e-01,1.082283607478126353e+00,7.967890230684290254e-01,4.880316588441416803e-01,1.427808458003329450e+00,1.569756430451912266e+00,6.401846198822934708e-01,6.411907050094948213e-01,6.477491900386986856e-01,1.602010020317781835e+00,6.508757776232991787e-01,1.254424728992684202e+00,8.701916532732361098e-01,9.313776637798637514e-01,1.618425871567994223e+00,1.241025024003018284e+00,4.610203596051519193e-01,5.227891987770258986e-01,5.905892294461899672e-01,1.300240152049787046e+00,1.398207068647989271e+00,8.296690863006341843e-01
4.583936186708253979e-01,1.604053209486597131e+00,1.212868807333601362e+00,7.008456299159095959e-01,9.033581234802942062e-01,1.246851624753489762e+00,1.063304426511828549e+00,8.021065757804763940e-01,7.572671851643320018e-01,6.701108746797984628e-01,6.097159231363354914e-01,6.897023540051441248e-01,1.503089481859753329e+00,6.327023724948784844e-01,1.524127996133029628e+00,7.238846364216324769e-01,7.029832760180065865e-01,7.937319357650157725e-01,1.289468641101246149e+00,1.036645737182373406e+00,7.145046792285854043e-01,1.312054345040337688e+00,8.076151138530899276e-01,1.579755480640522958e+00,8.316640290953164483e-01,8.737995987504205697e-01,7.436941369730454277e-01,1.271579738263711512e+00,1.248397223604181816e+00,1.393735066532974409e+00,8.199772991721777649e-01,7.328954078530156568e-01,6.606422109059185699e-01,6.615569985241962492e-01,5.905876513033354591e-01,1.112717225367791718e+00,1.483449967135729519e+00,1.044747362754513187e+00,5.775340692346637717e-01,9.164802503247942989e-01
8.618028265655092168e-01,1.295022829327228120e+00,7.185951559884409257e-01,5.143676476860533642e-01,9.354890067650488694e-01,7.085415991703990501e-01,6.973951823173361042e-01,1.158593914501665489e+00,7.406529685184322087e-01,9.028345138261566483e-01,6.803016839934034055e-01,6.810662824566812157e-01,1.339570840557078091e+00,5.127787403416216305e-01,5.173884721628392303e-01,4.701626088624513700e-01,5.999078219565429082e-01,6.982913530351829712e-01,1.390772709461229661e+00,1.116541584835051282e+00,1.369930935878719724e+00,1.035144101904767355e+00,7.372243589368111527e-01,1.195646414347609321e+00,1.288226742348670406e+00,1.361859980461104458e+00,1.520342752072248560e+00,7.573066963374974758e-01,8.997898270169001345e-01,1.097729692097749288e+00,1.031960559392060217e+00,7.018080441375725842e-01,5.901260660396050461e-01,6.406579466110475796e-01,5.566162244984499408e-01,8.244347382993331141e-01,6.282854030764809528e-01,6.989412398634914370e-01,6.757032629579486915e-01,6.587099755892800168e-01
1.685775855039872484e+00,1.457794049379939505e+00,2.065002589329250515e+00,6.592232480653524851e-01,1.230918221075810948e+00,6.719403742029985693e-01,1.265166596513841668e+00,1.055373331680270255e+00,8.838344265938358202e-01,1.220153380720215397e+00,9.865545559031980716e-01,1.243458800697299527e+00,9.500240905788327472e-01,1.028231155370957106e+00,1.085785870333668246e+00,8.192930474040223121e-01,1.187414933767003467e+00,7.285682987588103510e-01,6.067092014638475472e-01,5.398586681399311082e-01,1.641845056122545943e+00,8.347248002457747784e-01,6.559619876371624025e-01,1.119600016639466178e+00,1.063714818007782892e+00,1.113863337628029360e+00,1.547489133382001558e+00,1.766583910414707193e+00,1.632593772377544106e+00,1.145418669124151467e+00,1.454555523844272225e+00,1.174439827025478333e+00,7.752528176311491714e-01,9.623742595997880622e-01,1.123191320748368360e+00,1.433559061590611750e+00,1.189369584038193484e+00,9.048914483555769994e-01,8.976848765812902586e-01,9.446425704847479787e-01
9.620926321859539776e-01,1.287823081481329179e+00,5.608442208009997154e-01,5.720086583030182803e-01,1.608350674295465410e+00,1.492346629596701613e+00,7.872862155126886252e-01,9.320868316661607977e-01,7.115329321646205463e-01,7.286092023220578362e-01,1.372807441923024507e+00,6.800558794905303683e-01,9.042115854322181345e-01,5.894874105400484954e-01,1.086421058962118158e+00,1.391709757328998931e+00,1.206087514655470150e+00,7.663717002736625261e-01,6.885752764152083261e-01,7.365854420058207674e-01,8.624691637367110086e-01,6.791688680425344016e-01,6.642840084249687083e-01,8.910475419722848622e-01,7.790368846468492814e-01,9.109632139009200547e-01,1.250216198577958293e+00,1.379853753265555483e+00,1.632435975987743815e+00,1.307418561345758068e+00,1.106241677432833193e+00,1.056471256195085973e+00,6.835967972661242120e-01,8.603117713878604134e-01,1.214650556633584122e+00,6.015921484921908924e-01,7.646099867024578334e-01,1.495873103068322996e+00,1.153884855105008933e+00,1.009020267340421162e+00
9.605920258322510064e-01,1.092325072404881636e+00,1.189579686111698731e+00,1.357660117299342106e+00,1.480460900745264263e+00,1.107081536668492294e+00,1.101012419844958901e+00,1.044613762389680511e+00,1.358740088243832744e+00,1.559116577757712507e+00,8.244633497058427851e-01,6.974841624199014101e-01,8.586078527110144742e-01,9.001595343736943367e-01,1.691695254308462681e+00,1.036041523411117327e+00,1.280848277595196150e+00,8.333491957170030551e-01,1.006695680751638511e+00,7.251654996177648860e-01,1.227123330212464447e+00,8.160167563746525410e-01,9.475249078707116412e-01,1.332701575171093555e+00,1.182777892799325992e+00,1.063389381137149536e+00,7.729546461940668411e-01,1.359761830818979611e+00,5.811864924759255757e-01,5.188150043031534153e-01,1.211832990650735020e+00,1.377211850464057363e+00,1.438056429258624203e+00,1.827014976157223414e+00,1.305973462193624091e+00,1.236160517097480760e+00,5.090616963959352370e-01,1.167714947884476606e+00,7.368047753342853445e-01,6.004884756482864461e-01
1.450901113103814088e+00,1.294634425210274387e+00,1.561724155969278494e+00,1.508047890742712616e+00,1.366617073255191661e+00,8.650920217221291786e-01,1.462549187100251613e+00,1.374667199971274067e+00,8.462246538288432651e-01,1.290943124643333828e+00,7.224818880276522304e-01,5.972918454711428904e-01,7.478829390650733044e-01,6.764809489837629863e-01,1.436305964864374785e+00,1.243018453703050197e+00,1.037379836728958171e+00,7.042841331921902981e-01,8.455637650305248831e-01,1.349544757569808739e+00,7.869974431816059157e-01,5.441458724327461471e-01,8.366730377271740515e-01,6.885758112263651309e-01,9.182942781183591752e-01,7.665637038434188755e-01,1.259326748788531791e+00,1.549686442845514156e+00,1.105386510316803683e+00,1.266353569601005535e+00,7.131065946264203426e-01,1.551845055753123592e+00,1.697710263332777192e+00,1.372068854930136528e+00,1.797113950707244889e+00,7.135270085699821907e-01,8.596676869003041510e-01,6.723139235601597319e-01,6.615584109487608888e-01,1.087072626422341814e+00
6.307154725404661155e-01,1.194676394114413176e+00,1.577563600141743905e+00,1.010335799214357566e+00,1.240131367219524217e+00,6.964877465139143187e-01,7.428420476361087266e-01,1.260715788022640504e+00,1.169804587216310088e+00,7.713062528566052567e-01,1.631315507815756183e+00,7.557066135598350387e-01,1.322410243283620668e+00,1.428505206792604953e+00,9.261008914959344418e-01,1.297907644611890232e+00,1.627992562607721849e+00,1.259590812379249636e+00,8.735432063980312911e-01,8.775164623922092622e-01,8.164541066248965917e-01,7.410745674814460671e-01,1.405262758245905630e+00,7.580293972415692583e-01,4.988149634290440226e-01,9.392895284507396525e-01,1.238172779713650806e+00,1.023903379339323072e+00,7.099222908908674468e-01,7.505275153948404165e-01,5.878195163619934771e-01,1.481546113390635133e+00,1.014361025272982886e+00,7.970659708289573597e-01,1.509180900158186844e+00,1.715876115190458240e+00,1.523221536528418962e+00,1.172397205072833071e+00,6.463498590266357757e-01,8.068453221180759138e-01
1.805587550188475943e+00,1.794062206409745563e+00,7.537971439151126551e-01,1.177025557062556516e+00,9.369589526456353346e-01,6.918771617425342191e-01,1.213103115745165717e+00,1.266155249518612802e+00,5.358273409341992588e-01,1.237606125338334806e+00,1.797474681586943346e+00,5.837351334576716955e-01,1.034582300264609511e+00,8.600845101589290609e-01,1.437056589762099046e+00,4.975391699241196730e-01,4.345312267815454876e-01,9.116780035011329275e-01,1.219462051508442890e+00,8.804903878161904895e-01,1.397092350821493412e+00,1.104077121342364798e+00,8.780189817058117185e-01,1.178485944514062078e+00,7.141402579630327097e-01,6.279134221081947853e-01,1.019697195369422937e+00,8.682020999438079256e-01,6.164985626493032500e-01,6.302047527609747624e-01,5.593071799806131894e-01,1.581904988237812448e+00,1.565828707571602196e+00,1.010379291153522097e+00,6.958044924619926075e-01,8.222607007941284962e-01,9.565057832884836797e-01,9.284091759646764253e-01,6.829514583649926029e-01,8.306884045097002733e-01
1.321226212046221038e+00,7.960564672863457147e-01,8.583887529989973064e-01,9.278549081308038460e-01,8.237326642379677599e-01,1.045442929418709088e+00,1.003421099835535513e+00,1.270175306517670855e+00,4.709404730728595778e-01,8.354003530314716430e-01,1.509050865944334685e+00,7.232491145702606428e-01,5.759655439151141199e-01,7.642854291749706652e-01,9.173982547303439761e-01,5.618963167483752574e-01,4.497782115097927469e-01,4.437713361706905890e-01,4.230599520940974689e-01,4.209901246183045398e-01,4.384071323743656268e-01,6.841346231678653300e-01,1.104955617432337389e+00,8.642459245359171982e-01,1.301813811417621203e+00,6.598617171967636752e-01,8.802735466716793411e-01,1.372666900758277908e+00,9.274709124470301713e-01,7.869239425347007710e-01,5.392216276401247121e-01,6.629398094827039234e-01,1.000633559743940415e+00,1.064120367192140426e+00,1.536600100810508129e+00,1.143838942269958192e+00,1.434493635102485065e+00,1.441325119282059308e+00,1.186666350076816645e+00,7.410948161725469108e-01
1.348028864711925401e+00,1.423539678691326138e+00,1.355329924782270989e+00,1.426685170227524724e+00,1.137038155310135856e+00,5.158314444920469866e-01,5.740508790596728916e-01,5.512937975842342464e-01,7.936884655437161928e-01,1.281268255160566971e+00,1.590629466076852738e+00,9.451632858259680914e-01,4.869606978655376395e-01,1.217722709724752939e+00,6.259794667197294826e-01,6.333337270173960976e-01,1.111091013856131848e+00,1.538668462990403274e+00,1.470629737568455830e+00,9.848383471195881755e-01,1.199473117544652911e+00,1.301697892053347072e+00,1.346463416244354283e+00,8.104522944638072879e-01,1.684329003574296602e+00,5.350715253851466846e-01,8.476510425421608375e-01,1.376407212944471992e+00,7.985965808486640283e-01,1.407540154225245033e+00,1.247559693665205804e+00,1.367800639705799792e+00,1.611774096137883028e+00,4.520729911186303074e-01,5.833714888789501840e-01,5.621913898761294881e-01,1.715872827250352062e+00,1.864229567507147411e+00,1.557565749685479783e+00,6.165742711806864174e-01
5.513150159227627745e-01,7.557986118923496477e-01,5.716340774287408388e-01,1.240034521125542133e+00,7.546921925176401924e-01,7.099419764146612799e-01,1.253753593448100334e+00,1.600861677097823454e+00,9.660363811191979844e-01,1.561541231257562723e+00,8.170573542289103486e-01,1.483415809356779302e+00,7.860515731156655361e-01,1.370150667844669989e+00,8.364614311315777817e-01,1.067992050305128560e+00,1.054516427617296692e+00,7.709034394690641445e-01,6.750060351013918991e-01,7.941482042212276715e-01,1.660899693543252287e+00,1.563768889685271279e+00,6.832321053270152822e-01,8.983498478588821667e-01,1.445690156475606614e+00,7.173879711745003718e-01,8.540757502651324939e-01,5.329888594382508060e-01,6.593242438034593311e-01,7.181735272540111792e-01,5.882261891729116954e-01,6.506624475578263178e-01,1.472089119567306703e+00,6.045303640278394397e-01,6.397919098492175216e-01,9.768935668290671392e-01,1.489239669623789286e+00,6.759901125508551711e-01,6.753912890203634944e-01,6.081419517868870139e-01
6.706726520907035916e-01,9.179380481228003319e-01,4.264243604712095181e-01,5.972078479940844398e-01,1.352262698463674306e+00,5.877290981386231739e-01,1.471440502895536184e+00,1.251076560532741411e+00,7.197190796580873462e-01,1.782111873709239402e+00,1.138303119547963149e+00,7.934322544675067590e-01,1.253155167542212345e+00,8.108367144684193173e-01,1.131836716069001048e+00,1.197308918142336420e+00,5.990225015036972911e-01,1.431996952033357084e+00,7.442509170416420350e-01,1.324207251620633130e+00,8.246179406489846375e-01,1.366176529221400093e+00,1.502126931389541786e+00,8.932917328466820628e-01,1.346751548081347227e+00,1.451944364419400779e+00,9.048305437516807048e-01,6.657935391518794432e-01,1.487834440389159685e+00,1.715565611206550711e+00,1.357087141502802297e+00,1.037475289634057551e+00,1.208263192038146361e+00,1.154287097776599103e+00,1.403895371300759143e+00,1.294362510720867387e+00,1.240610056815988127e+00,1.066115956049200397e+00,1.086889005870275593e+00,1.097722068548341090e+00
1.330537086215489051e+00,1.200747641084696671e+00,9.964377833011646146e-01,1.630133068436797172e+00,1.130775543963068008e+00,5.268056420498459236e-01,1.274731449999929822e+00,1.060873545056486567e+00,7.642387178830900574e-01,1.206682651817631458e+00,1.227180187855434035e+00,1.158914249365402549e+00,1.434928914839165515e+00,1.605500470356164167e+00,1.586407709950170331e+00,9.248445374351531578e-01,5.956793209597271987e-01,8.013684919083079450e-01,1.208509723811362457e+00,1.774344222405491944e+00,1.095462781268375263e+00,9.587568306022464792e-01,1.235756709678535570e+00,6.179113534653530859e-01,6.191686896210611968e-01,7.855731477963304732e-01,5.232116780841215009e-01,8.810198139358113023e-01,1.450733575056189384e+00,1.077997711174104367e+00,1.532300448266760817e+00,9.070668942597762685e-01,1.013616881637365186e+00,7.451236756628496494e-01,1.083121462213038733e+00,1.176703887683012928e+00,1.391948207559491557e+00,6.535799369458751285e-01,7.524712603562788704e-01,1.505000487511474638e+00
6.697166543945565209e-01,5.122820695952123859e-01,1.069378601382819260e+00,1.574304278961796033e+00,1.507051075431976805e+00,7.642006227181640243e-01,5.699523782452314835e-01,5.896416402888526864e-01,6.581025444916914768e-01,8.371021316239809495e-01,6.937221911785611539e-01,1.567629202179494419e+00,1.635942188279724263e+00,1.208441006215994706e+00,1.275311073745096335e+00,9.408377083875079094e-01,7.205085485576465665e-01,1.533028478337639777e+00,1.105519321075136396e+00,1.523482554418651436e+00,9.432242580704938151e-01,1.372820849111803243e+00,8.231907199886040472e-01,7.812724106685813297e-01,4.747444695158106187e-01,1.216338905544720683e+00,5.537523314881811487e-01,1.239269685289105638e+00,1.722924866234452956e+00,1.972606731174735950e+00,1.486131011342605390e+00,8.339805870932973653e-01,1.465835811190759674e+00,5.135414088238792196e-01,7.319942465280895316e-01,8.164942005560920091e-01,8.077440830159323681e-01,7.014660643190337996e-01,1.373966279854178962e+00,8.256770772959642901e-01
6.404544645188329222e-01,8.437160794233308225e-01,9.243843835129836872e-01,1.593765899950474019e+00,1.357574744745442930e+00,9.540779702536246187e-01,1.288013404234896297e+00,5.514333554745262100e-01,7.468247466167593496e-01,1.210791941415215511e+00,1.710234673871566136e+00,1.456526159636303053e+00,1.393878284067833206e+00,1.698295920103414014e+00,9.094120506979791463e-01,5.415381815405564403e-01,5.401180266417562326e-01,1.250736453454075470e+00,7.292945661053398254e-01,6.064652857928973795e-01,8.262762342595996179e-01,7.740994806046803678e-01,6.202076474534605754e-01,6.875306957971673016e-01,1.009819328521998294e+00,1.164311759201880347e+00,9.650068822860392581e-01,6.794048065291432570e-01,8.766685511646503670e-01,1.748499493222139822e+00,1.455350448108598815e+00,1.807540450741961902e+00,1.624240278864039544e+00,4.992249440632030022e-01,5.695106985419199352e-01,4.467820491298338803e-01,5.971822961895318915e-01,4.659584368227482343e-01,4.827795463590314751e-01,7.977834767626783563e-01
