7.902600449213077471e-01,1.627099934784719482e+00,1.528867960634988199e+00,1.462583236872230685e+00,9.503144992034202598e-01,7.832033376685230142e-01,1.308120175808197727e+00,1.658731975575523210e+00,1.257515172055281294e+00,1.129487839505402658e+00,6.760711455535770575e-01,1.322626809544552584e+00,6.478728011859821168e-01,7.019614216114298255e-01,1.679474051127173295e+00,5.284270029611730646e-01,1.094021120506955214e+00,8.753252474833368435e-01,8.223880840327093544e-01,1.370457670353993462e+00,1.088647899218520676e+00,7.312324297225805125e-01,1.006698777710427484e+00,1.301793788353471149e+00,8.352826312334955539e-01,1.690404083672179869e+00,1.671878724015873452e+00,9.627018969190942466e-01,6.459023897352778043e-01,1.106828340830884327e+00,1.503307473812724337e+00,1.547927900123483136e+00,6.663372539951208928e-01,1.069395019371214284e+00,6.973834822295930103e-01,1.200916815400728366e+00,1.240466136220469640e+00,7.263882774366955397e-01,1.119484696150015779e+00,7.027376778447058658e-01
9.743681782945842196e-01,6.043765516096037960e-01,5.989243557105456972e-01,8.204639962431526934e-01,9.958726547532462670e-01,1.648758202347211377e+00,9.244795958112649314e-01,1.128217575085991742e+00,7.510906441937426070e-01,1.454779323368389887e+00,1.139427386646017393e+00,1.148996885254887301e+00,9.221286691405997660e-01,8.852958142685974918e-01,1.535644143469028222e+00,5.470724878282086090e-01,8.254394991610440879e-01,1.432677518013797169e+00,1.509341114109740589e+00,1.478122155728292197e+00,6.531789197264700197e-01,7.824546711844693192e-01,1.551109312111462524e+00,9.292500130029198724e-01,1.677381482242370936e+00,1.407029007357656569e+00,8.983643188819341319e-01,6.257520631151743951e-01,4.234512693941680506e-01,8.057424062970739431e-01,1.191509871319227587e+00,1.644793642733214822e+00,8.158360515447210526e-01,7.669706153242374924e-01,5.593712067296188195e-01,7.162346208303533857e-01,6.887337803905130285e-01,1.061541094173412914e+00,1.029238531900723563e+00,1.121732914290138883e+00
6.515611745078195849e-01,6.829737782625149300e-01,7.483037431027460551e-01,4.947853153794626868e-01,1.087795250442095796e+00,7.962857119596224997e-01,7.231582558595146537e-01,6.982029990472421455e-01,1.596277387859493135e+00,1.438995664197592284e+00,1.602691427995112550e+00,1.478481566105417588e+00,1.407026669910753203e+00,5.139899643093300829e-01,6.821777574978550307e-01,6.849935753350122614e-01,1.195093116202160521e+00,6.159632707205605628e-01,9.970390221952104559e-01,1.028992619625554550e+00,1.313343771992414810e+00,7.107440570338779962e-01,6.672915276695960962e-01,8.416771062862495878e-01,1.324019892398072828e+00,1.402574436599160812e+00,1.041045530532889396e+00,7.480875067435071024e-01,6.169173118898499952e-01,5.409971742451319399e-01,9.699728977919901407e-01,1.172511365101430503e+00,1.051608336918488096e+00,1.382140092811929177e+00,5.774975607221628504e-01,9.510367655578662038e-01,1.261923837029967466e+00,9.457626951410568195e-01,6.517882141132795848e-01,6.147922977297941571e-01
7.373456708124531689e-01,6.965574315177289755e-01,1.318275565959183160e+00,7.834844947379520086e-01,8.542212544542369113e-01,1.157632111872139324e+00,1.279825861420683220e+00,7.691794137438209278e-01,1.576275939348280808e+00,8.903970691747538080e-01,9.226649156109468786e-01,9.537011876205593319e-01,7.450568314239124357e-01,4.730467967107780392e-01,1.117543831060182180e+00,6.912842570512032214e-01,1.093902973172479864e+00,8.315673107690517707e-01,1.192193100458842414e+00,6.526915612467676375e-01,1.266054018525381908e+00,1.249447499210130541e+00,7.944037578021116985e-01,5.922791615335712967e-01,1.087426191775640705e+00,1.634105821543382575e+00,6.856641142205437411e-01,1.134239786027841257e+00,1.070616470746601490e+00,8.296558065445616137e-01,1.359680610007161450e+00,1.490131655418145407e+00,1.037487827657385564e+00,8.396721711972749969e-01,1.420056633909489996e+00,1.106934305442722533e+00,1.358038030823064624e+00,6.913282093976871323e-01,1.493193189855232417e+00,1.468276594848265004e+00
7.486288942122883983e-01,5.638536259638686765e-01,7.214958621654460336e-01,1.346919440679095636e+00,9.638575155611488476e-01,7.370640865231428140e-01,6.633682217388446878e-01,7.829922566536652306e-01,1.822688340197221368e+00,8.931027337291493895e-01,9.418803368986568003e-01,1.210254564150293977e+00,1.352897928596533905e+00,1.062577357179320448e+00,9.165539431410362203e-01,1.490007334646801462e+00,1.508222412028031867e+00,5.594038500728697461e-01,7.455978922004034004e-01,1.088989224234416131e+00,5.231992777450462651e-01,1.085555941405170977e+00,7.149560647029151728e-01,7.837790663553774184e-01,1.252996339676415660e+00,5.898361327266414822e-01,5.942050322449216049e-01,8.933966478261124999e-01,6.137545314648804595e-01,1.290334132024172353e+00,6.434560615829590935e-01,1.365525054751947520e+00,6.391285770087941076e-01,5.663997265206072163e-01,6.716270383967183344e-01,1.560325901051946129e+00,8.917224862534216534e-01,9.188991609730658983e-01,1.112103641250967501e+00,1.276225888834866096e+00
6.918333386402756302e-01,1.069699966275960756e+00,7.804377073598033343e-01,1.185025216299307349e+00,1.118234742218105593e+00,7.469447724581796955e-01,8.422376634290905661e-01,8.485785966602890085e-01,1.589046547305537960e+00,8.000224822221798648e-01,1.629092459741117382e+00,1.423590752979572605e+00,1.489911544719910053e+00,9.569101781011868368e-01,1.166061501320344806e+00,1.237405618148536890e+00,1.321083614412127627e+00,6.342740969430725739e-01,1.317164635162472397e+00,7.878170468265540682e-01,4.698979298673803262e-01,6.391091306567791008e-01,1.285188752936314849e+00,1.372196113735078882e+00,6.984930492010864578e-01,1.247169493973198762e+00,6.634857825968748513e-01,1.047355623188265472e+00,7.362798566376841380e-01,8.324646770812171859e-01,1.393991322005318834e+00,5.503537827778479663e-01,7.967776913488968660e-01,7.035925962901532493e-01,6.796078806678265138e-01,1.098013552073241028e+00,1.056015574645575938e+00,1.004527216139466717e+00,1.166154765535683202e+00,8.689105107544342621e-01
7.407324519276722308e-01,8.002982700099532387e-01,9.320359313205516250e-01,6.963965215194215519e-01,1.134194568570951356e+00,5.769541064659693408e-01,1.230293151019378417e+00,1.053505330729193723e+00,1.251756249274732946e+00,1.674765853455510989e+00,1.232418139422761794e+00,8.869250279382060453e-01,1.282168080823293366e+00,7.042721311176720622e-01,1.030306864457603444e+00,7.449294725804539441e-01,1.058563338579026514e+00,6.361856238644459927e-01,1.155397016018238299e+00,1.277215100118125113e+00,1.493976228626061165e+00,1.741540702708054722e+00,8.102390866359238109e-01,1.605699522509967059e+00,9.186552389525127760e-01,1.322549220845958384e+00,8.457265094130869132e-01,1.818448514731549004e+00,1.538915908939973543e+00,9.008648544517742218e-01,8.954236358875902191e-01,5.968188225533779256e-01,4.686416854596528458e-01,5.829828176408897722e-01,1.268444854561762369e+00,8.871814830564951349e-01,1.690537970369975884e+00,1.244936604615952680e+00,1.685125623335056888e+00,1.607397478187874373e+00
9.059649847779536191e-01,1.248512154022814569e+00,1.149577911329554780e+00,1.284621706482853121e+00,8.094396375131052146e-01,1.131555077687494748e+00,7.877338501455070086e-01,1.001009175050137756e+00,5.454471218809581190e-01,7.031931171439217421e-01,1.183315401600017580e+00,1.456082072268395811e+00,1.628450999089507745e+00,5.166091297091328638e-01,1.355649088456141627e+00,6.451472889243961006e-01,5.993565405047410755e-01,8.615088069049704478e-01,7.914099605671133242e-01,1.307535330047818745e+00,1.411307830622269055e+00,1.701292518460616909e+00,1.275368765972423990e+00,1.179730077852330528e+00,1.760683870902854276e+00,5.918419418606252203e-01,8.569678690763908868e-01,1.881161444780219849e+00,1.709546092246738702e+00,9.538953979512260206e-01,7.808508720019180505e-01,6.807950070975049561e-01,7.281109154977324360e-01,7.609220960228082475e-01,1.243167055908648511e+00,1.462989524727134949e+00,1.103667679681235025e+00,6.859239461412686145e-01,1.850776103062217404e+00,1.385483522339477691e+00
7.366079183080543880e-01,9.262937503076710266e-01,5.276933075574296028e-01,5.996860809710312656e-01,9.037915441013085749e-01,9.872013580854348547e-01,1.604749713947790646e+00,7.125274656663125317e-01,5.256612777903173495e-01,6.847565250345674093e-01,7.148698749332085267e-01,1.277072172958504170e+00,6.366186828884735638e-01,1.211404371312329031e+00,7.426795923838501734e-01,5.422003201209042444e-01,5.342332135397563908e-01,6.875262472276757464e-01,1.441109691007983473e+00,9.133226073681295354e-01,1.251247952528836249e+00,9.573248952386532729e-01,7.869560271793395456e-01,8.784614046818458588e-01,1.857398465955205635e+00,2.079886469928321269e+00,8.421540562001035291e-01,8.241464433529199773e-01,6.524191411196332835e-01,1.324356646192591302e+00,5.942087968100815409e-01,4.593151124681743580e-01,6.729758459352578326e-01,7.450820039058314581e-01,1.370326954708930733e+00,8.600341768675411336e-01,7.840261127592021984e-01,8.169511626308517682e-01,1.610171614904212678e+00,1.055636432843712003e+00
7.366397069135902642e-01,1.111331922592470711e+00,5.765096045634514610e-01,1.218481152142888657e+00,7.487851926775332956e-01,7.144089107318735143e-01,7.659015412464695860e-01,1.383370448961573906e+00,1.473111524318660548e+00,6.025044032944493200e-01,6.365664305395180023e-01,5.852907768915586173e-01,5.996670278208129368e-01,6.723811879736899533e-01,5.518546030750751674e-01,1.029802935672107234e+00,9.389745295870112196e-01,1.354166040422954742e+00,1.128796551754008393e+00,4.927012483014036603e-01,1.486213499835272067e+00,1.453912451534337569e+00,1.204197042028078535e+00,1.264530732716163453e+00,6.693886882547668282e-01,1.799214615788061966e+00,1.164338004954658112e+00,1.435597505738778645e+00,7.278525691046174861e-01,7.837567822450206556e-01,1.308424470676172957e+00,6.362811168482355173e-01,1.154765878669840928e+00,6.871369353531343593e-01,8.195117284006335767e-01,5.191458149014226420e-01,6.682684395718878623e-01,1.421096758238558078e+00,6.619897381066258690e-01,4.937131528713559203e-01
6.716077194221641289e-01,1.483275108197477543e+00,7.023445082405248563e-01,9.234699021776222594e-01,1.358677984962061158e+00,1.238928624241554477e+00,6.254341186511355177e-01,9.799199519133797720e-01,9.169079925449032942e-01,1.219389728066248457e+00,9.252766247154403656e-01,5.617596648392153558e-01,1.042513117230739361e+00,1.188905648897706557e+00,6.095662165177135883e-01,1.266711688416615189e+00,9.048079733671151592e-01,6.377020691675067132e-01,7.136301015010082516e-01,4.424462153649664220e-01,5.534892435755645046e-01,8.607242188062419475e-01,1.575195374134906734e+00,1.535004702095212892e+00,1.536661731774642048e+00,1.541827339334194802e+00,9.174667424219152823e-01,1.289329614960667669e+00,7.437388728755592870e-01,1.606034342667232995e+00,9.614034279954553064e-01,9.047388811846506229e-01,8.728896514603969869e-01,1.030047560948240459e+00,8.604469106156614755e-01,7.225096542760307550e-01,1.266398105810319530e+00,1.352949184086395862e+00,6.711027426761712045e-01,6.765102873354610358e-01
7.365507943660827284e-01,8.121466518084136110e-01,7.481650844799402345e-01,9.818271287203037545e-01,1.073018346321865657e+00,1.583229813112557949e+00,1.054403589765919413e+00,7.853472822649987251e-01,9.360246761660627746e-01,8.230862663083174935e-01,5.337363699857339272e-01,5.544345540698740749e-01,9.138657611603614450e-01,6.343989820640696387e-01,1.522057282933795053e+00,1.498428646503339401e+00,1.135247016538295295e+00,9.463768063500919148e-01,4.900189916108618760e-01,6.900146271315031887e-01,8.853549699901078762e-01,6.109341346981477239e-01,1.581301030410067865e+00,1.241466509778750948e+00,1.404068345626773739e+00,1.544726550567593781e+00,8.067793897960304772e-01,7.357722632588885592e-01,7.724398480605959572e-01,1.490245597986809445e+00,9.296380425356042254e-01,1.046099691560479217e+00,8.887433287087942446e-01,5.549885882418300609e-01,5.635039716706803370e-01,8.184533114708132384e-01,1.387904235740698544e+00,9.534031924948983550e-01,1.457159755597344120e+00,1.659076970362830750e+00
1.610092061356712900e+00,7.972947113318906709e-01,1.352816030100468137e+00,1.087074093051573209e+00,8.455692242068562070e-01,4.870640956274621680e-01,1.416764388528791940e+00,9.939331419777498455e-01,4.853296125170500352e-01,5.213359522249433331e-01,1.090627374616106371e+00,1.303131633542609968e+00,5.762047673050120222e-01,4.723320380101077021e-01,1.034515016486221572e+00,8.154077932802793471e-01,6.586541624834988395e-01,1.099143842037585417e+00,5.043158324532289738e-01,1.387208618771398561e+00,1.289211403319943328e+00,5.134151873064671801e-01,7.340144311586073167e-01,8.963264561116738305e-01,1.433208311417629943e+00,1.701334275940062701e+00,1.643027613760818406e+00,1.172970140070110912e+00,1.393438539866654668e+00,1.013811666624898855e+00,1.740946584526569696e+00,1.693498087411652531e+00,6.891612310536973096e-01,7.354531700474364886e-01,1.490242614000859334e+00,1.010872136468939475e+00,1.089420453120140353e+00,1.439675226842638267e+00,9.374216133873746193e-01,1.452321635992269044e+00
1.205930676401699042e+00,1.199884764046011076e+00,1.601057680818571693e+00,6.234966556525414205e-01,8.779278722404969537e-01,5.826706599491274785e-01,6.311006333506166133e-01,7.932571414884991290e-01,5.223360549189260960e-01,5.564374317819111848e-01,1.470936424017097233e+00,8.866729608379271266e-01,7.559674389457625709e-01,7.284021119586249204e-01,7.919363134858490305e-01,1.155877627834226429e+00,1.377057261831697854e+00,1.380304946754790762e+00,1.200034747781516975e+00,5.983902700485378423e-01,7.373601574226049671e-01,6.878014729908086267e-01,1.218457917206030583e+00,6.574750808847140693e-01,1.010922877390345365e+00,7.705590687630523572e-01,6.960562930483565891e-01,1.035374192226812484e+00,1.339816209804741920e+00,1.499436351194637584e+00,6.722763862834487680e-01,7.475430458581331372e-01,1.109840428511436938e+00,6.237425440861816828e-01,9.954095107306861756e-01,1.331778869450795266e+00,8.116576314810599602e-01,1.068146388788157264e+00,8.741348430503940170e-01,1.293119358037781996e+00
1.075416815003567006e+00,6.906617368759868647e-01,1.767649252536999116e+00,1.038637073655521492e+00,1.171015081097062538e+00,1.615348105746186480e+00,8.554456161970602768e-01,6.547333238812717005e-01,5.609842096196904215e-01,4.739987870156295857e-01,1.359734154377201909e+00,1.597000235444083538e+00,1.727393702901010686e+00,1.389322557092288690e+00,1.010582065769302984e+00,7.428151377670765276e-01,5.496926393002427025e-01,5.196861351864697776e-01,1.132289071341521458e+00,6.368059295960825095e-01,6.638295894756004456e-01,5.162412725795865187e-01,5.997336053475507134e-01,1.180025842892491239e+00,1.126882213483080264e+00,7.568855084882695206e-01,1.142708941229551911e+00,1.714612576875481631e+00,1.510016208389441061e+00,1.697770521303161972e+00,6.999087075111356526e-01,5.478141814795101094e-01,1.002355227859305309e+00,8.510613302327699747e-01,9.420962731725430750e-01,6.219545809250990320e-01,9.834357208853915511e-01,6.619736223912381368e-01,9.027728381580498729e-01,1.142046783380902930e+00
1.285659745336061421e+00,7.989211737167439820e-01,1.258971359209965390e+00,9.274915523300100162e-01,7.635968504070436147e-01,1.146697437787782548e+00,8.627202306241537055e-01,5.100689300786046543e-01,1.260334386335830503e+00,6.833263775059733591e-01,5.895591753314685102e-01,1.154843833548103271e+00,1.461038206673208828e+00,8.817988790987340009e-01,1.614470014790827745e+00,1.876097241260065385e+00,1.238388092507137994e+00,5.654065792787881239e-01,1.678384792234631551e+00,1.521892595732015296e+00,5.882393281462759971e-01,8.358452756425502894e-01,9.440092815237781654e-01,1.479648176483783883e+00,1.037410572657854635e+00,1.480351004889413069e+00,1.745700372351266072e+00,1.287251135961219317e+00,1.184427246503529485e+00,7.128886919127311872e-01,7.913620104743764871e-01,1.080989685620857843e+00,5.991588290976408437e-01,8.022801435406872184e-01,1.224828281109461292e+00,9.145278690909467434e-01,8.290891600115201099e-01,9.673802458704339191e-01,1.080474907509958005e+00,8.859312104563793477e-01
1.418397367408167131e+00,1.018114813747488023e+00,7.409531754559218752e-01,6.942447667747978501e-01,6.924683714558111935e-01,9.724972201013180051e-01,1.780589361483882582e+00,8.369848673116609961e-01,1.093657615252008553e+00,4.986102531416684580e-01,4.926136313990305271e-01,7.760097427408308990e-01,7.770052513321704657e-01,6.617628640947641472e-01,1.277623573880256158e+00,1.559543297756830649e+00,8.866328815171387046e-01,5.472275767927395895e-01,9.772665108506438658e-01,6.180073165516096756e-01,7.498949220650347192e-01,9.028789086555528698e-01,1.591348196525257608e+00,1.184449282441001339e+00,8.806446279390770515e-01,7.100059009676105148e-01,1.460777637330197276e+00,7.230225824480108754e-01,6.814906960268430902e-01,5.315091686039827845e-01,5.361778903043898925e-01,7.004091336550317681e-01,5.465436877122021864e-01,1.647242772591001048e+00,1.332649377985936301e+00,1.206705157572874887e+00,7.959201984812581676e-01,6.276650390759650477e-01,5.699965719578178325e-01,7.258674887718165047e-01
1.143233210504441155e+00,1.141410042794204882e+00,1.770893271077171427e+00,1.221715451928535145e+00,6.250941270218949297e-01,1.294005182989400593e+00,1.864913408420523222e+00,6.980069477042749604e-01,7.661022246461800522e-01,4.758039116170874605e-01,6.818363350309707416e-01,1.429164728241446580e+00,1.414248365268621965e+00,5.930451759706913961e-01,6.393980025932661793e-01,7.848673309426770217e-01,7.345935419214808526e-01,5.933454639648491069e-01,4.497811123545480405e-01,5.637358062810569059e-01,1.350219748834215139e+00,1.036278782795000630e+00,1.081281303364925783e+00,1.066278231597831860e+00,6.955305985272752789e-01,1.142350555950742752e+00,8.983108392683595289e-01,1.073110974952899310e+00,1.148122091613616780e+00,6.434684118337536951e-01,9.823012580421814910e-01,1.260122241781035379e+00,7.822117804679731279e-01,7.260007631826771446e-01,7.671528238266419608e-01,8.662954112056930889e-01,6.280491825494302072e-01,6.189388129174965281e-01,7.217954856472506009e-01,6.615093201878837759e-01
8.131343378982118786e-01,1.269837929035866564e+00,1.040654687136424394e+00,1.120688150436935260e+00,1.493285681705497359e+00,1.438575908028942862e+00,1.294630423834723265e+00,1.631610218491107434e+00,8.095078838091129825e-01,9.243825966461689525e-01,5.409667569229753559e-01,1.259072652743618903e+00,7.926310974238602869e-01,1.185699524105013669e+00,6.830713382354868246e-01,8.246377240567026590e-01,1.225942576936161821e+00,1.540389328704153016e+00,5.814502019697221913e-01,1.680838837896866167e+00,8.357474484672139381e-01,1.575489694942951768e+00,7.541651613990214553e-01,1.015357680521874029e+00,6.821370623979184922e-01,4.973743136018529687e-01,1.087816284351798446e+00,1.363279428649790237e+00,1.078234170984343487e+00,6.730213547479577674e-01,6.167040553696236937e-01,6.371278031999922931e-01,5.119242972252302515e-01,6.754928666055698416e-01,1.640474271731634515e+00,5.030904062429821799e-01,1.382101988597311815e+00,7.169695707996694978e-01,1.349608691514821768e+00,7.927890492787638133e-01
9.359175621184696592e-01,9.192035817333218395e-01,1.196758911317855389e+00,1.801814882305359466e+00,1.651629737455205360e+00,1.176527388860870049e+00,8.952867973322888862e-01,1.438189040830772480e+00,1.571194978910924522e+00,9.288322477623913720e-01,8.395271276013952511e-01,6.907986350692861821e-01,1.103467551590176621e+00,1.113106211828239323e+00,1.207051337990786566e+00,1.144496175046145536e+00,8.684947888624025003e-01,1.177126154534593905e+00,1.454322696047782193e+00,1.696834326061112286e+00,1.053493719104725779e+00,1.623614420211758391e+00,9.950888012980038111e-01,1.422074775149675618e+00,7.877196631767683366e-01,9.373242722390005000e-01,1.149657844679975227e+00,9.373152324186284634e-01,1.151052453051265800e+00,1.254773267355701938e+00,6.560931387753551336e-01,1.509927057681631712e+00,1.324460974861295215e+00,6.558210071421766152e-01,7.059766821824237093e-01,8.259626242948937547e-01,9.841353416016691558e-01,5.477274813666438424e-01,1.419178982048475257e+00,1.246568814867710095e+00
6.965609447093860096e-01,5.395308935531756278e-01,1.170708888304729411e+00,1.169469450663986443e+00,1.725375492512745801e+00,1.504266213986523049e+00,6.445003126706126961e-01,8.201755975617488481e-01,1.032635826940128343e+00,1.022096731353949517e+00,1.086242912666400384e+00,1.294463970731263958e+00,6.976886785899443222e-01,1.521928332963675023e+00,1.575671627254788376e+00,8.128612620509461095e-01,8.926835906003637300e-01,8.143952263431784022e-01,7.351059309606700065e-01,8.258151693133681803e-01,1.341249767333506204e+00,9.626845701502531050e-01,1.499781662669625648e+00,1.615241409557392815e+00,1.370780748886204048e+00,9.087807864264451085e-01,1.165635382298707112e+00,1.015031586295053412e+00,8.389201853246179841e-01,9.429688512974626624e-01,1.147360651759855354e+00,1.569533563460357550e+00,1.423747446411444573e+00,1.114619085851765723e+00,7.454919401150149616e-01,1.195053837208695846e+00,7.797567477045221906e-01,1.104761538985548519e+00,1.596059117311818376e+00,1.340814249371909961e+00
1.191137248012755556e+00,6.791289506698056089e-01,1.430594808806562312e+00,9.606520859832478054e-01,1.749977460665758766e+00,1.753002328278524757e+00,1.732214789352361617e+00,1.363986270004465595e+00,1.061890330468280297e+00,1.466059140045600895e+00,1.540068995797277296e+00,6.933540266399625951e-01,8.971675711520984420e-01,1.219459048754296226e+00,8.588142068357929038e-01,1.212207916497860083e+00,1.601690839950807188e+00,1.095493375719192697e+00,1.741482462588517910e+00,1.515510357005604991e+00,6.369558717788118551e-01,9.570487716866156180e-01,9.029442798889577571e-01,1.005110974631773013e+00,1.366758266281930201e+00,1.525902143142210621e+00,1.108078133413872290e+00,1.233706098520716221e+00,1.361072498862187619e+00,1.372972199922328773e+00,6.744390042960560772e-01,1.094100486994813881e+00,1.221423368853462144e+00,1.199492951199061963e+00,8.718856655921194410e-01,9.444248822241498864e-01,1.091925606261808790e+00,1.307518211462701530e+00,1.284765928938427226e+00,7.704615314053528952e-01
5.999569866547839192e-01,7.156761897965910890e-01,1.732639064456958700e+00,8.397678096829191974e-01,7.426890855523731183e-01,6.710718287528515402e-01,8.254773449102852378e-01,7.243912883190990470e-01,1.041870888778689608e+00,1.400686505677198213e+00,9.453750584501374732e-01,1.515861165556005918e+00,7.290091669500605720e-01,9.232383132461001729e-01,1.294079660490445649e+00,1.695094850089468030e+00,1.810463441546303232e+00,1.655342650568756735e+00,1.235525019087696519e+00,1.173979171925552123e+00,6.058191464621850431e-01,1.889810996114697828e+00,1.080063639063470138e+00,6.937913915167942536e-01,6.706509800043245484e-01,1.436013962492831864e+00,5.773586161722307208e-01,4.738579681791269538e-01,7.760935422922586868e-01,9.709892861556841392e-01,1.478888869122819472e+00,1.348386580025793702e+00,7.818635880168778307e-01,8.103718321872988017e-01,1.086403579284447973e+00,1.773747988312575297e+00,5.681544547501110598e-01,4.732629296794521601e-01,6.618191208283922267e-01,8.352187246190627690e-01
7.571740956513858256e-01,1.023318706533764333e+00,7.815374593995941810e-01,1.327730904743426477e+00,1.129270086555900887e+00,1.305568249324934538e+00,4.936312117107487518e-01,1.584947733487538812e+00,1.106969973242519556e+00,1.043490377895055721e+00,1.384846850310329502e+00,1.456410295461281645e+00,7.005024403939206223e-01,1.022810519575767074e+00,1.244224807024774782e+00,1.436803588200912918e+00,1.298285450116198003e+00,7.199100993962745942e-01,1.200627334469772212e+00,7.008823670550766716e-01,1.115916476949821767e+00,1.291210219158585248e+00,1.507745609965925215e+00,1.238542563226163962e+00,6.533106119883208551e-01,1.604602770456454275e+00,7.063865503410393654e-01,1.013966824304009862e+00,1.513337122144742475e+00,1.414999160218099572e+00,1.301946388725361503e+00,1.256855738239128550e+00,6.142572601015201528e-01,7.341705477173148253e-01,7.820979359655874097e-01,1.092936072943625492e+00,4.981551345679343101e-01,6.645602293636942992e-01,1.747949153371465503e+00,1.713697523181840099e+00
6.493452483593227242e-01,4.360349716394655295e-01,8.044890778072657511e-01,7.117433665374023333e-01,6.472876195544808864e-01,1.391302479400639891e+00,3.908483978549701643e-01,4.610141041736871559e-01,1.420095079781978464e+00,7.028613525381496308e-01,5.890297477801610393e-01,1.228438280066235899e+00,7.200096762211534163e-01,7.220891520235975802e-01,7.466482922948535217e-01,6.508946412956865268e-01,6.764513707335509940e-01,1.343728167560995113e+00,7.142715717738181702e-01,1.710806341733812630e+00,8.645542670661081619e-01,9.057876911247003671e-01,4.976627265048394477e-01,6.142575980329595398e-01,1.388117030813641684e+00,1.374853736543316662e+00,5.641034171815332288e-01,4.831659926917780123e-01,8.153337300915896035e-01,1.013412788054822933e+00,8.705885224407339251e-01,7.657171562972501233e-01,1.004383720025481930e+00,5.324311345439798338e-01,1.413747788918168213e+00,6.551249994655684583e-01,5.974910789879337436e-01,1.100157318084679980e+00,1.482260067163863715e+00,9.475959582750168586e-01
5.449712437223328543e-01,6.642483999058992339e-01,7.861552783247173215e-01,9.892452209007296382e-01,9.412837994305003342e-01,1.576649863971265830e+00,9.248749666037824335e-01,6.140971200168732214e-01,6.770989153236479652e-01,4.485671528399917118e-01,5.376494597711057866e-01,1.098872383401530151e+00,6.428311008017254524e-01,6.035117733553072572e-01,1.445547762871312703e+00,1.104210321738768652e+00,7.009600967480204003e-01,5.868316837053612067e-01,1.310478960047351205e+00,8.612678122538423020e-01,1.356583807595433511e+00,1.288558400326703657e+00,1.302520011557033452e+00,9.648935678586768594e-01,1.197683817016157448e+00,8.176247597078458718e-01,1.221519759371048952e+00,9.661994136563365476e-01,1.482704889181938102e+00,8.299280066952963164e-01,6.639828493615138605e-01,5.520617127715373718e-01,7.247316261792715597e-01,9.555770213445495820e-01,5.132502413365220839e-01,4.314844093428874539e-01,8.454507627259932878e-01,6.904313457191579850e-01,8.637685183624592700e-01,7.237636395898296993e-01
1.417244081921319010e+00,1.492011089723981110e+00,7.798740865177246073e-01,4.685316760399785840e-01,4.570421669565934986e-01,1.203595079118781497e+00,1.660698288768461151e+00,1.465491520667560499e+00,1.191357790397180816e+00,1.075674306672803837e+00,1.160948497768549137e+00,7.340195431624885192e-01,1.003933435434754218e+00,7.268340148888075003e-01,1.262432212682659483e+00,1.590179566548720835e+00,1.411989948981299703e+00,6.767082126025050215e-01,1.061547211207491292e+00,4.699095016559327598e-01,7.112510967514527049e-01,7.886333083900665120e-01,6.503474946558960301e-01,6.603891675641114789e-01,7.489256835136033352e-01,8.109686302554113269e-01,8.544618573514217719e-01,1.638711199738468682e+00,9.094138831545451884e-01,5.418697514197490239e-01,7.077248974920355984e-01,8.060836649651719199e-01,6.239870251123962319e-01,6.191638539865275126e-01,5.702075377314880233e-01,7.225478252657669964e-01,1.057489102308959206e+00,1.147272397506090336e+00,1.383028091646227864e+00,7.823399321832641418e-01
8.714526484241800208e-01,6.106697577912864050e-01,6.039454384741145265e-01,9.093007477726788856e-01,1.419377263932555477e+00,1.196240517653287316e+00,1.211333285295741469e+00,7.800951948029447580e-01,1.026407545916669051e+00,5.738070248268626328e-01,7.715558490312161011e-01,6.408360909790004056e-01,9.195862568163117867e-01,7.571058726844276388e-01,1.707126179041607017e+00,6.858267564340182476e-01,7.399953355367702157e-01,1.147730173476704030e+00,4.260213891838668943e-01,3.996700435445974531e-01,1.261831124941445337e+00,8.264007319072781410e-01,6.137585314905456002e-01,7.657430738223982569e-01,1.386363085901612946e+00,1.060477267382849531e+00,1.343790083621480225e+00,1.331716620195207978e+00,7.891582250651798525e-01,7.638509648640058325e-01,1.854503617108461455e+00,1.154604886031751709e+00,1.238725921675978281e+00,6.748807770248819171e-01,8.803520202817989304e-01,1.185537892859575670e+00,9.297277507479846381e-01,1.198999868403774816e+00,6.522406295587527270e-01,5.382937895949275742e-01
1.236485412983860943e+00,1.046954906862682000e+00,1.335730561968191843e+00,1.491845597500397025e+00,8.350401340371550463e-01,7.716592761146870982e-01,6.563354771208760319e-01,1.285874003559418721e+00,1.117243509405570379e+00,1.195645166636399193e+00,6.953252517526803400e-01,8.800409731097093013e-01,1.011176480757948859e+00,1.348052100755763094e+00,8.778629215989611767e-01,1.247025683151852693e+00,6.517152210570895665e-01,1.590228757063280041e+00,1.446538463547200282e+00,7.173748202104203164e-01,5.389759110809555498e-01,5.513904235500679540e-01,1.338585794172226562e+00,6.027230321531840129e-01,1.183661184664210442e+00,6.733328651288532640e-01,7.123015378082677707e-01,1.266158759784325349e+00,1.388955817426144046e+00,8.080504440485758444e-01,1.450188167464313338e+00,6.162439542861719577e-01,7.576223273362772126e-01,6.173289869892767401e-01,1.488444379514310523e+00,1.893352219610779930e+00,1.142561699803330111e+00,6.837096424214720303e-01,6.734166842721927004e-01,5.751309572145744120e-01
1.456922167691292680e+00,1.343684039802136576e+00,1.298502373970196633e+00,1.248429983842310520e+00,7.466202744570442640e-01,6.234623658460374251e-01,8.390103210501040909e-01,8.000425349659255891e-01,8.451332846187229464e-01,7.041081690916599634e-01,1.183006058973138597e+00,1.404698063228779992e+00,6.071971257241365327e-01,6.029596168439244064e-01,1.142565212987363132e+00,7.677986949002646444e-01,9.053354212211291996e-01,1.311919182720357346e+00,8.346922433448743517e-01,9.131029127030555470e-01,7.311886663227696870e-01,1.193808924398332083e+00,1.080682172731598056e+00,1.142727083256385612e+00,5.285701475521439319e-01,4.933663286074115861e-01,9.656239046464989428e-01,1.358102400669476850e+00,7.333245933144367790e-01,1.268004206721364602e+00,9.070189526700926930e-01,1.337168210675064417e+00,1.615630201157823853e+00,1.028174182864469044e+00,1.459233760371706268e+00,8.632226390446674502e-01,1.362855898255741272e+00,8.317312821831711611e-01,6.798880144920285140e-01,1.478476256636842567e+00
8.440798345147824122e-01,1.266500870602895512e+00,1.353011328782735223e+00,7.358037351587451980e-01,1.286973767212712616e+00,1.090839585399013378e+00,1.413512094534636221e+00,9.315657894182739485e-01,7.550964924301960535e-01,6.929736224963169988e-01,1.334403051744165181e+00,7.146052652786506476e-01,8.519814539153391930e-01,5.659451716711536573e-01,1.039866799571891542e+00,6.142881962695211362e-01,1.378278413683410086e+00,1.501045676921066496e+00,7.239050323762525885e-01,1.231626508445784252e+00,6.789514059318176864e-01,1.336947842526841734e+00,8.114539962484045299e-01,1.256086306742416170e+00,7.393028267695898048e-01,1.316296635856783359e+00,1.537200043302097363e+00,1.710372354359590119e+00,1.345879080956915441e+00,1.559711609862789006e+00,6.496360063837883780e-01,1.102407434509963258e+00,7.116506711186975087e-01,1.254933474721405817e+00,9.762159258303594322e-01,9.524593606136552149e-01,1.492313777342042513e+00,1.047436588332952834e+00,8.117529163241945511e-01,1.416573764703753069e+00
1.422333366384878284e+00,1.288285759031818856e+00,1.714092200460061832e+00,9.008090726805728643e-01,9.187538874410823286e-01,7.439040199817072985e-01,1.829982958071243448e+00,1.517836190472700686e+00,1.058860552196898563e+00,6.661981668023344572e-01,1.108071367393949958e+00,1.174227008946829631e+00,1.198722119469346481e+00,8.184329364214822933e-01,1.227844648462188770e+00,6.409446714691930946e-01,8.457860856247797487e-01,5.989215772234217638e-01,8.379522342952702152e-01,1.557859071225081937e+00,1.537107218358142680e+00,1.536126571020958176e+00,8.797916716909255364e-01,9.022112022934338782e-01,1.500124175324685005e+00,8.788495814541603668e-01,1.346758008732166667e+00,6.231384437754490246e-01,6.645260219136389646e-01,7.960766399773034907e-01,1.232754894038648574e+00,8.418196018814367854e-01,7.830203529833644760e-01,4.493392761935080526e-01,1.017668352287112166e+00,1.030176631095403694e+00,9.228004455556503283e-01,9.824748560698542965e-01,1.441415381158210218e+00,1.191678976655329736e+00
5.515439284059221459e-01,5.086567805660260344e-01,7.692330512333482861e-01,1.061310277174881911e+00,7.179043533947641054e-01,1.360604567068235182e+00,1.749111168444820175e+00,9.067355095761160388e-01,1.305814396826908697e+00,7.355180292286093158e-01,1.346155299613957634e+00,7.957249488649291713e-01,1.507072976699414868e+00,9.835998129309460047e-01,1.090198277388897186e+00,1.052717758128315584e+00,1.057667563115462395e+00,6.909024623928275988e-01,8.121428169874810310e-01,4.600076137913072238e-01,4.649931392419037190e-01,4.937829858919765003e-01,5.961373348670122585e-01,1.492670612131238306e+00,1.371348738847057547e+00,7.291815135972664619e-01,9.701665343602102753e-01,1.367832814426287902e+00,7.569722767525645102e-01,9.495349456825238343e-01,1.339528253154791626e+00,1.539250183124843074e+00,1.328265262647012612e+00,5.565019045075139115e-01,5.823976065353800857e-01,1.564444941679135948e+00,9.308925356244422966e-01,6.375613816997004468e-01,6.876883271364704342e-01,4.597192019393964157e-01
7.961495181066831073e-01,1.595888079509703683e+00,7.365151950966928318e-01,8.931950419216694304e-01,1.282231004148780329e+00,6.821451271833274266e-01,7.174224481966475775e-01,6.605008488834898106e-01,6.224736610628213151e-01,1.470576685286429930e+00,5.000783794561319828e-01,1.517837300083672458e+00,1.348701610554731589e+00,8.115409123205401531e-01,1.190787077149445983e+00,7.049142069157841028e-01,1.826984374402614852e+00,1.374696283323039836e+00,1.310613366376099043e+00,5.537322156479745905e-01,6.967627226095594040e-01,1.372274658961335714e+00,6.841994537666761245e-01,1.382364120252127071e+00,1.913871873436012061e+00,1.021963480645367461e+00,5.738557972267224194e-01,1.487830965361898183e+00,1.650071469368201926e+00,8.180835986827524886e-01,1.514947195341027397e+00,1.343285283536755026e+00,7.657673825033295412e-01,1.259173093611761551e+00,1.724200778296375525e+00,1.533211709584535676e+00,1.237068131911271740e+00,8.885512588202704176e-01,8.581304451502731467e-01,7.135879534050050266e-01
6.441189310164846527e-01,8.537264102857061721e-01,1.176031251240781339e+00,8.099866354351378250e-01,5.758242615580982937e-01,1.532138881208852110e+00,1.132927283506767413e+00,5.711032692075891370e-01,5.233538053193970141e-01,4.949013404892722012e-01,4.306744380055701482e-01,1.243824349335575175e+00,1.168167850755298609e+00,1.386860970327599807e+00,5.009817891786606525e-01,8.134143094429225895e-01,1.215072145808903104e+00,8.246934623681965171e-01,8.664010813604372530e-01,1.685385287158467804e+00,1.377739980839036482e+00,8.015442618582508949e-01,9.432941018202500860e-01,1.183511037263007104e+00,1.236587773941842494e+00,1.415796710204137554e+00,6.924153563493178343e-01,5.796995220499079338e-01,1.800450710723703773e+00,9.981900339755855889e-01,8.893964697250426044e-01,6.289199815275032801e-01,5.930058634704998832e-01,5.952588936163788480e-01,9.670982634231112263e-01,5.691699681956946533e-01,5.032349902876731562e-01,1.123177751455465057e+00,7.209934915919727905e-01,1.152191930771116812e+00
1.258710315419117709e+00,1.143682233513346524e+00,1.075921641993170530e+00,1.123667808792810030e+00,1.481461273627263209e+00,1.135517952664164332e+00,1.372812822452396553e+00,7.598586634823841779e-01,8.641544316204168297e-01,1.444292577194690397e+00,1.198913416697410028e+00,7.404336745580664125e-01,5.035070857797380173e-01,5.846837721929575293e-01,1.208633374747129174e+00,1.251303936745460588e+00,6.756528656593703275e-01,1.160223690393148432e+00,1.004613596834106115e+00,1.437563727561180116e+00,1.061035111205448800e+00,7.486852179233876026e-01,8.712800025465690101e-01,6.981869483242626462e-01,1.047577169084456861e+00,7.785952243415314999e-01,1.275143567099610964e+00,8.142609270879977990e-01,1.208472985177569070e+00,1.785347202676741629e+00,1.464040758001125875e+00,6.049399400532078364e-01,7.182003093851437869e-01,1.130902900126831367e+00,8.408903284648681087e-01,7.293757412098735848e-01,5.686955784956447824e-01,1.452380862481567947e+00,7.451440181693836928e-01,8.260880156967990162e-01
6.246379714715394327e-01,5.620246101431494168e-01,4.788925360982025370e-01,7.463890828834877089e-01,1.296192740891966233e+00,8.560374286197224292e-01,9.118340672899043486e-01,1.341454643241708045e+00,8.614333503510906986e-01,1.277167957311632795e+00,9.033140904105015911e-01,8.284368590016165657e-01,5.656941020877738202e-01,5.681198116483363592e-01,7.635115558576430761e-01,1.235064810547237046e+00,7.258469353808381097e-01,6.101005996385846508e-01,5.254814677346049123e-01,1.291974696530648448e+00,1.614549961282075285e+00,1.362110564981612537e+00,1.018547706759037386e+00,6.709138736566134797e-01,1.066678494165091307e+00,6.233314667816205468e-01,1.379829636303687934e+00,7.157560397161844001e-01,1.353294173138757328e+00,1.414721249039632811e+00,1.241679509910674772e+00,5.446958491820889092e-01,1.614545177558212474e+00,1.836848971718998413e+00,1.723876913028617563e+00,7.271176797623063459e-01,1.033199862826638116e+00,1.758763216024197495e+00,8.301927173821261885e-01,1.013078563588951431e+00
1.403045539904518302e+00,7.982360015876471815e-01,6.558005175839058953e-01,1.213760173155376654e+00,8.389103368674448724e-01,1.422876391476038727e+00,9.230082223443096812e-01,1.319990544345997607e+00,1.473652417243536350e+00,6.997880605976121160e-01,1.286880685164421223e+00,1.271143134636209648e+00,1.345783432660409895e+00,8.244716647893666206e-01,1.683742879163638406e+00,1.034762133426970543e+00,9.229720059697797963e-01,1.117750271540526308e+00,6.403808601987333038e-01,8.301610977332649632e-01,1.670011057876342964e+00,7.859287173582757413e-01,7.035199418476156819e-01,1.424307478453630260e+00,1.473617221560589385e+00,1.313796008493802736e+00,1.509805259901667807e+00,7.124956389013108460e-01,1.420036137593925440e+00,1.134017220002519810e+00,5.853753699680652733e-01,1.345042694547183171e+00,1.626513220081156508e+00,1.777657455491661542e+00,1.601909632485753354e+00,1.163093993221366196e+00,7.802544058924111292e-01,8.172893696478026326e-01,1.017785719340812634e+00,1.376744221744287788e+00
1.297887315249893758e+00,1.328026677248489218e+00,1.581334198072309905e+00,1.341637968398642577e+00,1.154078426294404380e+00,8.894821638591089430e-01,1.561450465157732559e+00,9.204758693075099085e-01,1.615290355740814032e+00,1.039667114913401802e+00,6.153296399246497295e-01,1.539126567449400129e+00,1.191648605923331550e+00,1.684884875078770383e+00,1.094123469894569212e+00,6.356798379133006272e-01,1.079990290333057823e+00,9.682679661582506148e-01,7.386990635641078606e-01,5.557200198769777222e-01,1.317027505085425432e+00,1.347603640310184536e+00,1.236426500865134948e+00,7.169305717621962115e-01,5.326096229559923456e-01,8.096547012676368338e-01,8.131216952011773857e-01,5.969840853319139384e-01,7.615929258350455644e-01,1.330510209079458939e+00,5.563657904080175909e-01,1.668961953638598450e+00,7.838988094315533228e-01,6.823377404791033385e-01,1.578548121557707296e+00,1.297530074552099011e+00,9.903556019057845328e-01,4.888675394969210775e-01,9.096654542267897936e-01,1.329913068305004886e+00
4.919858604037237182e-01,9.191463296600930200e-01,1.436464088443794251e+00,1.070769339184279634e+00,6.813032985792981666e-01,1.046668832377128044e+00,7.468807332098197360e-01,1.046830933467232549e+00,1.461016079320793803e+00,6.473710059688674301e-01,6.522127420261124575e-01,7.861932686813674076e-01,6.020062437215200069e-01,7.964892928099326364e-01,8.150255710000062770e-01,4.782833092339024983e-01,1.626472579252843609e+00,7.115795119289907156e-01,7.384208952832665984e-01,6.596425405245536222e-01,1.505956565891015897e+00,1.267694479385861994e+00,6.359881147413563030e-01,6.027760395685668460e-01,9.127189959795252161e-01,1.399462368331256146e+00,1.498187554874630845e+00,1.135218054604819171e+00,1.139561121455820336e+00,5.565881976278331811e-01,5.619385466804488471e-01,1.339774415252573680e+00,1.449970648474814938e+00,7.671437184496244788e-01,6.450107276501402254e-01,1.000397175067834210e+00,5.498326329425694547e-01,1.386429102011339287e+00,5.977866496568863264e-01,5.757375195488910746e-01
