6.937645653602765305e-01,1.510261265680268083e+00,1.340772842944584209e+00,1.353752104337763384e+00,5.902483618766575235e-01,4.808072256165105696e-01,8.097316495550561655e-01,8.147664317764149455e-01,8.446134751874435631e-01,5.364397391128375991e-01,1.220398108641944201e+00,6.977251463000571086e-01,7.212809273398306242e-01,5.027299432724934292e-01,7.310415341893443664e-01,5.377628437249361015e-01,9.628263156450577176e-01,9.623576504541926369e-01,4.907062427133608851e-01,6.408371608222442894e-01,1.444634647215459644e+00,8.349101070157936011e-01,1.313477161450914865e+00,1.592672010250001158e+00,1.476589624230367770e+00,5.222197618490277415e-01,1.341496906892023944e+00,5.695547483534314503e-01,1.109637795450279407e+00,8.731154177444983011e-01,1.481616462742294082e+00,8.104380575374043882e-01,7.752420909509057934e-01,1.386115940319845086e+00,1.531478909227952157e+00,4.780785231220435194e-01,4.604015954425443868e-01,4.976853737136284761e-01,5.735652737206377028e-01,1.218007366657864354e+00
5.787920921534011054e-01,4.759234044222809823e-01,5.058293544682918030e-01,9.062990244948411211e-01,1.260197643664849210e+00,5.282593217653563933e-01,7.609653960439851650e-01,7.088460258690915117e-01,5.270684559542446745e-01,5.624806528736611133e-01,5.720972321166200025e-01,7.562863836691624542e-01,7.973673418961558790e-01,6.475819093588373043e-01,8.739156967130093934e-01,6.551168936166592571e-01,1.541389263205094506e+00,1.544182062137961164e+00,7.176955070449131391e-01,5.604792100098263674e-01,6.444794031326704919e-01,9.300401535551086063e-01,1.378679646971473938e+00,1.588416152090770028e+00,1.451584074513920353e+00,6.764722938228507898e-01,1.090044200072727731e+00,6.196741161601787562e-01,8.521963446089428906e-01,9.252098160176033259e-01,7.697562413586904739e-01,1.043490456101184627e+00,9.477451722217445917e-01,5.357983925859064467e-01,1.012919971622309179e+00,5.552890405139074836e-01,1.323341183912977836e+00,7.861069546386537654e-01,1.284960458390385085e+00,1.289672529351150621e+00
9.285733379425810119e-01,9.965408479190659419e-01,1.583685758059450999e+00,6.498134099890872095e-01,6.509872416554915997e-01,5.367387798689411404e-01,7.095322933336958293e-01,8.506091972395548595e-01,1.299946481530738440e+00,1.212144624016625594e+00,1.257867102165280748e+00,6.185659369175052769e-01,8.673482386115050069e-01,6.725136230429321627e-01,6.563302287816205061e-01,4.979625672903833511e-01,1.041824697194943639e+00,1.490820235887397427e+00,1.448585326754275204e+00,6.703080854635614649e-01,1.196872949985249068e+00,7.690214153822485521e-01,7.714288310639982882e-01,1.617208220533827845e+00,9.413434035383131393e-01,7.376408659727635708e-01,1.413978085881063773e+00,1.483999025341820488e+00,7.693190920405502675e-01,1.197162667639881217e+00,1.487628121695325323e+00,1.074221908476108878e+00,1.369594769977096949e+00,1.554117889672382402e+00,1.327321609008421444e+00,1.023660250293531915e+00,7.057747234692357541e-01,1.213402461022582868e+00,6.442606493544705826e-01,1.104097885912085797e+00
1.406491584921970794e+00,7.431993539695117557e-01,1.428741363351666793e+00,9.358994604185929544e-01,1.340534667638835220e+00,9.626774258533572493e-01,1.391685233637264485e+00,1.610963198374856686e+00,1.202693495248970290e+00,8.108325357513131992e-01,1.207134443844081639e+00,8.431242095285270688e-01,8.127739438247901793e-01,8.564060127135970646e-01,8.054316058416731705e-01,8.934190041493740297e-01,1.015925479632916906e+00,1.425990334141645111e+00,1.373077225315723293e+00,1.253401192371781159e+00,9.157612096101710453e-01,1.306141313955946348e+00,1.563031675402843046e+00,1.526017605292888213e+00,7.095230479036883642e-01,5.372015231536440005e-01,7.784154143102144374e-01,1.053559924653771684e+00,7.166506383572093242e-01,5.272434678578596934e-01,4.678411773648741279e-01,6.516062889228513288e-01,6.873272141216968389e-01,1.331928443697186770e+00,1.421573519825192422e+00,6.750881338015792821e-01,9.761064923534864546e-01,9.020415756105322203e-01,5.225581408421402507e-01,1.131520383768391147e+00
1.114986312533492008e+00,8.411128542736757696e-01,8.697474887805825006e-01,1.501179426637855086e+00,5.637327260472396739e-01,5.132561774364804430e-01,8.904490826538121739e-01,7.523219681741991627e-01,8.501360988348184433e-01,1.226392037975578608e+00,1.618841304573547468e+00,7.533948262127607709e-01,6.097452545809974866e-01,1.017942176985333402e+00,1.148262286611626992e+00,6.791978450660670630e-01,6.716076271961965993e-01,8.252664959686385471e-01,7.614883044359561648e-01,1.101142520146776826e+00,1.070204524077431385e+00,7.600201354460760506e-01,1.320067501206684035e+00,1.244718917391558266e+00,8.254691564945405569e-01,6.053925975996493625e-01,6.197278019943353033e-01,1.474928593667268029e+00,1.553711142199877937e+00,9.747412888419719756e-01,4.252376354496339994e-01,7.012901313688457705e-01,1.211305113344093742e+00,1.442905090031001203e+00,5.024136288184246624e-01,6.178343084228042903e-01,9.462761578435830989e-01,1.186219815153872759e+00,4.490758714647869465e-01,4.871344595399672572e-01
8.540442445392819604e-01,1.230764848386582289e+00,5.275020909979417638e-01,1.210706856105423279e+00,7.282899021674669182e-01,5.309077906627371890e-01,7.026123185702652929e-01,1.591428781028782602e+00,1.019051581789350625e+00,1.707727853147375408e+00,1.167823930031578250e+00,1.139103500674037095e+00,1.373564941257765515e+00,7.077136071241010296e-01,7.403036016706341371e-01,6.427114996710371342e-01,1.062295879719704628e+00,7.060018155456044830e-01,7.379527848097700016e-01,1.419824240438693153e+00,6.854633082175816128e-01,7.005031620890632693e-01,1.311610883445125220e+00,1.000125588923158615e+00,8.776061287222879370e-01,6.441238233981197991e-01,4.996021157520860179e-01,7.331758976989658505e-01,7.161734307923978138e-01,7.300642638979357724e-01,5.653549090652820741e-01,1.338281091656922106e+00,1.865015038320231744e+00,1.527213077660830365e+00,4.947951366321231004e-01,4.851479019895856837e-01,6.865921976332682863e-01,1.139347184471715346e+00,1.399580707371996136e+00,9.472787074048962808e-01
1.385161336760664330e+00,7.745645785996186916e-01,4.134049296050973932e-01,5.252506123299586216e-01,9.645423257161448438e-01,6.630083388617762363e-01,1.249017714231849041e+00,1.704661711619837927e+00,1.086322598188342203e+00,6.865557266427666505e-01,7.418480997934636667e-01,1.432608303286680096e+00,1.624533249666845203e+00,4.918799813490125628e-01,1.086959700095643688e+00,1.388244574186931590e+00,7.590144178733817526e-01,1.086152501385607039e+00,4.269785951924200962e-01,1.607257839322278059e+00,8.615699774857660254e-01,1.179219133041653267e+00,1.785938343592814004e+00,8.538898641121684951e-01,5.826575216134558532e-01,6.721681748853196581e-01,1.201866986507269530e+00,1.185908985824880357e+00,9.873194461773496799e-01,1.611381923805330407e+00,1.548252041885592734e+00,9.066748628851323266e-01,1.111296589931102696e+00,7.544063193506527210e-01,6.452854847113420611e-01,8.151783530711532721e-01,5.553662741636079536e-01,9.172269693927121992e-01,1.002046504367463342e+00,1.703355050222892242e+00
1.521034396590409399e+00,5.273778058373307376e-01,5.280399038811061097e-01,8.686503837596908362e-01,9.422502790729820887e-01,5.751323427733587845e-01,9.057861565481107879e-01,8.908710180407529711e-01,7.799322752082303856e-01,1.654748258682477324e+00,7.380824664784745304e-01,1.372983242329649967e+00,1.313913651650099101e+00,1.173326403835508902e+00,1.116583249016971813e+00,1.018283157736771471e+00,6.882870399658980176e-01,6.457051960667316015e-01,4.044510654855243414e-01,1.383554410825692971e+00,9.686037799664435344e-01,1.585694158472233495e+00,4.675966528824471169e-01,4.245873817659096550e-01,1.109672139088293319e+00,1.523967370998586590e+00,9.298910536277428251e-01,1.579407828631729460e+00,6.361122557168631397e-01,9.476907136432625167e-01,1.542272266339600462e+00,7.743322595061828961e-01,9.956690079553016659e-01,6.533647563340760911e-01,7.237659313857137677e-01,1.778398332894141509e+00,1.214238822833784370e+00,1.289071211775733250e+00,7.547066390496472987e-01,7.466025243390569388e-01
1.082454518599962556e+00,1.139889723063781890e+00,1.399506808816113113e+00,7.487758441570678825e-01,1.462800202157710450e+00,1.143425948313359086e+00,1.658700058144619405e+00,1.539369582552469140e+00,4.913338440896584114e-01,9.342906840573510507e-01,7.076427832399472262e-01,6.668360853234392982e-01,9.159832024019768371e-01,5.976248603330313047e-01,1.001849577690118176e+00,7.005068873316643296e-01,4.640991875249697030e-01,4.441634279950598119e-01,9.024730753092801150e-01,5.872903032245690991e-01,1.402830784624818250e+00,1.260083927740354159e+00,1.660919884129895330e+00,7.058574160503451322e-01,1.384252119750671639e+00,1.283505361998598326e+00,1.272603852793885659e+00,1.785806485575638147e+00,1.557599794152076944e+00,5.576833195935917420e-01,1.295380497833984013e+00,7.124814101077726614e-01,1.269292913810283974e+00,1.379686257088426293e+00,7.830244954867727758e-01,1.645835589438049418e+00,1.104798733487888596e+00,6.751562918283873227e-01,6.131986446736096275e-01,1.194773282642718204e+00
1.277157963730995771e+00,6.534650309175948912e-01,1.503213071300204318e+00,6.540311611836857608e-01,7.361071363111353349e-01,5.641527914622640472e-01,7.139830342062418733e-01,7.073487971090541837e-01,6.462163857733381755e-01,5.531899557914918830e-01,9.808783342205459332e-01,5.713316437772649747e-01,1.076376479076197157e+00,8.070402746333685817e-01,1.769871039049383032e+00,1.160145513932205663e+00,4.599047891685130174e-01,4.113714718186917141e-01,1.218697244894885179e+00,6.768477696482662065e-01,1.803356633481703719e+00,1.636399700965948112e+00,6.782486353849106475e-01,6.330101176984074263e-01,1.066227721483853141e+00,8.052868207666931122e-01,1.142040573678904991e+00,1.570487245261559917e+00,1.250500910737422089e+00,5.051052526312159729e-01,7.993951438887774152e-01,1.103640525937128247e+00,8.076399423464531990e-01,1.278041123021068204e+00,5.685230780803550710e-01,7.231730859198016725e-01,5.026909979128815209e-01,4.749858368858463353e-01,5.279362417378385963e-01,6.531591183268832257e-01
7.452657386886802904e-01,1.396552200917297704e+00,7.231343631505359193e-01,7.034120776781921380e-01,1.542567061407370543e+00,1.454645113320668148e+00,1.114784392838279681e+00,8.470948930871210480e-01,1.031585014144949186e+00,9.082129642249040513e-01,1.294266332617633353e+00,8.500548835421160021e-01,9.613049541159592870e-01,8.544717340584366827e-01,1.495818214290949077e+00,1.507514329568802713e+00,1.149354830758779533e+00,7.153116660441714014e-01,8.020123660324937065e-01,1.438658535513630543e+00,1.686289885209356409e+00,1.374403274469519376e+00,1.397333687450021733e+00,6.642224302846231332e-01,1.070384040371550105e+00,1.312155834612320771e+00,6.668410182714231693e-01,6.911774869216488204e-01,6.030562412060131994e-01,5.403348461391893620e-01,4.955915826402257363e-01,5.301846215238252835e-01,6.639358833712486474e-01,9.473218075971037155e-01,1.043652359751876535e+00,1.331744779140517032e+00,5.008005752391311294e-01,5.175659767936625633e-01,1.298401954752324228e+00,1.558379880213338842e+00
5.165315970603262530e-01,9.626729619967656637e-01,5.472729647404052100e-01,6.396406084645495094e-01,6.544361903853049833e-01,8.300638810313660798e-01,4.630731210392771136e-01,5.180602715557914850e-01,4.988625811446576463e-01,1.249767640996872986e+00,6.134334268587601224e-01,5.064607614623592990e-01,8.454297168675197760e-01,1.067274521709979496e+00,1.001759104236908282e+00,6.232528302048776503e-01,6.871656078393745259e-01,7.431153337074393184e-01,1.278490612464483034e+00,1.386970797215847817e+00,7.862436632074260023e-01,7.650574288166754888e-01,1.300910129645661106e+00,1.590466518298448984e+00,1.418789382817513767e+00,1.479098374616500289e+00,8.115497721958029320e-01,1.191703280180618441e+00,9.852166066647494169e-01,1.432703602213359240e+00,4.773450522018090059e-01,1.326627775949100529e+00,6.641023146366225038e-01,1.590492254118957449e+00,1.605703657269467843e+00,1.571937243684182972e+00,5.263445742230510316e-01,8.987160039572307246e-01,1.690458603862446729e+00,1.396648222206731127e+00
9.268712722220061595e-01,1.517537025537844642e+00,1.220005391614467971e+00,4.764857833039169988e-01,6.617724740745161149e-01,7.085730321688049616e-01,1.182583174482339183e+00,8.147069011465789545e-01,1.463996440569535595e+00,1.657477240122000151e+00,4.940749387327150188e-01,4.931496794121948413e-01,4.883372488288640900e-01,5.547069017000701985e-01,1.005034461280583935e+00,5.607479940380077910e-01,9.356549480376349370e-01,1.132917570341853031e+00,8.903387931733687255e-01,1.606829987824361039e+00,1.056297139157410081e+00,1.287445093637598736e+00,6.525228741853573711e-01,1.264108761625961641e+00,1.109911641006560590e+00,1.385139745607402162e+00,7.964728534886690303e-01,7.778593879816002588e-01,2.019756479473056032e+00,1.523398945541086569e+00,5.942568570630860636e-01,5.174313981358751313e-01,6.813134530795703636e-01,7.976131651616997775e-01,8.976772428006141169e-01,1.374021701293181463e+00,1.183203292396467932e+00,8.827151781978945788e-01,7.379742088007603673e-01,9.550287852425186630e-01
7.024157342894952194e-01,1.212191640012095561e+00,1.385541172394154197e+00,1.186709273783862262e+00,9.747071796795502285e-01,6.516230447389911307e-01,8.418738066997850655e-01,5.947534548337070071e-01,5.425720694825522106e-01,7.136804086434238581e-01,4.681786549592340529e-01,1.047803029144799281e+00,4.969345824799555333e-01,6.522800323308370896e-01,1.284987015242582631e+00,6.455793108080940534e-01,7.507882470702097466e-01,1.081830500992699395e+00,1.049927820706600068e+00,1.101435293008339977e+00,7.164089440418114352e-01,5.952430054684593186e-01,5.535096189316947024e-01,8.351364094041959785e-01,1.297510874625666943e+00,1.229003630228627575e+00,1.708674344634478315e+00,1.865560809009697785e+00,1.974980525428482236e+00,1.355714484966360267e+00,8.544133113050987882e-01,1.073287381601200297e+00,6.407063335747217314e-01,6.665128438715535175e-01,1.047367426062797646e+00,1.122570496073095780e+00,1.424944280870207969e+00,1.310238876871836267e+00,1.343589450327411505e+00,1.407577774916361157e+00
1.816568338033097474e+00,1.541786825014399565e+00,1.248788581864396230e+00,7.086745571335478777e-01,1.298103320316005727e+00,4.401906207040864882e-01,6.085425428047830376e-01,6.431806234353476537e-01,5.192305446296383575e-01,9.414106507078163766e-01,1.048515750672619040e+00,1.002134866790509005e+00,5.470863045884489795e-01,6.960767057786604317e-01,1.161138840251944027e+00,9.944664371006319836e-01,1.567688319721224577e+00,1.439193587788500261e+00,9.018451673975651506e-01,1.278881958121458995e+00,1.092161701168506305e+00,1.679837832632413264e+00,1.705090090160770622e+00,6.041210338142226632e-01,9.697764692119213992e-01,1.047531750386169191e+00,1.283255294451407735e+00,7.843071018142202533e-01,7.398456746198589506e-01,1.352488129891983748e+00,7.213124192940856272e-01,1.317566560519650931e+00,1.128477478883403773e+00,1.211590393807980615e+00,6.153702051924125893e-01,1.366043058273129329e+00,6.709884490460925610e-01,7.247722797488893587e-01,8.127512733883783813e-01,1.790780400195080002e+00
7.105209808686704376e-01,1.214144627233995966e+00,1.669526832337270728e+00,1.030168081685577608e+00,9.347048312461907482e-01,6.556517817388902714e-01,7.910609235661062444e-01,7.325403373397633144e-01,1.369506370982205512e+00,8.728979291558158771e-01,5.524441866352172159e-01,6.707297364463199463e-01,7.049081536473080778e-01,1.142581569440703326e+00,1.392158548459762057e+00,1.689674900565352411e+00,5.218912062660872042e-01,1.665637929663676520e+00,1.772754377742695064e+00,7.194789141961902557e-01,7.640120508723566850e-01,5.444681997824117881e-01,6.287017477647272035e-01,8.645531320204411507e-01,1.512649291074332325e+00,1.064936941048170160e+00,8.435750079830995896e-01,6.406704371397892173e-01,1.214147660034570642e+00,5.850977053399903927e-01,5.845662954149104529e-01,7.119575817034519138e-01,7.013497615808212959e-01,6.581353633299136252e-01,9.259634581389493135e-01,5.791772533290605596e-01,6.223812400488851759e-01,8.117963343892370398e-01,1.174989377736735729e+00,7.134598607573645612e-01
1.299656522407787618e+00,1.052549902881034116e+00,1.689776023856580212e+00,6.261830113049177138e-01,7.361019820645366973e-01,1.578577153493518459e+00,1.522378516264049297e+00,8.730989410909506532e-01,9.639741581006178173e-01,1.054577571793466673e+00,7.105200631697192737e-01,1.086305318671080267e+00,5.397753891486477551e-01,5.685645853901799551e-01,1.408263279064223106e+00,1.597486441712236305e+00,1.554934972235779034e+00,7.209461663425199562e-01,6.964943540588794946e-01,1.073344919251172147e+00,1.391786460691251337e+00,7.455523310268800108e-01,1.020680078811075919e+00,6.645530009262723414e-01,1.337331077278291147e+00,6.360361687949094289e-01,8.533129523561000518e-01,1.261947622897291232e+00,5.143874988593549746e-01,7.077538480703832180e-01,7.138099130059381014e-01,8.361488890921666695e-01,6.329790044221200729e-01,7.587554052089485745e-01,5.422827657643947141e-01,1.028089733416390095e+00,8.670911384518144027e-01,1.333729543558862751e+00,8.017291489269743332e-01,7.282581704511443821e-01
1.048934360048773273e+00,1.052591734680304869e+00,7.241325816196481080e-01,4.326015814410917315e-01,7.252199196834246964e-01,5.991481226348840394e-01,4.819400000186468969e-01,8.995256801056569218e-01,1.101203665560336331e+00,7.712094421723628690e-01,1.412692967954320311e+00,1.583114840438321513e+00,1.337929470419871869e+00,8.040537824568660952e-01,1.538882931655898734e+00,1.050680984951538610e+00,1.381334960962165015e+00,7.571882773157622148e-01,1.329680616907663371e+00,6.554033436668879053e-01,5.201821669831511175e-01,7.510463929296092855e-01,5.466900078683624153e-01,4.935581669463090515e-01,6.723385708313664999e-01,4.324017798695659609e-01,1.008252021869851633e+00,9.436187718898425558e-01,5.850849908923045906e-01,5.538092468360875653e-01,6.353767333910078641e-01,8.184253088661080922e-01,1.614388286030804309e+00,7.151565739720117110e-01,6.208954381940767764e-01,1.066103026712825308e+00,7.845925351807578885e-01,1.299739775916785911e+00,7.034108848438533901e-01,6.742647634875624796e-01
6.309850208558281937e-01,1.327808459384379525e+00,1.241116859574887377e+00,5.756020322548486279e-01,1.401713784282468733e+00,1.646865219894859234e+00,5.386009254279874314e-01,1.104304278647017856e+00,1.018181832043198565e+00,4.539000749131575363e-01,1.202944395850122694e+00,1.127604941333308020e+00,1.219135149890106185e+00,1.456337409038400477e+00,1.774850524558114984e+00,6.920757995452884170e-01,1.016426540679540080e+00,6.417082713092007173e-01,1.302278999176985419e+00,7.001163296823792459e-01,5.985961321803155988e-01,1.391313316962540458e+00,7.125020078178072591e-01,6.190783574405916978e-01,1.104472476610024900e+00,9.492383320455852758e-01,1.131695566157729704e+00,1.627355089129713051e+00,1.658978368180407337e+00,1.778168636130342817e+00,1.090767753452136057e+00,1.938178588661511936e+00,1.272127539512861505e+00,1.189071147594787714e+00,1.163331093488852774e+00,1.066010982923653705e+00,1.447092297738973299e+00,1.055103491026708973e+00,5.187186121133018357e-01,8.302426613092916963e-01
8.006399918366478019e-01,1.422851878030088724e+00,8.201738901552554362e-01,6.392809013749225500e-01,6.420174688462247925e-01,8.374166801977951380e-01,6.817463086279341722e-01,6.286977486335073584e-01,7.197348096812629104e-01,7.418602214259150118e-01,1.593076020855811237e+00,5.967972691367037230e-01,7.423687803947034425e-01,1.131869424014697367e+00,1.208532583845700392e+00,7.924702240886671856e-01,1.194538553180690466e+00,1.175507716903678057e+00,1.174956749431978364e+00,9.975083208932159495e-01,1.057025534518380105e+00,1.060490328967330198e+00,1.194925355750089624e+00,9.642760219750799999e-01,1.640623071203114680e+00,1.613277951979221081e+00,9.323928048587333262e-01,1.027671401395237050e+00,6.685916214557344750e-01,8.644587854462766341e-01,1.622828398883217504e+00,1.457049176428031778e+00,8.278256567286684797e-01,7.333332623075577983e-01,6.075865809550109464e-01,1.086680844350086383e+00,7.540082882401403230e-01,7.322427679900760378e-01,7.047136339917300374e-01,5.690099413301260567e-01
5.674831365447118303e-01,5.253708557964703596e-01,1.118319893176994873e+00,8.500442550256473995e-01,1.347823387457813604e+00,6.110503191456467809e-01,5.782882348295094177e-01,1.331179790047863465e+00,1.826834235281494800e+00,1.416372435347959868e+00,1.084897333510623119e+00,5.832862635903791615e-01,9.046607424192902869e-01,1.007952164235488279e+00,1.157552742061061846e+00,1.061024608800144708e+00,1.209353517078059381e+00,6.134822083588871156e-01,6.314848468782660040e-01,9.146708215749397297e-01,1.027298611204192413e+00,5.564119456569369682e-01,1.959137022844256615e+00,9.926773361077667612e-01,9.911680146390637880e-01,1.075368339574488186e+00,6.818712229829743121e-01,1.236376601929509489e+00,8.644797432597087772e-01,6.012188435412652021e-01,1.450472549003760880e+00,6.690473853345699773e-01,1.338745004854501985e+00,1.501186103751435352e+00,1.014296627095612191e+00,1.274558791544580183e+00,7.962678240146864317e-01,6.060625664255016032e-01,8.146802642475911016e-01,1.286640388640383881e+00
4.517233492744338053e-01,5.201305981156439939e-01,6.433743416403626680e-01,8.035372311279187496e-01,4.850831297170066780e-01,6.473711867980367352e-01,1.450163710505056658e+00,8.522527761660327883e-01,1.323154333004529004e+00,7.032158292544739009e-01,8.030244824223575772e-01,1.256337816685028086e+00,1.266896167189021316e+00,5.976330670892727737e-01,1.464084375432244345e+00,1.378674590806231004e+00,1.669230000194162677e+00,1.768774675207509750e+00,1.075715252103689901e+00,7.868505291660617962e-01,1.508272022736656393e+00,1.442844845475612425e+00,2.100954853700546465e+00,8.370208523985823712e-01,1.049243979120631387e+00,1.217972638964837762e+00,1.390513452219408475e+00,6.899653097830626969e-01,1.747095628934102640e+00,1.383624699403622538e+00,7.807683205215766309e-01,1.012056487660372373e+00,8.163653596491218245e-01,1.012300977937230284e+00,1.411494344889800301e+00,1.719286171287666809e+00,7.323952712619145045e-01,5.876739431354347509e-01,1.354290403385923991e+00,1.301820075098899521e+00
1.233713156805865463e+00,4.951463058429210196e-01,7.361190304791777050e-01,1.400895712599037113e+00,4.823509279186906640e-01,7.309039490710584897e-01,1.239650915444940660e+00,6.149459706114600577e-01,6.724669722769104352e-01,5.177170344350029429e-01,4.733786410855613802e-01,5.555726064326369507e-01,4.883766086041070875e-01,5.886836036138063388e-01,6.879320625771964126e-01,1.485682412689809606e+00,7.060196796832947097e-01,1.770990967218445178e+00,1.353574956334327783e+00,7.234333840141555783e-01,6.245676710544055821e-01,7.095932387233857552e-01,1.119411661238287170e+00,8.027860262937329683e-01,1.211149041468767118e+00,6.394946198181260533e-01,1.673804540061762491e+00,9.336332850962665297e-01,9.192918864135972701e-01,1.089587472721380790e+00,1.350476141887742454e+00,1.227191871903252629e+00,1.462319056484255864e+00,7.684351508167924782e-01,9.053945692688822877e-01,1.440636962246368835e+00,7.706424091122959785e-01,5.434578038433887093e-01,7.329404644775947553e-01,1.225381874718935782e+00
1.369810977180194733e+00,7.896913140203755122e-01,9.402906589484768540e-01,8.843661272399979678e-01,4.916047853483755392e-01,1.461377471083594948e+00,6.085983318575216572e-01,5.722756608189569771e-01,8.376844363918849456e-01,1.030937832686679823e+00,1.479444432306837642e+00,9.992816112652640470e-01,5.219254871966229059e-01,6.274116052174207869e-01,5.956254502275152296e-01,1.048923043791400778e+00,1.308536594261238584e+00,7.501100456330758171e-01,6.168394605210008041e-01,5.510896467763609641e-01,5.414727878613548873e-01,6.451859267888034877e-01,6.834128791737088537e-01,8.447019722067332648e-01,1.239103397169479592e+00,8.709258831970252412e-01,1.496464167052478977e+00,8.247806373728766571e-01,1.253859314017326865e+00,7.332840306018173493e-01,7.205817321663040564e-01,1.231477912028450472e+00,6.196733146604114228e-01,7.931219971357306164e-01,8.806372497741103977e-01,8.703660779992182794e-01,1.383693955321701141e+00,1.283926744599265479e+00,5.642308030406270047e-01,1.389148284060711003e+00
7.965816280702874286e-01,1.028593952851565074e+00,1.332311975693392103e+00,1.058512344077166656e+00,8.708841508708242696e-01,1.319178891463334224e+00,1.165963563580197482e+00,1.461799205383597089e+00,1.159981390386915168e+00,8.325085197679223947e-01,6.305400785214698711e-01,7.029712499191748121e-01,8.617892934657839232e-01,1.233429996931692196e+00,8.423168046283608934e-01,6.362758683455370656e-01,1.571771015465713184e+00,5.000847957619887207e-01,8.654065985113682524e-01,1.334197508126079956e+00,1.252551217218026647e+00,1.043126224031473814e+00,6.223768653886336821e-01,1.028962907951783468e+00,1.047298468720320397e+00,7.447041563221251659e-01,6.263656863012364573e-01,6.745607818870231753e-01,7.986880944497216639e-01,1.540031206226738059e+00,8.784266941019608366e-01,7.339748374996114544e-01,9.265490540011827036e-01,1.032682478965136097e+00,1.318412310331587234e+00,1.033024090097353742e+00,7.943831955978245540e-01,1.195985661264199695e+00,9.000586083829630324e-01,9.338905521557562261e-01
9.834440792625890326e-01,6.305758484099766026e-01,1.291527031331505260e+00,1.035574002452679609e+00,1.766100388289508327e+00,1.367825097319888661e+00,7.876547426382444206e-01,1.272910118574934080e+00,7.380002311742445142e-01,1.087002789831439165e+00,5.849721550562761996e-01,6.203392333634180078e-01,6.164426518625831797e-01,8.770158107611392140e-01,7.148310897478182824e-01,1.452324473638933133e+00,1.606156182891340212e+00,5.044627243907795489e-01,1.014550506494518833e+00,1.130936552218351876e+00,1.113746266502869897e+00,6.375440684598191465e-01,9.792443946817332989e-01,7.841446072638557085e-01,7.797272409383548819e-01,1.404642640351490224e+00,5.415504489488448536e-01,6.765104601439834164e-01,5.723363419250098172e-01,8.484838808105598096e-01,8.790865728327593720e-01,8.532550384430670487e-01,9.740639438841480757e-01,5.459230805302629497e-01,4.882044100788096586e-01,5.589892447372685202e-01,5.674224473026792115e-01,7.040585481453350836e-01,1.175701633350002995e+00,7.564353369217234890e-01
7.363965685753859347e-01,1.017844279399090279e+00,1.294794329329387539e+00,6.536286516409783864e-01,1.471320580573547421e+00,1.065312719296040767e+00,1.662132247085138070e+00,1.053786994275651479e+00,9.022204900362246205e-01,9.547186577859978485e-01,1.179014299453158499e+00,5.950268527380955241e-01,1.326615904072603103e+00,7.929133975195234996e-01,8.303827249171049640e-01,8.108430287214895005e-01,1.578744499929658041e+00,5.115701458752740516e-01,7.261816436993497881e-01,7.700920910610468129e-01,1.640214692453655143e+00,8.985412437151645282e-01,7.661646372493546853e-01,8.296371168798559737e-01,1.105333268444917305e+00,6.194530081894024098e-01,1.056009029275398969e+00,7.867859960230157990e-01,8.724848943554014413e-01,7.649520422516004059e-01,1.409360918707045274e+00,1.282287590568849778e+00,1.081378043236896902e+00,1.297574520941491505e+00,1.131181828572938697e+00,9.573888360675527620e-01,5.053272395878217749e-01,9.506349808536591617e-01,1.242674573615697442e+00,6.614175538577493629e-01
1.258539574121048110e+00,1.189027645343672113e+00,1.248722439095691250e+00,1.032396359625712190e+00,6.465787191206123774e-01,1.002271353443863866e+00,1.163498103959716756e+00,1.119106547148337238e+00,1.233639594128546513e+00,8.153669564707246575e-01,7.739670092106630817e-01,5.921168758970661861e-01,4.865135461214450951e-01,7.596887303625057264e-01,7.324623805195737969e-01,1.328524176884774644e+00,4.964645233174823646e-01,4.246939768631600165e-01,6.510269087529862997e-01,6.982668449678898215e-01,1.194215835194702535e+00,1.086535494024150061e+00,8.645460652518430766e-01,5.903917614116863666e-01,8.426073114232213168e-01,8.068288276788820879e-01,5.369710204930476793e-01,7.961628409216042757e-01,1.551524161487985776e+00,1.318538844042055791e+00,1.218217279876774528e+00,1.137697271113028208e+00,6.891230943294203160e-01,1.124289521335015030e+00,8.278327531097023906e-01,1.338319145403043642e+00,1.030902071722833657e+00,6.018778346467978935e-01,1.240391629028168685e+00,6.497907637201041364e-01
6.025015687869286207e-01,9.599533392432780810e-01,1.382527547980809013e+00,8.636456287072947768e-01,7.041774844117094645e-01,5.802865449235969919e-01,9.180482046575567656e-01,6.464630026245291594e-01,9.475139174405275977e-01,9.329013598562917453e-01,7.871896233584350089e-01,5.588765790868150951e-01,6.792580607492798572e-01,1.141873454066585358e+00,1.004835374346631838e+00,9.877010454560926078e-01,4.547068188426345303e-01,7.073663939780303611e-01,6.598460186415890938e-01,6.623731050928979291e-01,1.210641816273337890e+00,8.758670552523886155e-01,7.520192483635553815e-01,1.104501349465539795e+00,6.429046705892786928e-01,5.538574718959371479e-01,5.455534400773701664e-01,7.235832952631675585e-01,1.313230774414516411e+00,6.933790594930167028e-01,1.453654158982466527e+00,1.361418326945009305e+00,1.262152852515548540e+00,1.725533929689336166e+00,8.926941844865201592e-01,6.665509723151302746e-01,6.715459344277225906e-01,7.237213051119691931e-01,9.680529027344129123e-01,8.431073568950318009e-01
1.520184992696230974e+00,1.527844170829888659e+00,1.312783928626133800e+00,1.337784297316270354e+00,5.811728654625255563e-01,5.415652682651029837e-01,6.119220501652972155e-01,8.310239879363587878e-01,6.010508202360345109e-01,1.007422206189178659e+00,6.709255317339892777e-01,7.251965728734562910e-01,1.383704920269460681e+00,1.413492239746087176e+00,1.001230387768134555e+00,1.039844341542961681e+00,9.115277161900037228e-01,1.445685901989981037e+00,9.990765513662455133e-01,1.448085212636108565e+00,9.834983780238124584e-01,1.216362209454800114e+00,4.706828431002689217e-01,1.324770437164059178e+00,8.569232018109348425e-01,1.106778612476062129e+00,6.560747654073745272e-01,5.673150281089930358e-01,7.397765767939461501e-01,1.225745382574644271e+00,1.277331542865351555e+00,1.534069508326867615e+00,1.255066911103219329e+00,1.310902604615217681e+00,5.679966591849980873e-01,6.145546392250008649e-01,1.194028082988286554e+00,9.100756599345691811e-01,9.097934547330613908e-01,1.283451580438987216e+00
1.052834352289521602e+00,1.079668351420485228e+00,7.443632179721344500e-01,1.267167071352263141e+00,5.371730651094689390e-01,1.257097069968307501e+00,7.918791634404797053e-01,1.150746831846465312e+00,1.173594730077373693e+00,8.281670617327981931e-01,6.172400710615090214e-01,1.153612082630733893e+00,4.961232396816213641e-01,6.804525920819818330e-01,1.022065138390895633e+00,8.054348714805340537e-01,1.728771005638774172e+00,1.411007735113839034e+00,7.668676204299685883e-01,1.619678214895971635e+00,9.127181622095691393e-01,5.836935056915242281e-01,7.329981455326257667e-01,6.564900327018460269e-01,6.803925895537323854e-01,7.168698880015036412e-01,1.143058962887145258e+00,8.682765183017991939e-01,7.217965454899337718e-01,1.559135348069268900e+00,9.488641641737025623e-01,1.557331435980227718e+00,1.490922124767825485e+00,6.138625794002559033e-01,6.806533145634601212e-01,9.433633709863135097e-01,4.405520090538909694e-01,7.030407174410521209e-01,1.384458286233216207e+00,7.354981220587772928e-01
1.332595360453428412e+00,7.083554869906510953e-01,7.657700459529720449e-01,8.230929437258366343e-01,5.171551067312247785e-01,5.705744747196910271e-01,1.566105373652676658e+00,1.555206658500756234e+00,5.730307238796981117e-01,9.826844609594606039e-01,4.494781403765938932e-01,5.292187144023976497e-01,5.102059635807992821e-01,5.232879254662173851e-01,4.187226579437985374e-01,5.363537838516669876e-01,1.763170162694040144e+00,1.422940153278621001e+00,1.857593122859205526e+00,8.381520159321270702e-01,1.723838015868665252e+00,9.758519191007076765e-01,1.025640112996620390e+00,5.439167991844093830e-01,1.075159933523665901e+00,5.906936834060745323e-01,9.046037063165240921e-01,5.352054292875497721e-01,5.827072089544024225e-01,1.279249948633219169e+00,9.994884897984233074e-01,7.028216872327065490e-01,1.292981519681308811e+00,7.684249583310363008e-01,1.253749425751027324e+00,7.022533456088431159e-01,1.096107916482900624e+00,1.565921067793887067e+00,4.410536398142646530e-01,7.197230535810932306e-01
1.296748044817436663e+00,7.170270453832351398e-01,8.232072293283597686e-01,7.037324432572137356e-01,1.063116873948961816e+00,7.097833391830308258e-01,1.437517248265255843e+00,1.911109750582750788e+00,1.326148472281416302e+00,8.146860365613468602e-01,5.099354049342798012e-01,5.066904737065349718e-01,1.443640947388067586e+00,1.722798108264762984e+00,8.791176796709134766e-01,4.961028907253491882e-01,1.187999561324353914e+00,5.409832671176441066e-01,1.758390918185267715e+00,1.039009116601339322e+00,1.375076437600248003e+00,7.960896500401395404e-01,1.531875816913669253e+00,5.087823343231724360e-01,4.818260638726951650e-01,8.032903702578623184e-01,9.310997074459450573e-01,4.633363576911292969e-01,4.811540340913082470e-01,7.438527805845743801e-01,1.805501829659842850e+00,1.546155531429300289e+00,1.045688513453233881e+00,5.739162256303843579e-01,8.286967755253377144e-01,6.882428094082129189e-01,1.294692276491903105e+00,9.450714938306485902e-01,1.577701882492440699e+00,1.429551939969940344e+00
8.294930121808687939e-01,1.914881591534040695e+00,6.281724047794891019e-01,9.714905365465389409e-01,1.181898390243141916e+00,7.043047103881698856e-01,6.894465223874707283e-01,5.024256555266671809e-01,1.224119398162929695e+00,1.379346404423063888e+00,5.324327366198647882e-01,5.329462880402289215e-01,5.909954444015789177e-01,1.363916409177110989e+00,8.125856549205070500e-01,4.788840458528864086e-01,6.225481104744565730e-01,4.143391389786958978e-01,1.344100949593144190e+00,7.022473006020243380e-01,6.565857232768850249e-01,7.947083119455045086e-01,5.815418180682868643e-01,5.161832888594394264e-01,8.969303786754733165e-01,6.131155403668314685e-01,7.879466924647484660e-01,5.128621982777393784e-01,4.943222459503223698e-01,8.885590722009379938e-01,1.180509604427625758e+00,6.902579006214576429e-01,1.588760742469156106e+00,1.117399148778907447e+00,6.760158148930331956e-01,6.711217792298274087e-01,7.440078253181906520e-01,6.465680864028773289e-01,6.724572918654784237e-01,9.615638356827812538e-01
6.288756333379252883e-01,1.696860813944493618e+00,1.526686614268865760e+00,1.522933021869070647e+00,1.575100314313291117e+00,1.114593340763219143e+00,8.891755730460935148e-01,1.499813366122540348e+00,7.603767302201372980e-01,5.531294064615396300e-01,5.896235467949834108e-01,6.658419871803403778e-01,7.151524252510582658e-01,1.110584977051620514e+00,7.256815095789453940e-01,1.394133991824269891e+00,5.798128996753707520e-01,6.952517606525843163e-01,4.530619307675096685e-01,6.529890763224474037e-01,4.884501898086124894e-01,4.139530782688933264e-01,1.619477485627565772e+00,1.303943885323618046e+00,9.198344578621967527e-01,6.948488925950900841e-01,5.384178389436119483e-01,4.167748970475595449e-01,4.793609527173302576e-01,5.880470275811588987e-01,1.332674515316873309e+00,1.132013765554869433e+00,7.076083088082647521e-01,8.892790704737595364e-01,1.416102962191190695e+00,6.836553232078365072e-01,7.480458164840210200e-01,1.140307131458400791e+00,6.922833783432952304e-01,1.176455669427915796e+00
5.792377531544362634e-01,5.150201806161109896e-01,5.374608110873645428e-01,8.617788719439517520e-01,1.445282645084418727e+00,6.246242174418936699e-01,7.310268102770355325e-01,1.512281727059448411e+00,7.275021775022296744e-01,1.582193051775855119e+00,1.328938356197423953e+00,1.306421772662193392e+00,8.480082023280323122e-01,1.225467895937720098e+00,7.617256743989876400e-01,1.274927946796201583e+00,5.376952233798489855e-01,1.346320386468258246e+00,4.233947030627241981e-01,1.033894290873649258e+00,1.112892128339428854e+00,5.218403778259472769e-01,1.663652674040591695e+00,1.673491938285510905e+00,7.035083498228842380e-01,1.275694447392432762e+00,1.136558736960816329e+00,8.545306340444815962e-01,1.518014952587420696e+00,1.554000065328029700e+00,5.478599102241563656e-01,1.020225930045146168e+00,7.342963134517791479e-01,1.224810110345436964e+00,1.111688672730142713e+00,7.419073702070033693e-01,1.513607874000950648e+00,6.744971152845148366e-01,5.427183654919631728e-01,4.892689189467721578e-01
7.414962634996989932e-01,9.382564240262643018e-01,5.104178939502009849e-01,1.001162971266476021e+00,1.176292333554981751e+00,7.298079026769094257e-01,5.362316867399350429e-01,7.591162230406047762e-01,1.157369990443189778e+00,9.511113721649238073e-01,6.885029093527172961e-01,1.183048296131105293e+00,1.068450226012659598e+00,6.902386913925845358e-01,8.523431280855572334e-01,8.053450299263251733e-01,6.067724167403892865e-01,8.405708121558272961e-01,8.718697570954224707e-01,8.081576492507620557e-01,1.373690660366658545e+00,6.241139877212379394e-01,7.696324008227649616e-01,1.247875176692742061e+00,6.979847104291847515e-01,1.196983988614043870e+00,1.559677207415405942e+00,1.367701809044163719e+00,4.790196256973998645e-01,1.715537434416412488e+00,1.526174959802579112e+00,1.029090149814626320e+00,1.245522945136008364e+00,9.490980716284201923e-01,4.038715833575147740e-01,5.014129599189330877e-01,1.315546597262049255e+00,1.036152825416964962e+00,8.938171951098895507e-01,7.239582941330164889e-01
1.285586634699797504e+00,9.681608706827879995e-01,6.705338537349956329e-01,1.278143596518739988e+00,5.066983075429549732e-01,6.075676854919104253e-01,6.428720936475417203e-01,1.203302839402491387e+00,6.029535514378612238e-01,8.670948770282996820e-01,1.088211772824910550e+00,1.454303978368322037e+00,5.105600061777484378e-01,4.983319097843026957e-01,1.171011985436525071e+00,6.411587752263083750e-01,1.216038028286285932e+00,1.518161063812936584e+00,8.722001363462530410e-01,1.083612685270110898e+00,1.571151290462979189e+00,1.343474163150643497e+00,6.253716560278519410e-01,7.005196410070186896e-01,1.130697457775078352e+00,6.000884071130108133e-01,7.552277867100606334e-01,7.291236127110073406e-01,4.230521256271669306e-01,5.554942275284971975e-01,7.122341346869508483e-01,1.304588650073331246e+00,1.062011635564809708e+00,8.825410674691990254e-01,3.929508890275629773e-01,4.631429165940434967e-01,1.529523893779480614e+00,1.093571521720618556e+00,6.483924077178122580e-01,6.748443622644644257e-01
6.436204124515024771e-01,8.463542058692091752e-01,1.524859241986878722e+00,7.699090866927369436e-01,5.543842010914008522e-01,1.284432374817138234e+00,7.821477049464092834e-01,1.253311750621566523e+00,6.389694675633348364e-01,1.193894774039244489e+00,1.233942831266125362e+00,1.413847516594479270e+00,1.327245616644734394e+00,9.370392805339033959e-01,7.625018271618438925e-01,1.284335430661856625e+00,7.282915717675088052e-01,1.209190276907005313e+00,9.540680004031215633e-01,1.395674251351423312e+00,6.504290024736052445e-01,1.369832785167363065e+00,5.506321749734915949e-01,1.235198461220478494e+00,7.387274025791726872e-01,5.373323402289372774e-01,7.354477077237463467e-01,5.545089019520478280e-01,4.480520751809104474e-01,5.795047572092323351e-01,1.264066403672359229e+00,1.106612602233991716e+00,1.398934358839289960e+00,4.462214981545538639e-01,6.797076237539338983e-01,1.703108200658662197e+00,7.384750347964489370e-01,4.754050157094892870e-01,1.002063444745272314e+00,1.303351543367553100e+00
5.868904962705615569e-01,1.406586056685388719e+00,9.664636637731323088e-01,1.450109047687290653e+00,6.130931000258428298e-01,5.147505198253433667e-01,1.249909570934813585e+00,5.501230052884300559e-01,5.963605714201076768e-01,5.666510789677774440e-01,6.762750463340880813e-01,8.771692212365599373e-01,7.107306659638136237e-01,7.349854507702140438e-01,1.244080587290099293e+00,6.818332556656182541e-01,1.510333090357799612e+00,7.644630524308250186e-01,1.491706358954819622e+00,8.933873150223629045e-01,1.488159029999330807e+00,8.576605152863689963e-01,6.721244310019434121e-01,1.260417788433574104e+00,9.694299183695063160e-01,1.033187241408700885e+00,5.446072063125322327e-01,7.098541549991130850e-01,1.581635130252481147e+00,7.050061425447482488e-01,1.102416547840844752e+00,6.022580658087262062e-01,9.455129993684338041e-01,3.704948324224260903e-01,1.085615495478524428e+00,1.225807171932249195e+00,6.966857857071324656e-01,4.741319818875909808e-01,1.400556832565439391e+00,8.511737432976181905e-01
