8.649053564985105247e-01,1.275192229385824660e+00,1.205576676138094605e+00,7.528807501747734054e-01,1.160224967239354088e+00,5.147886063886574215e-01,8.381900320697082130e-01,1.316641100834883726e+00,7.051199926697067077e-01,6.992542883353266570e-01,1.835595859654413520e+00,1.004931002185058597e+00,4.846343759500827408e-01,5.186861894795454786e-01,1.199569427428549995e+00,1.828814367704190813e+00,1.608545869687757479e+00,8.459718791312267339e-01,1.292966650505040782e+00,1.649206194010200743e+00,6.991313824866463023e-01,6.091220637377924296e-01,6.778701026304811972e-01,1.427695538323420887e+00,1.252809614771938085e+00,1.423013259791136687e+00,1.069774347383441793e+00,1.559514171388838966e+00,1.010689520246886408e+00,1.306761932193369891e+00,1.069454813253252867e+00,1.757648544433994875e+00,9.083665405154255357e-01,1.049994360235579016e+00,9.243610335117908861e-01,1.818600540854311109e+00,1.578677286483368913e+00,7.554557138544317763e-01,1.543874675677756825e+00,6.999052761397921429e-01
1.395638625383003539e+00,9.781332949317003145e-01,7.223513677207438199e-01,8.096579575135420814e-01,7.091661920247200879e-01,5.539098134015744135e-01,5.795234689211431478e-01,5.624774461817444449e-01,6.067805071751536383e-01,7.110021937435400119e-01,1.365784533158436842e+00,1.212242619953096678e+00,5.610467205001049562e-01,4.618494047522277435e-01,8.553819909577087266e-01,1.027734978801488230e+00,1.589036474783846575e+00,1.320477201481538021e+00,7.117853511544609546e-01,9.691480222593951144e-01,6.100148438240843296e-01,8.019250397212805970e-01,1.050492178683881894e+00,1.647727576112543391e+00,9.971896829199760059e-01,6.519150490220685379e-01,9.945124708166841465e-01,1.065512380088964983e+00,1.758917673802616877e+00,1.454583067507000171e+00,8.467727221019598627e-01,1.543727769874774447e+00,8.136604190400673620e-01,7.485940186927174667e-01,1.560106334569643094e+00,7.799150868363428080e-01,1.093179626093553347e+00,8.647189972473199315e-01,1.065511081903268265e+00,5.718782100225666687e-01
1.308468934671488171e+00,1.552180181554556393e+00,1.156933288831971662e+00,5.827119948700298924e-01,1.514399493526998874e+00,8.103322776433882213e-01,5.727231580476448425e-01,1.127537140901755386e+00,1.084497400892850960e+00,7.439668337137953502e-01,1.086741402985458294e+00,8.336152892293402505e-01,6.949121834866381908e-01,5.404678600608000538e-01,1.159198900301801061e+00,1.125131904487216783e+00,1.196110040506339622e+00,8.559291595687946730e-01,1.087923106644577143e+00,1.191872319571283256e+00,1.332319544634382957e+00,1.082033774775934987e+00,1.164361509668157657e+00,1.573664357688096205e+00,6.713026699435552525e-01,7.371448248057891339e-01,1.558921464450053973e+00,9.083724114235960378e-01,1.439961528818588077e+00,8.704152337058395084e-01,6.440797321722493418e-01,1.428436224401030685e+00,6.265870616119327829e-01,6.756693097148200877e-01,1.637874949537927893e+00,1.147514047104965407e+00,1.496577382590458916e+00,1.343234368308436899e+00,1.011376997224466612e+00,1.096591818538884988e+00
8.777311039593451714e-01,1.431050848399280095e+00,1.160950618783065380e+00,5.289077770770024278e-01,6.046620622228841002e-01,1.150055176398894874e+00,5.450218913205640003e-01,5.842287840988991121e-01,1.458967087119861228e+00,1.211235225341663835e+00,1.763849429273554703e+00,1.066817972413028448e+00,7.298049452103405610e-01,8.236398438725422988e-01,1.083804792466582789e+00,1.702537157827390235e+00,8.899295490137058007e-01,1.177700447029311759e+00,9.784670579678436120e-01,9.701324730076015257e-01,1.436399776139646978e+00,1.412935126217189197e+00,1.078949217482156220e+00,1.151174263547846355e+00,1.157826400466075656e+00,1.955710958449691894e+00,9.867212656252937197e-01,1.484520280400019043e+00,1.166847778694199311e+00,7.535263672253960099e-01,7.519793367943049534e-01,1.076580193984984835e+00,1.230683655454695380e+00,7.318035572105203723e-01,1.043391901213381878e+00,1.248946656991275939e+00,5.758489027394589899e-01,1.407582272720710570e+00,1.314564381855899633e+00,9.214676185597557856e-01
1.402185417384030908e+00,1.276867190354070258e+00,7.138405664169636955e-01,9.557507348125603430e-01,9.626584704225601419e-01,5.001791465621135968e-01,5.469313718159696247e-01,9.109041753496286420e-01,9.836501107097411767e-01,1.551410477486640627e+00,1.290918656115574992e+00,9.639853175936716756e-01,1.261393283009534905e+00,1.166907048181663020e+00,1.227324545639056463e+00,1.338053463685752620e+00,8.413585018920485270e-01,8.038826634666503823e-01,1.385354458760504004e+00,1.857784270606185340e+00,1.630303190951596592e+00,1.563640000282304765e+00,1.535883076154988647e+00,7.858351849025401181e-01,8.524989366091334508e-01,1.717724048736434250e+00,1.237746779147807619e+00,1.157996131936707584e+00,8.627537805267870841e-01,1.136316628911435034e+00,1.040358476612443406e+00,1.122530742712797069e+00,8.517884806742900272e-01,6.741405230677722793e-01,1.232113291231630381e+00,5.871541067896787203e-01,6.613244216360547600e-01,8.189900737548275744e-01,1.395009759528349935e+00,1.341750696745769522e+00
1.218599477653716345e+00,1.430381031205426590e+00,4.263269959641478035e-01,4.375049848661936025e-01,1.227047138736914178e+00,1.977083116751345626e+00,7.704178086398433267e-01,6.987207692231610645e-01,1.196446880984422867e+00,7.245262995241876780e-01,6.644463361479033825e-01,7.556807337411937109e-01,6.754809306087705689e-01,8.343444857090303035e-01,1.163744892292992272e+00,7.589448992324251408e-01,1.243200149320543790e+00,1.234957776847116939e+00,1.004891594687410405e+00,1.443114542755166818e+00,1.460099171711565669e+00,7.025665034651940033e-01,1.774274208234907002e+00,9.357396568883256105e-01,9.598153531468279764e-01,1.045621044364466901e+00,1.567734847084119920e+00,1.491015317805929330e+00,9.235387302198974080e-01,8.213094329467025556e-01,1.375440310521240272e+00,6.150922822795759082e-01,7.220762241823653893e-01,5.294409698576098000e-01,6.953135704959886310e-01,1.363522160021424012e+00,9.880787800950143751e-01,1.096494970250123213e+00,8.550009409170136188e-01,7.673508208368593486e-01
1.032481122970788423e+00,1.050879437092175239e+00,7.045448197999544249e-01,1.148887532295050695e+00,9.945201622510290163e-01,6.083159682132746049e-01,7.986665445777272332e-01,1.042060469821753488e+00,1.002251344695650692e+00,6.422970739514954897e-01,1.108195280653520243e+00,8.664675882297245835e-01,9.349904814869339775e-01,7.396121552606755856e-01,1.651454278061598169e+00,7.602017398902237710e-01,6.294343394022240412e-01,1.320046182037414972e+00,1.112556200773348491e+00,6.812599926520902516e-01,1.897002115770325403e+00,1.186323205483333476e+00,6.952859938143618468e-01,1.471565374864313824e+00,7.227871551950072471e-01,6.302869263985685366e-01,4.445232573914289498e-01,3.988736874848765601e-01,7.349665316927079806e-01,1.086782248768267900e+00,1.258170272088901198e+00,7.591234159803221804e-01,7.030191841669265473e-01,7.891879717437736419e-01,6.225924237455577881e-01,6.317637971890063264e-01,5.699992731668647172e-01,1.155469473775994294e+00,8.638419589060741810e-01,9.040650381247519185e-01
5.372037609856001872e-01,5.705758140768613096e-01,6.203533175986734038e-01,6.350813673470975251e-01,1.172362780719425901e+00,8.184807565203022772e-01,1.216845846742056425e+00,1.111459619810212907e+00,6.587740998198494680e-01,9.101612197035815477e-01,6.810128656390143087e-01,1.053825180058451716e+00,1.748384736961514196e+00,1.351764523161093301e+00,1.560354919575280830e+00,1.565624777242558219e+00,1.182058629238541769e+00,1.459339027885627305e+00,7.168405004114810630e-01,8.750891940592648854e-01,6.735957322122407831e-01,1.288028039663375202e+00,1.121140345000124938e+00,8.023356560338755772e-01,1.635705209172079178e+00,7.805089815809189702e-01,5.238906558657240309e-01,3.713028094516965805e-01,1.227618343312510518e+00,1.245051072549975935e+00,5.401991084300491464e-01,6.173950043141285260e-01,1.148844603578899504e+00,7.628111209085852717e-01,6.235793107908438326e-01,1.102798517102889342e+00,5.599597676860895712e-01,6.963317640843249556e-01,1.064761490311884939e+00,1.598872631767012331e+00
8.002304169800359412e-01,7.034939012107298550e-01,6.155035402282210688e-01,7.507533122372659351e-01,8.234291910567613781e-01,6.931081608403429906e-01,8.397504814674107143e-01,1.311907846626398699e+00,4.172452895580036070e-01,4.027204352133150755e-01,5.991619717179702542e-01,4.565678024476370611e-01,1.575887818126970874e+00,1.562263725902251821e+00,9.875651155995397446e-01,1.310130650766464289e+00,8.363038967732008278e-01,9.940937754394012504e-01,1.227341490276999014e+00,1.141894308109106637e+00,7.678669899677661448e-01,1.132018447122280502e+00,1.021746436963890226e+00,1.489392034507571516e+00,1.612037806319725597e+00,1.360258699514083958e+00,4.248812928535105060e-01,4.496580444014836031e-01,1.303527944595196830e+00,6.746013739665128739e-01,6.569285307218720726e-01,6.168094037506977045e-01,6.546845628264255090e-01,1.026408506200156445e+00,6.130831173107907928e-01,1.417694218156923647e+00,8.661998584290627745e-01,7.474374691644379842e-01,1.261898961346865189e+00,1.474095941875896765e+00
1.350143443763939022e+00,1.138544923169025447e+00,1.236928164212142800e+00,7.425205882596255247e-01,6.238574363643974996e-01,5.028244708328880597e-01,7.481576604782707030e-01,1.562982328377341190e+00,7.637353363124481653e-01,6.194303275996394520e-01,6.590202748648579245e-01,4.532019892175964126e-01,7.295912941760387405e-01,7.680544519996097552e-01,6.987038303142487639e-01,6.063475006771016362e-01,1.191829983970032814e+00,1.295735853593854792e+00,5.566986082098189792e-01,1.702449138351925351e+00,1.389322440993814967e+00,1.106872481243136752e+00,1.376457023028160975e+00,9.682972755890608685e-01,1.509185757995071819e+00,1.617282332413551016e+00,8.103118631398917859e-01,1.170225554275132307e+00,6.613015075531371023e-01,7.074356186706202143e-01,6.870079340249231059e-01,9.542799409569544533e-01,4.870430053317088559e-01,4.407080002680729414e-01,6.443041232312345379e-01,7.763387689705513184e-01,7.583730832324377946e-01,6.683139746200489340e-01,9.724340506944141316e-01,6.126790006638436203e-01
4.544453926799963961e-01,8.824051206978936746e-01,1.517786291884200889e+00,1.576784826738544032e+00,1.107139733083028155e+00,6.260629021658594695e-01,5.997520629155793648e-01,6.240554706025255305e-01,8.886651270910130851e-01,8.597445598435518033e-01,1.393818841731259139e+00,1.523619713619354554e+00,1.209521357679738118e+00,1.263849975003614956e+00,6.772829610499839781e-01,5.164133266779987741e-01,1.405307890211500599e+00,1.073291731054227816e+00,1.281332339837924161e+00,6.179726686914743805e-01,1.104964253504273852e+00,1.086794183725886764e+00,9.811547100411615041e-01,1.331658439776258751e+00,7.479601622157416863e-01,1.344648488813318776e+00,1.576555768837446747e+00,1.168904589021233287e+00,1.196146318661368113e+00,1.515083466777448207e+00,1.401286282891427204e+00,8.380402526000862995e-01,4.549065256269199109e-01,5.475675309815002390e-01,1.224349634658622676e+00,5.408423310334135037e-01,7.257086462027876328e-01,6.849902442512059153e-01,1.327731060569181887e+00,4.791759885289544330e-01
1.409806176641007935e+00,7.786262023734003002e-01,1.360080342313818136e+00,6.642257328237894942e-01,1.210401658365064081e+00,7.296972752865577005e-01,7.801585689852542638e-01,1.346624215785387157e+00,1.634065935942802916e+00,7.822536830486602755e-01,7.439534409538443027e-01,7.805599913977369075e-01,5.311657385275350141e-01,5.983874835440036177e-01,1.193696119584177984e+00,4.306869490796074729e-01,7.000271822147791090e-01,1.049276526383456920e+00,7.020066081536654456e-01,7.334445497449281204e-01,1.159664591830700475e+00,7.780945131986546359e-01,6.905060165139920159e-01,1.414606826625810720e+00,6.152711398981484114e-01,1.288900230325757290e+00,1.036005500261652612e+00,8.545440592798736468e-01,1.317594960356429645e+00,1.632515281274628638e+00,1.692486219139669457e+00,1.091945732034403926e+00,1.216305765574151820e+00,1.349643462102019686e+00,1.524389646132438436e+00,7.348316820289091389e-01,8.198289616896891063e-01,9.809518930270630932e-01,8.356557032935453266e-01,9.971430626678686737e-01
1.386972558415721979e+00,8.067723507091757451e-01,1.474902207831978229e+00,6.990465430433115968e-01,7.537573041320038136e-01,6.361685870714116620e-01,9.074118330799896270e-01,1.281626340335228820e+00,1.751117777242793716e+00,1.526181172590525881e+00,7.334429087653703272e-01,6.774560785147288877e-01,1.018515577708457576e+00,8.194227844916388559e-01,4.948823607166463745e-01,5.800624731694351555e-01,8.473299592405302283e-01,6.018486641244782387e-01,6.030575339013456437e-01,9.659019059066893398e-01,8.426519322628365227e-01,1.034177732071986489e+00,6.715618732391908097e-01,5.138869478414073155e-01,9.009030878759609617e-01,1.598985317338207146e+00,1.104148891324725490e+00,1.340030403495921396e+00,6.838787807063245738e-01,9.780653754849235604e-01,1.212492714315296150e+00,9.915576897207497575e-01,8.501065641865134248e-01,1.484990844914769514e+00,1.311097508960066715e+00,1.562887072044522263e+00,9.477965910137716721e-01,7.379677696326052416e-01,1.668489936463187107e+00,1.489214621224819624e+00
1.512361477580829394e+00,1.253854285285948222e+00,1.416099227272150207e+00,1.850624983090986886e+00,6.526459813248103314e-01,1.702078725422013550e+00,1.467447675703029031e+00,1.414544662051597568e+00,1.473178845684853355e+00,1.327452254942621979e+00,1.423136883892330617e+00,6.513901797015299033e-01,1.175109042824145966e+00,9.148359056628998509e-01,1.427957596522711592e+00,1.289415186278356273e+00,7.109316372803045070e-01,9.023028601002758275e-01,1.273009988175717311e+00,6.603331303057732304e-01,9.603800357261101928e-01,1.289982000544121155e+00,7.184151737552846306e-01,7.791418053238965413e-01,6.378893742539659684e-01,5.903228802526683250e-01,6.618974238651015307e-01,5.480823809422368242e-01,8.670505042202335533e-01,1.049515951068253017e+00,1.228300009111072733e+00,1.500017607178269596e+00,7.979931668562962876e-01,6.894607043693991022e-01,1.150654283776725961e+00,9.483414428990111222e-01,1.219573654603469226e+00,5.860230340316016084e-01,5.462292318787105305e-01,9.338903436777126199e-01
1.576016846264004512e+00,5.570821294788315114e-01,1.318767638881684690e+00,1.439991975360635612e+00,7.949444550830756517e-01,6.153425810648203154e-01,1.537043515370535518e+00,1.571020808523976298e+00,7.439913605699232102e-01,1.327245999122037778e+00,1.427761877264881463e+00,6.867557724689853371e-01,1.005820861337232364e+00,9.296860892542824217e-01,1.156017184254114483e+00,1.114778668526771988e+00,1.534096053779314017e+00,8.498822866811864829e-01,7.019722836697694923e-01,1.057616019834727750e+00,6.346300547828601646e-01,7.482107367743214832e-01,7.734757463455487203e-01,6.706119607575345976e-01,4.995383497997655797e-01,5.284353970641555431e-01,1.412562847455292481e+00,1.405938982273526872e+00,7.884974041466258354e-01,7.004799966064805261e-01,7.127656589980394530e-01,1.070291899302586947e+00,1.502531827348847493e+00,7.911931176987070380e-01,8.258224241064683335e-01,6.431205134058090023e-01,1.616528000234358942e+00,8.162536730967210330e-01,1.522542966682563614e+00,1.024008090566972839e+00
1.062050022763483259e+00,7.238599956451804429e-01,6.636346037435838507e-01,7.766325880985887053e-01,1.311098825752775587e+00,1.257757354987894427e+00,8.048038718855766716e-01,1.085061379982142471e+00,5.593695407144350096e-01,7.497667251240598407e-01,9.048089972921135038e-01,9.147255055299986504e-01,1.107522554519107638e+00,8.862431743941110440e-01,9.900114595662229400e-01,1.327359966716641582e+00,1.677895060077938538e+00,7.534585295247691050e-01,7.180918996006067090e-01,6.767192518535570800e-01,1.275519471683466133e+00,1.284720402467744993e+00,1.615627800085430943e+00,7.051548885329387284e-01,1.237406256817437544e+00,6.577490556467610050e-01,1.248047085804940393e+00,8.726352280808492567e-01,8.399223402069403432e-01,1.358569231573485414e+00,1.126659178410232443e+00,6.408608495718018938e-01,1.033441968776977804e+00,6.355987271541019279e-01,5.098702484147000780e-01,5.883140821195095294e-01,1.427125740889461536e+00,1.302793539580109128e+00,1.331528499947904010e+00,1.675213975553509815e+00
7.523865413247765588e-01,1.182984155703920903e+00,1.277805583794418887e+00,1.292645639258217960e+00,1.685347467470808880e+00,1.197540081826564684e+00,1.394964508073723852e+00,1.413252009225516970e+00,4.807105551975653368e-01,1.164963768602583771e+00,1.250517375907927553e+00,1.023947700788224946e+00,1.498355071513583159e+00,6.511052955884536475e-01,1.240900443772757766e+00,7.036135831753358438e-01,1.345402163484345603e+00,1.711588750920979063e+00,1.060006219318733844e+00,1.615569951317022968e+00,1.133208253461944759e+00,1.035617871709527682e+00,1.035182135423756478e+00,7.884812523024414821e-01,1.240281318322987270e+00,1.374772402088213719e+00,9.240909842914157846e-01,1.028174425944788695e+00,8.975053888832765780e-01,1.501583353419776223e+00,1.146750314890807809e+00,6.160044793955352649e-01,7.609762932482796449e-01,1.043552946216880883e+00,9.164173487217511793e-01,7.996703368967941206e-01,1.529222747548454997e+00,9.560924446908591889e-01,1.496358976750637781e+00,1.589942569746906731e+00
1.584929558572649277e+00,1.549849644083817868e+00,1.583543054109311843e+00,1.069656975138674859e+00,1.636195880140767001e+00,1.646850448811429946e+00,1.227259077601782433e+00,4.435409480729143317e-01,5.446146253209790400e-01,8.784344622085220600e-01,6.363704780747724277e-01,1.242449365656370430e+00,1.474129202009891282e+00,1.566286205745785143e+00,1.572985787224426391e+00,1.168106306766939273e+00,1.801750221419402997e+00,1.291022643139750459e+00,6.619860233939445227e-01,9.156667699253684400e-01,8.819314695614173250e-01,8.172875495129858781e-01,1.712918918069012086e+00,1.201571459925802499e+00,1.232468349984057410e+00,1.914037035542050624e+00,7.911189545033386894e-01,1.182906101714031211e+00,1.051871255670528527e+00,8.602118496584434393e-01,1.542442678314258409e+00,7.489846929111584339e-01,1.336216919419235927e+00,7.613924115092420841e-01,7.257987840098301113e-01,1.213458958139517652e+00,7.820879351795769763e-01,9.338874731473715274e-01,9.383431998119695638e-01,1.150442075803919773e+00
7.616284287643221296e-01,8.307849523709928130e-01,1.413421108241018853e+00,9.336882103384345211e-01,6.338068124686992988e-01,1.143683823595877502e+00,1.344780162168502269e+00,3.790641361262755415e-01,5.210282859938529798e-01,1.281698044587985752e+00,1.197378366260033244e+00,9.210057562899268691e-01,1.644638391699324353e+00,1.546001836938760921e+00,1.024109627592393545e+00,1.465669518484180589e+00,8.153883572417637282e-01,8.376017489777463076e-01,9.582909220777772186e-01,1.325127812432397967e+00,6.220517823041395999e-01,1.747141063902102998e+00,1.735656736040604331e+00,1.394757202860611223e+00,1.457384605009634404e+00,1.780821511728347017e+00,6.747851525588107746e-01,9.223838751947619485e-01,1.053875067304332225e+00,7.605196895691436199e-01,1.148207436530849890e+00,1.603064265354412488e+00,1.700348966267534401e+00,1.456765961115684682e+00,6.098567817423653503e-01,7.829653649051734332e-01,1.268813804877136686e+00,1.075600122409251513e+00,1.416164661349302412e+00,1.504559016532220239e+00
7.607289874975634580e-01,5.371996866591769448e-01,5.451554214055149838e-01,7.498613080929106278e-01,9.698059316774567673e-01,1.040198362253930364e+00,1.132272179522642030e+00,7.747764743178447988e-01,6.244813644055896562e-01,8.401457173057613748e-01,1.201071559796656141e+00,9.259497236122138375e-01,9.364759506756392682e-01,1.283216137287686021e+00,8.729496879616069904e-01,1.348097305826085668e+00,6.357509707691278988e-01,7.903448394926145815e-01,6.703972468642204197e-01,1.463114422996638186e+00,7.173906805505698703e-01,7.548054339028600346e-01,9.019832069389862594e-01,6.992252404880949790e-01,9.356442676429076455e-01,1.016442769776185751e+00,1.123987268130888673e+00,5.448327392941529901e-01,5.592325128664743517e-01,9.136050565489247655e-01,1.183956480540597545e+00,1.748873884215525587e+00,1.772519980363959524e+00,1.435820877603452894e+00,9.363725657765652466e-01,1.005364179041694506e+00,1.250814199214666411e+00,1.241868020366639236e+00,1.416725806356697204e+00,1.340985261072670021e+00
1.047253912350701421e+00,6.516404968381560581e-01,6.994237939731824394e-01,1.005387854850926299e+00,1.493926126428824386e+00,6.834067092944884347e-01,7.805896750055522082e-01,7.252027157626490528e-01,8.121880369063450011e-01,8.443100787740845936e-01,1.546466067517419551e+00,7.997200015727924383e-01,1.457648553585019879e+00,1.098004634535325597e+00,1.202467642494165601e+00,6.388709189293197976e-01,5.851179357203100118e-01,8.152713595126688251e-01,1.297815608194088810e+00,1.598824530100159791e+00,1.248105723656577348e+00,5.782731979153911128e-01,4.851191805775706412e-01,6.639913445507176215e-01,1.118476727715021157e+00,7.144548413202005399e-01,1.176499011530447003e+00,5.377437661735714469e-01,8.434780099207590531e-01,6.693664900361239178e-01,1.438412690925271464e+00,1.661058703916117985e+00,1.168909541561373056e+00,7.061211974029534266e-01,7.876670864302376396e-01,8.317278610641113401e-01,6.847287436570591579e-01,8.857689303156243144e-01,1.458838792021730280e+00,1.454215350261120365e+00
6.545839850549136640e-01,9.983441479561262488e-01,7.535385232034456093e-01,9.858596411546223237e-01,1.318669259070424316e+00,1.478107833829396700e+00,1.053604753892655177e+00,5.000808203816738962e-01,7.004952840270327608e-01,1.246263781684565419e+00,6.681308611478893322e-01,4.820034825226054975e-01,8.240377722536348370e-01,1.648651259088671939e+00,6.489103529869100218e-01,5.052469446539253894e-01,5.553268325336471190e-01,1.170831058608704733e+00,7.835991734137676135e-01,6.768557967938652054e-01,9.679490043342267036e-01,1.185674330623132766e+00,1.080247196412315258e+00,7.193201457423786804e-01,9.058979359482508542e-01,5.903148361777714737e-01,7.523620740896403980e-01,4.658446282429035135e-01,8.689908908764329976e-01,1.163993693082485459e+00,7.436625566061147996e-01,7.997221243415163494e-01,6.644582361986455243e-01,4.611322124116886134e-01,8.879131280820163896e-01,1.640985623136240745e+00,1.167276755237027785e+00,7.079771867499757843e-01,9.939988410269466890e-01,6.585991655561775904e-01
6.098432306635743760e-01,6.864854320752489247e-01,1.404535636848727842e+00,9.213724297779704031e-01,9.906228041036835297e-01,1.350675520024390286e+00,5.727618154279328078e-01,4.891487649658823877e-01,6.417316581286715005e-01,1.446551681640435127e+00,5.143230742630748864e-01,1.233438681312523322e+00,1.030918044261199817e+00,1.189729930289116888e+00,8.688527008882632741e-01,8.587307819751582860e-01,4.584588683880718718e-01,1.312699179392320392e+00,1.449773691080962656e+00,6.519523758610136221e-01,8.972233371118667478e-01,1.611279184571448031e+00,1.495548039724395206e+00,6.560246893320638151e-01,7.035103223174007381e-01,1.110071732244255038e+00,1.422797744965396127e+00,9.130518184218241462e-01,1.536516897951243799e+00,7.195472474791808626e-01,6.792414730631206599e-01,1.145476985574381379e+00,1.319303340804928837e+00,4.441350784332954715e-01,9.508715005754150296e-01,6.909308146116258653e-01,7.979925696433783910e-01,1.088685069939717698e+00,5.591962191903444568e-01,1.026776770092723057e+00
1.392042511628007961e+00,1.901836518352153726e+00,1.651784949858461360e+00,8.267893893475154465e-01,5.434678917483900529e-01,1.705185063546781565e+00,1.421261030132338954e+00,9.782857321308158216e-01,6.253875772249580800e-01,5.560256894867117161e-01,9.199825395837292197e-01,1.271360120518528536e+00,1.660052595750327376e+00,9.050045887810038714e-01,1.644670988540284373e+00,7.959087410037117838e-01,4.116008555805673041e-01,7.552703333592415413e-01,1.526335646923450584e+00,1.478822344162428859e+00,1.215651695003233668e+00,1.340574629468693990e+00,7.916071265187332173e-01,1.349646123766800043e+00,1.187226595012249586e+00,9.175028033574613717e-01,5.927339941703401172e-01,6.198141612970744507e-01,1.415737614605951933e+00,1.887680650218666045e+00,1.160158157796396194e+00,7.377255322339402177e-01,1.351669569752628863e+00,7.440115669883419214e-01,1.396155253412056707e+00,1.338418164520181364e+00,8.037431191372806927e-01,9.038746304741798188e-01,7.162199880541186836e-01,1.514520897196681926e+00
1.288430632349447436e+00,7.538071908404703203e-01,6.768602689455162080e-01,7.105922789366384551e-01,6.461227358725089021e-01,1.352666506583283912e+00,1.426259176945600560e+00,6.195846709642437444e-01,9.365792061300812765e-01,7.060232296203683422e-01,1.601165753600952479e+00,8.203460709974633724e-01,1.345833693980500900e+00,9.107810349690556029e-01,7.443043233259329927e-01,6.459080608149398994e-01,9.702444245420178692e-01,1.188345249988575603e+00,8.847764028280590276e-01,7.737519608703428142e-01,8.915141840988578537e-01,6.647964191142572421e-01,6.081791989223073180e-01,7.387296944577335100e-01,7.614921871925656172e-01,1.497082894025639099e+00,1.306683281181992395e+00,1.192778608230058435e+00,1.079287142187948634e+00,7.121152271558391922e-01,9.099891139079835378e-01,5.133903152421981364e-01,5.631544761305583569e-01,9.031341686058373952e-01,1.445571298201824062e+00,1.468397677376832577e+00,7.486398512263690019e-01,1.786429621990424099e+00,1.293201420412070313e+00,1.446945055971793348e+00
1.836114925526495911e+00,5.492880547062526375e-01,1.412378876874440525e+00,8.454843964579621396e-01,7.893845251189531842e-01,8.741875419313224205e-01,9.422048556634220473e-01,6.121080901059853252e-01,8.673959420595813707e-01,1.330773294882883206e+00,7.735032292115946451e-01,6.354820984748706936e-01,1.558953455283579093e+00,1.077609528296659347e+00,1.213979182203948737e+00,1.444758578554846240e+00,1.523202136153359865e+00,1.094712185527951354e+00,8.608168383388155043e-01,1.067745814714175845e+00,6.019491515698085493e-01,1.285850670089845771e+00,8.064909530527565318e-01,1.270747319385439056e+00,1.389492431038052755e+00,1.515900805098528314e+00,8.961870078382102589e-01,1.770984917018175064e+00,1.324387960795633701e+00,1.185972667392568791e+00,1.471881408411684466e+00,1.360591263235455095e+00,1.288613792615910691e+00,1.353700818754655089e+00,1.321782424086192620e+00,8.732934218401223747e-01,7.867446981544425899e-01,1.665188605841638969e+00,9.131865876168386853e-01,2.026312275921453132e+00
6.247243534028579237e-01,5.416701042304977731e-01,1.343150653828191210e+00,8.389685287133634706e-01,1.105632033383271651e+00,6.281148056077970887e-01,1.147996704356431863e+00,1.422207472317009724e+00,8.983493608516629481e-01,7.678935776549995484e-01,1.486252885315204386e+00,1.045678316207005576e+00,6.983080158079392197e-01,8.857096923477261186e-01,7.687084376776295302e-01,7.124109530150722902e-01,5.024667116554482060e-01,7.851807195861307820e-01,7.644096610298561911e-01,6.829241139690988005e-01,6.104775862498204031e-01,9.608014430061677658e-01,1.455418574238499518e+00,1.154177765343146644e+00,1.553906591418307226e+00,1.540470262641104870e+00,1.130617596615744347e+00,1.153482877588682953e+00,1.311534278844751933e+00,9.843011383493702748e-01,5.095519660802159123e-01,9.224544423117018166e-01,1.212176015665662021e+00,1.810116329898360465e+00,9.264621220121290746e-01,1.159606025256559425e+00,9.606854008155473190e-01,1.339531017471279561e+00,1.361874633912678823e+00,1.454721660825089025e+00
6.485655129815912634e-01,9.847210519667015660e-01,8.345655438173346097e-01,1.024368437401242504e+00,7.319516850213553250e-01,4.926486339231019307e-01,6.622691149714721170e-01,6.633639581676432639e-01,7.824313791241440663e-01,3.903408906156930480e-01,5.454625239933905689e-01,6.161559780865035751e-01,6.861119045395012161e-01,1.466636394811366539e+00,6.113286799791359805e-01,1.338900345705145378e+00,1.420856939810793085e+00,1.247249217474053040e+00,9.101179826007834706e-01,5.433360892304820444e-01,8.476724403825838250e-01,9.958299158286093578e-01,8.523515926220645023e-01,5.948179314173418497e-01,1.462610582217551913e+00,8.003714684485526698e-01,8.047266496233422828e-01,1.360406530603019082e+00,7.939245610051727242e-01,1.290125191755951306e+00,1.121590598238314973e+00,7.560003145487200760e-01,6.851147391554600619e-01,1.375651796332341359e+00,1.457088341103460971e+00,1.529507337507578946e+00,1.284714708553918561e+00,8.695057159057687501e-01,1.169996083480754345e+00,1.612911338189349841e+00
1.321189338137632507e+00,1.328072119722829569e+00,1.390731726318466865e+00,8.648811946093553082e-01,7.771179663627919565e-01,7.142539533013787523e-01,1.361433737804343957e+00,1.629484115289557389e+00,1.243433268108723011e+00,9.897256104234040119e-01,1.420624892148806939e+00,6.957292011204010418e-01,1.105921912129574469e+00,7.684450265825685245e-01,1.416117968702133023e+00,1.096807470275743990e+00,5.317508519520974808e-01,5.797879374628709392e-01,7.887194171091294059e-01,9.992591059358023609e-01,8.845288676300896435e-01,1.410254818649971487e+00,8.681573530573354347e-01,6.632566306817391233e-01,1.722314179146404722e+00,9.264365589208876095e-01,1.070067867309585141e+00,5.357845020050296947e-01,1.399966450756449099e+00,1.678663509254011643e+00,1.752242114242098969e+00,1.370806793678016167e+00,9.226876174082719873e-01,8.340266746108142559e-01,8.010176781190769812e-01,1.456531185654365457e+00,8.844400270064957104e-01,1.347813210772983883e+00,9.801181505153818696e-01,9.111610305345309024e-01
1.021733526839623041e+00,8.458085893313949111e-01,1.367562131579131091e+00,8.205339228646397753e-01,1.360633105740779669e+00,8.640803784616452043e-01,1.001398379704400599e+00,1.432379728664667784e+00,1.250188655868905485e+00,1.162417179697719405e+00,5.036375253746295799e-01,7.980687686354291932e-01,1.104450045067468578e+00,8.544920602101342411e-01,1.504328142523498668e+00,5.778414607664181801e-01,1.215881961873532147e+00,1.276460414741497296e+00,7.956461946437944910e-01,5.169118100395507787e-01,1.266776345766410738e+00,5.473128914752057872e-01,5.281177967449912636e-01,9.536114030173951095e-01,1.669543539019898493e+00,1.200157850025721284e+00,5.056865654964155521e-01,5.479695028258250167e-01,1.412346361550496976e+00,1.271859680157916950e+00,1.842868028488424237e+00,6.676140425783581023e-01,7.207178381073234830e-01,6.531049403405779774e-01,1.247585365902429411e+00,9.879007807921599271e-01,9.826336239484032564e-01,1.513289613489139152e+00,1.973544952824061394e+00,9.392848425143823787e-01
7.320425407145809693e-01,9.212743707454689179e-01,8.806592381501968658e-01,8.870081499609482334e-01,1.292560084552309529e+00,7.495093511123233077e-01,7.981616097791298658e-01,9.083230228094341108e-01,1.496011200882004344e+00,6.781588666212495786e-01,1.133680302901189485e+00,5.094359382790020208e-01,1.035884313580053284e+00,7.392040374371269262e-01,9.629525916202148483e-01,5.412689469857038249e-01,7.032680925587546650e-01,1.856850440488463594e+00,1.642535637938324689e+00,4.545083016463384307e-01,4.869720498986539470e-01,8.138400422411666835e-01,5.183182331946595278e-01,1.151208907625761002e+00,6.600838196079136244e-01,1.390400479675564460e+00,9.226658240212884943e-01,1.013777543879987419e+00,5.146518506161337214e-01,1.127815042880907948e+00,1.231892381022754224e+00,8.703206230445207359e-01,8.465253081718540074e-01,1.025559353708924926e+00,7.217608069087746436e-01,1.787360822791472792e+00,1.234292462405125468e+00,6.361921823240669349e-01,8.412270984213932046e-01,1.033148404659947506e+00
7.219769634418922166e-01,7.766690799302528037e-01,1.909255543382590403e+00,1.523342165638538415e+00,8.979962850687104314e-01,7.058589666186493305e-01,1.154740885391307925e+00,9.997059984181478898e-01,9.680816594392908092e-01,5.248464889676051071e-01,5.145335460880119394e-01,4.743888627051637275e-01,1.343360258922091655e+00,1.314397462833854835e+00,9.699914980583190793e-01,9.159216196774090379e-01,7.024251031376941290e-01,1.292439162583714385e+00,6.095447001637552820e-01,7.420703003897219929e-01,7.778558113397349150e-01,5.291495850443878046e-01,7.734231815024341650e-01,6.377327480066748988e-01,7.891875775468552012e-01,8.695118112005170152e-01,1.053520274612179231e+00,4.718273970667187789e-01,4.921338434815645813e-01,7.881681343555383412e-01,9.249698903674931083e-01,8.704815032477467573e-01,1.185831917155318438e+00,9.914315376374868150e-01,9.341042630337549335e-01,1.861754930403695329e+00,1.358398220763447073e+00,1.314032738514596010e+00,8.626376781356444035e-01,6.302398913991488216e-01
1.453675444231046443e+00,1.293727328658802911e+00,7.461703040913396645e-01,1.789693297403768701e+00,1.622577873767464540e+00,8.799429354712424711e-01,9.330381696204190778e-01,9.368227808112788990e-01,5.499993172252404250e-01,1.072718223589250064e+00,6.967828378099748532e-01,4.724988074658983406e-01,7.281886647523113654e-01,7.892198750689832787e-01,6.358667996903952790e-01,1.465656614204967623e+00,1.435687738513697465e+00,1.251003038518591071e+00,4.188876970193050608e-01,6.033629140112868328e-01,1.031797932203377899e+00,1.032617300919488112e+00,5.522027634994923773e-01,1.362209452766437012e+00,8.948780312761281941e-01,1.129470692756682437e+00,7.284654762927750271e-01,4.982891635802914609e-01,1.191386306001408490e+00,7.219839873486748605e-01,5.991780751056740018e-01,7.128417690234521986e-01,1.367472473454205639e+00,6.711872088033420392e-01,9.980621711634791726e-01,7.845654111999540437e-01,6.615701257923527479e-01,5.596860896446897993e-01,7.623404774163573538e-01,1.631927634886834122e+00
8.662020165267246830e-01,1.123888867775696188e+00,1.422531945498249906e+00,9.523588511508854770e-01,1.221013410324754966e+00,1.005990375229208089e+00,9.983061944017908029e-01,1.351670171917737528e+00,1.300512286343207036e+00,8.489720637839364148e-01,1.424237943751254676e+00,1.579073457408826542e+00,1.021884668094670490e+00,7.318951320680379125e-01,1.105895855120560212e+00,8.107081540663685360e-01,1.366696629451594092e+00,1.186301696303676545e+00,5.022491790150789281e-01,4.168422022904558766e-01,7.950065088223956522e-01,1.009675517424829527e+00,9.867079685391345611e-01,7.687812266342057832e-01,7.162270282480958095e-01,6.762825350349003228e-01,1.054869486003654711e+00,5.033297240799078365e-01,6.725036802001794767e-01,1.538853889692583188e+00,1.800998633413109840e+00,6.559013937355070434e-01,1.143197752484863328e+00,5.924508106908698002e-01,6.426198563312146561e-01,1.646710407942329812e+00,1.516662072316124155e+00,1.076441507131594255e+00,8.938980896341436333e-01,1.012398599263489629e+00
8.918016723349848629e-01,1.209184019174445179e+00,1.328013800915427645e+00,1.652205581589590633e+00,1.408220394086109772e+00,1.360270475602212370e+00,1.167465791584137103e+00,8.247042181535357841e-01,7.983593917194621303e-01,8.495871152596647935e-01,8.573617467247212076e-01,1.455379839811135945e+00,8.869521085814195960e-01,1.203139294802914705e+00,1.468222692155683795e+00,1.668614009227672668e+00,8.445258362452817691e-01,7.017215616420621194e-01,7.668258600947993608e-01,7.837465919102720724e-01,8.635265675316986522e-01,1.312761275124231464e+00,7.135412511006815617e-01,8.558452784132489777e-01,1.499326130857378869e+00,9.800129470822126487e-01,1.105002575594571379e+00,7.446949009206393910e-01,9.274095438438696437e-01,1.809658126279566126e+00,1.777836424648432168e+00,6.959788847271201062e-01,8.830068930637587910e-01,5.461147320940598071e-01,9.781602479697406594e-01,1.327059377222066239e+00,6.309409217586746665e-01,1.324558977523260017e+00,1.137758366418807121e+00,8.183598283951865060e-01
5.005542772835567256e-01,4.591321860530508392e-01,9.081538754587100692e-01,9.741438801505637457e-01,1.132745926961784333e+00,1.288011409295587439e+00,1.350394657405694865e+00,1.342702454402926682e+00,1.308133060665692238e+00,9.438159791940702315e-01,1.450828604039372083e+00,8.010561665160134126e-01,1.074010094052618047e+00,8.944430759054303737e-01,1.151303245371351203e+00,1.198285286967275098e+00,8.001634006600646387e-01,1.249605389549128587e+00,8.281953340221631654e-01,1.069025588885735845e+00,1.183746389154124001e+00,1.253004157425375853e+00,6.775024416132434668e-01,6.213835676683406861e-01,1.124158441867780356e+00,1.491124736453013355e+00,9.850662073743677860e-01,1.080460695110244673e+00,1.274417754945022185e+00,5.926789450964825567e-01,5.183033159306007498e-01,6.262765303204084200e-01,9.364145551596143591e-01,5.735143994684369639e-01,1.360133304469980153e+00,9.084732980168868099e-01,1.434926855265117096e+00,1.153513282240029580e+00,9.145609936294447628e-01,5.678641328579168146e-01
1.404198196511353469e+00,4.423886203232409442e-01,1.369519917183837476e+00,9.184182863720677936e-01,1.383522735279419713e+00,9.318728240446965128e-01,5.378059570970086245e-01,5.182235153428174090e-01,8.393796593552916852e-01,1.396174745970297115e+00,6.201755910446130615e-01,7.930994017649680705e-01,1.209199039086070293e+00,1.315314841974272841e+00,1.004263956033289329e+00,7.535025243443655985e-01,1.219458413770169170e+00,9.427362243452648283e-01,1.163025806407293583e+00,5.980393338560339167e-01,9.605813113851184859e-01,1.060599267525152323e+00,1.363872888112055870e+00,7.009213740680185767e-01,8.328571596051194126e-01,1.192856024994241038e+00,1.417429714649742545e+00,8.745556687179733002e-01,1.477789587348852463e+00,1.212431126165449680e+00,8.780120435053101469e-01,1.188259556018973040e+00,1.315441841880002460e+00,1.406635151235850589e+00,1.515265601663825068e+00,1.716830581367282837e+00,1.070402743798204659e+00,1.164461844157554049e+00,5.588390847264508299e-01,1.229486625177976800e+00
1.039112341104830639e+00,4.774520192005504149e-01,1.192709129188884498e+00,7.957397277717650486e-01,1.179322039161065261e+00,8.347347237382372054e-01,8.857283526150209196e-01,1.250533543729475117e+00,1.219494328841442599e+00,7.238820445638677326e-01,7.752168833079569055e-01,9.202439315922572582e-01,1.060202969450988464e+00,1.223753195090938162e+00,4.714075886449421993e-01,6.035989022389978143e-01,5.193637036850748956e-01,5.293749803747237470e-01,6.739910907752679758e-01,4.324297964689607920e-01,5.103840756434372405e-01,1.377417892980851155e+00,6.535231870248344732e-01,5.324053420242212953e-01,1.134311466132765789e+00,5.758494897432455684e-01,7.547429517407637789e-01,5.555884499481531513e-01,1.371780462052770044e+00,6.662254558602297427e-01,1.156099734108147814e+00,7.685964363124603294e-01,6.549351424891934892e-01,7.896783756540188826e-01,6.997449260629600154e-01,1.755345430539875240e+00,1.879264555741430254e+00,1.192961880871808766e+00,6.650490611825781162e-01,1.771926357356851334e+00
9.380114514495003775e-01,6.727097459177175942e-01,7.399575131693580943e-01,1.075534075852775162e+00,8.149590529945527351e-01,6.178122537062219477e-01,1.509185349689919242e+00,1.660191173575408685e+00,6.747820566596031133e-01,7.833955276351000085e-01,8.439533116080116804e-01,6.127094549500953224e-01,1.605902589110124179e+00,1.314430623119326347e+00,9.382786605030082328e-01,9.577014851072440660e-01,5.653488456288349173e-01,1.242824877759271196e+00,6.981768581685718900e-01,4.437466722101330308e-01,7.040561358762422728e-01,1.229109607149640793e+00,5.365284162288541658e-01,6.820300499528375582e-01,6.631130976374316477e-01,1.056333825316799979e+00,1.242051447868751657e+00,5.715975760186917665e-01,1.204238315511372948e+00,6.918069042065735363e-01,1.170595939441294142e+00,1.377410921544515832e+00,6.534221426251062281e-01,5.813985086107900102e-01,8.978447496225552271e-01,9.797359574907155144e-01,6.588549357453108435e-01,1.267198191403043683e+00,1.275999607751984399e+00,1.724288023434380035e+00
9.903560044613354263e-01,6.991007650121683348e-01,8.158669080127866069e-01,7.067365302959863760e-01,1.284753011942751488e+00,7.610102554442751410e-01,1.482892061691963415e+00,1.621195929888532117e+00,5.482755907692842268e-01,5.655700634452867082e-01,1.713328971513367938e+00,1.215519950633135782e+00,1.526730532160124332e+00,1.494685707241889983e+00,1.509978279964160341e+00,1.110360636054455785e+00,6.871736680876120440e-01,5.139924466296197370e-01,5.039660296431950348e-01,1.009874044360845158e+00,6.675760391942512362e-01,7.050584926477723169e-01,5.917215153250861004e-01,1.085671616146760332e+00,8.707962025246959170e-01,1.386266318304773648e+00,1.676355254288462771e+00,1.345372050883944848e+00,5.499893024552927612e-01,1.256470464540011323e+00,7.401088920549463435e-01,8.150476373688254617e-01,1.020973042240718609e+00,9.527655536601966624e-01,9.502029686084964011e-01,1.362373755119580254e+00,1.689863761600869374e+00,1.446424741217117615e+00,7.009577223933263213e-01,8.232703919028302453e-01
