1.159355488671591994e+00,1.111782791992269592e+00,1.184547170930071891e+00,7.497857979977324838e-01,1.491954567647611807e+00,1.373462965193755547e+00,6.418977370781396852e-01,5.482674341514264249e-01,5.087122506971756275e-01,7.038690990104378153e-01,1.693062379119068428e+00,1.100663870027626334e+00,1.216550380955127464e+00,8.493167597116888512e-01,9.346941430245195859e-01,1.842225291170449974e+00,1.660479464819749174e+00,8.136291506505597404e-01,6.370087575429635995e-01,5.628554078235058489e-01,5.105960744842511501e-01,1.385131166577283190e+00,1.399626102837852937e+00,6.901681397297229070e-01,1.113759852859523392e+00,6.742489000016936851e-01,1.327984521023002573e+00,6.232292254244977681e-01,1.068245145223020609e+00,7.237242169150400750e-01,1.349675875849881024e+00,6.217995239151019593e-01,7.955711791396592458e-01,1.081158547867439035e+00,7.698787187499568363e-01,1.089658564991628387e+00,8.082905858302502633e-01,1.101508169449475050e+00,9.168350546997217076e-01,9.901741561801703506e-01
1.335833734700921704e+00,6.587782903364116649e-01,1.404894492740897061e+00,7.317515626688299024e-01,8.727285124661534610e-01,1.190716526712766843e+00,1.407682854020449792e+00,5.226312567030280132e-01,9.340684303126560728e-01,1.626244532047373959e+00,1.342090957991999733e+00,6.968610862812162354e-01,5.279386751000322286e-01,6.280257266883358946e-01,1.089834488259090906e+00,1.129859191485688141e+00,1.318902003336543061e+00,9.487280496207562974e-01,7.027400846900114795e-01,1.052245672892427431e+00,5.792493641244953473e-01,7.653153341800414955e-01,6.623691013948599382e-01,6.009693569181200345e-01,1.591922504393129545e+00,1.559850370813876674e+00,1.134360356954330129e+00,1.365666695235596473e+00,1.890581114929715811e+00,1.525410684315672283e+00,1.012021695832979074e+00,1.273139618172604237e+00,5.535043681839383334e-01,1.478912216169311789e+00,1.394205661149014563e+00,9.146114497012447497e-01,1.015766787174136265e+00,6.747026091607633003e-01,1.363721142156044452e+00,1.116483360515851952e+00
1.053878448238480425e+00,7.793292838399626943e-01,1.268044101816375058e+00,5.621972596281267220e-01,6.613295509885410706e-01,4.495236784186406043e-01,1.508329722926114780e+00,1.549949680231988092e+00,1.401424114342186389e+00,1.189647804016083610e+00,8.876314759813800359e-01,9.639718078897404618e-01,9.632539623496616521e-01,1.484078235556995473e+00,7.868230237721225429e-01,1.358040854884908999e+00,1.490944966216499967e+00,5.418489584372092605e-01,6.543567957476490449e-01,8.106887882003596113e-01,1.240824086061120157e+00,7.737406950568632702e-01,1.097688844664850505e+00,1.106091369271024805e+00,1.327209411010895401e+00,9.462965232131649307e-01,8.189241393804365110e-01,8.798480864103433996e-01,1.059214347655375699e+00,9.025542174591874023e-01,1.482436899162564714e+00,9.995021217619136644e-01,1.226417095641888944e+00,1.777194894948878723e+00,1.870180198100976909e+00,1.298752872481050202e+00,1.415069799480154655e+00,1.080577440376992548e+00,5.584938133298420482e-01,8.110801726649148335e-01
9.868433406290360033e-01,8.102468369706485873e-01,6.469818907876255798e-01,5.790231814233676166e-01,6.438106425535160549e-01,5.165961013532613944e-01,5.546955975359624258e-01,8.080097332494302620e-01,7.636889318330544185e-01,6.669770943466649671e-01,1.035000106520312713e+00,1.184490644297595985e+00,1.148342947803686842e+00,1.496935804442029117e+00,1.229485279271199660e+00,1.332779497047416495e+00,1.758466978500577316e+00,1.185839993514015145e+00,7.639802714011060258e-01,5.486141946713140038e-01,7.098860519692971049e-01,1.481287603871789260e+00,1.313391235708338822e+00,9.228243192724122634e-01,1.167923335272389673e+00,1.556593188901016056e+00,1.675159660468821921e+00,1.208799323811224236e+00,6.740238273035027428e-01,5.847500158667380266e-01,1.168322161531550440e+00,1.231146143321086184e+00,1.056470816271222635e+00,1.068776547555381651e+00,1.433859101422942484e+00,1.495981815898820066e+00,1.280574097230315012e+00,6.893536473551962196e-01,1.200014144975959152e+00,6.817584331290024169e-01
9.857292685788676678e-01,1.625638727932952721e+00,1.016339822281892236e+00,1.076343391417835971e+00,7.804765461715086339e-01,1.686786331848694864e+00,4.172419768905767379e-01,6.060131292689850957e-01,4.657937501862434160e-01,5.485798790220152155e-01,1.220319339463499242e+00,1.487152888902957049e+00,7.210801369812798178e-01,6.104664175857903441e-01,7.772725960211502860e-01,1.276221964626087058e+00,1.519025321330055300e+00,7.261010987136881090e-01,4.828713558113024717e-01,4.375136073958312832e-01,5.056937350120419561e-01,1.206811866160139468e+00,8.112698176493828850e-01,1.097174747698128838e+00,8.965485898921284891e-01,7.352771428157778288e-01,6.892884538984632714e-01,6.784385238779975236e-01,6.167578381247341701e-01,1.555857772781924719e+00,9.156046766355223632e-01,1.292159411019136783e+00,4.875357414131979428e-01,4.589781094801173578e-01,4.566669625358583673e-01,1.745157044932449164e+00,1.525876648338575281e+00,1.141897754989311675e+00,5.507988408715626116e-01,4.407154600747273387e-01
1.133936831490091057e+00,7.680010059544586376e-01,1.513446681207465394e+00,7.555928644842907493e-01,6.246160041620701930e-01,1.620990222981225637e+00,4.988478994607681294e-01,1.490749664708705291e+00,1.355862544675432879e+00,8.699085226873447541e-01,5.677732446910250808e-01,5.754351233339419780e-01,4.542292517574652577e-01,8.769669884355835165e-01,1.157944428470864429e+00,9.049356497242792008e-01,6.517074803769924429e-01,5.460491144521721907e-01,4.538229694244125256e-01,8.111077378474037536e-01,1.330016843847375618e+00,4.713841627900926534e-01,5.471269940481955363e-01,6.559045666981885292e-01,6.386349340645518513e-01,6.395148978025779751e-01,1.062406531168839985e+00,6.437203089116884103e-01,7.897332890308955688e-01,1.470011082750409814e+00,5.955862145624971626e-01,7.148544683085336082e-01,1.608616100531030435e+00,1.171985433778017560e+00,4.857886940902674255e-01,1.620673707361627747e+00,1.187755831444099686e+00,8.167055001482051990e-01,1.212326870842285631e+00,8.587605883911976212e-01
1.188399081469474261e+00,1.491964163765251206e+00,7.536001887657814979e-01,8.021787297563616193e-01,6.151182669764007072e-01,1.464023981936646734e+00,7.161212867964285023e-01,7.138604311051135465e-01,6.297386603634854696e-01,1.007332707623162404e+00,8.472380391813346678e-01,9.711384363564471434e-01,5.752403630984310734e-01,1.130615768491746387e+00,1.060553570608689933e+00,8.925290152723164283e-01,6.405065934798108707e-01,9.588239009572240290e-01,1.370366733024127370e+00,1.408135015364375908e+00,1.015325584553899096e+00,5.323746001062626965e-01,8.047259634658288086e-01,6.852613744732005685e-01,1.156597431037667212e+00,8.820169845225726002e-01,1.069194297392696003e+00,1.247667936037398118e+00,7.550473200335725554e-01,6.200911807017519539e-01,8.349781511091002306e-01,8.098708714676201570e-01,7.815339581705157412e-01,7.652536472008525381e-01,1.530719650356700656e+00,9.415467937499536477e-01,8.543621528039637703e-01,9.922247222741351624e-01,1.004448632320213752e+00,6.581348671622099245e-01
1.422164847994831227e+00,8.197406399534081789e-01,9.661217096011038841e-01,1.437424233549120078e+00,1.482191141036916626e+00,7.675454094269691385e-01,1.701117801245920491e+00,1.059182464473556129e+00,7.528161439784649689e-01,6.141445287823815713e-01,5.788340008125579805e-01,5.562446426051667059e-01,6.915790632907776736e-01,1.302297055258859304e+00,5.728245165166656605e-01,1.478603034467292465e+00,1.382628249308047952e+00,7.579034020757096091e-01,8.540268606002034968e-01,7.618978331319254949e-01,5.852340111840818038e-01,1.398912247798785424e+00,4.422759180059291917e-01,4.603928975890526631e-01,1.075709638629280152e+00,6.467308753797754717e-01,1.536044507553267602e+00,6.599818965329168341e-01,1.518893945189821792e+00,5.954266955325957511e-01,8.863189281695458277e-01,1.071172944215688538e+00,1.590820006886501492e+00,1.639144888254487675e+00,1.525180145142860155e+00,8.813058818304634334e-01,7.320220445269352005e-01,6.572621875322735008e-01,8.828360540934595546e-01,7.617074296812318401e-01
8.981518034383042526e-01,1.434725912783429314e+00,1.002119586551653452e+00,1.056265936521258775e+00,1.369971969039395887e+00,1.417462544617997144e+00,1.082455513442874828e+00,5.227043243170828024e-01,5.493322989410903689e-01,9.639579600207386356e-01,1.105160597699160530e+00,1.211710769473218319e+00,5.001841027529345673e-01,1.399925414148823766e+00,5.715222167254752073e-01,6.522240824274977422e-01,8.336732205113435157e-01,1.270616554911100815e+00,7.801519185876722995e-01,1.670841593775853173e+00,5.597952467300317814e-01,1.018286398602626264e+00,5.972841552735476123e-01,5.893419812373654754e-01,6.583799187556463872e-01,1.167102134873057251e+00,1.303742326901689008e+00,1.787650707599741429e+00,1.808354105670384016e+00,6.415877867990518180e-01,9.246561660336374278e-01,6.886445149587766545e-01,6.045863260604780187e-01,6.692997895335436320e-01,1.372865558463773894e+00,1.276383533956364058e+00,6.461284733616101672e-01,1.450658763963988740e+00,1.583865323375962086e+00,8.935952969072419316e-01
6.153466624054622081e-01,9.430373840631467441e-01,6.138947090844061316e-01,9.114869572451578250e-01,9.567329849677252973e-01,6.910035180109892483e-01,7.626340267507510928e-01,8.922282345674672488e-01,1.352572792213477371e+00,8.340610808101953655e-01,6.533038591034729947e-01,9.460226124159133443e-01,6.378084776137823431e-01,7.317854786907331821e-01,1.242292051948107323e+00,1.521732155610731718e+00,7.128792563830288476e-01,7.707118325597336339e-01,6.709489166730644438e-01,1.481427493351002100e+00,1.694338815592978609e+00,1.142405560811682985e+00,9.227784888919661199e-01,7.000723579674849040e-01,9.660637877120734629e-01,6.204612152077451093e-01,6.119365756690819946e-01,6.628273151652653850e-01,8.382663029218024864e-01,8.107301175438199614e-01,1.370348593539573168e+00,1.009176605745437882e+00,1.045375312016944003e+00,6.247569900535880905e-01,5.544549951026583878e-01,4.504121626592413885e-01,1.295719785078037756e+00,5.828060923490213652e-01,1.421551990728983306e+00,6.323038449278132189e-01
7.427560294616919467e-01,4.498857811192291667e-01,4.725154715010857487e-01,1.138628706235053301e+00,7.110635519779605618e-01,5.372357049992135813e-01,9.129595364494622611e-01,8.791425441091262893e-01,6.471342301484018789e-01,8.691020183530553389e-01,8.654103571995189759e-01,8.176139318532726907e-01,1.389560761166751313e+00,1.330975377391509396e+00,1.160996499570541962e+00,1.067641183414313577e+00,1.374430097440673570e+00,5.998406919769174728e-01,7.700054368470706789e-01,1.305866972431990014e+00,6.195586119035291217e-01,1.216834537672569105e+00,1.247006823117533081e+00,1.500482835593360376e+00,1.229112016313897771e+00,8.802215784119693520e-01,9.848802891201581255e-01,6.423125967108711531e-01,1.174841690518274584e+00,1.370658977695825120e+00,1.386127423059471342e+00,1.595234841799271219e+00,4.877887688969949065e-01,4.640634125030955737e-01,5.133045337681999554e-01,9.985929861091100701e-01,4.947216721815071439e-01,4.504875888561765129e-01,7.533587247749357063e-01,1.011245213096211515e+00
6.223923426676953863e-01,1.361121081256859044e+00,9.515885256913491075e-01,6.513492675049820102e-01,1.133949466390689498e+00,1.016594730156604731e+00,7.727969132846408407e-01,1.185518700209847065e+00,8.792688801598455006e-01,8.561136343322655051e-01,8.310946530531221343e-01,1.124938685880651601e+00,1.179230806430282108e+00,1.057409848839181432e+00,4.770310105622864172e-01,4.993128724463401502e-01,4.842456050210880436e-01,1.350122094835213282e+00,1.125363384342980222e+00,1.600542258122126249e+00,1.001107227864759475e+00,1.016594907818610505e+00,7.963552182304334259e-01,6.177262135746737215e-01,4.984750609549085110e-01,8.307655816381409597e-01,7.851280721992653922e-01,6.657418365136077432e-01,7.608175849041914907e-01,7.497679025197434566e-01,4.507766789389893725e-01,4.495546143299435360e-01,4.788740977588463732e-01,1.595053425360795085e+00,6.472589074429641043e-01,8.522499466639791299e-01,4.552180913881923030e-01,6.643781944929958438e-01,1.225187843271691168e+00,6.814804058339043458e-01
5.626604606924404672e-01,9.598501810807656964e-01,6.325367577972448307e-01,7.173851667989276093e-01,9.727854715477567416e-01,7.410141042974073278e-01,1.390443567801235236e+00,8.305469014771219571e-01,6.171132953127431708e-01,5.820118960290759924e-01,9.324039540221239486e-01,9.329785065010927081e-01,1.541905384335327200e+00,1.611304965987939264e+00,4.553755500642039378e-01,6.067665091451327486e-01,4.294117997327120961e-01,6.149204394720582112e-01,7.345598167026295977e-01,7.558866193268478639e-01,8.184498605874950261e-01,1.459800427950243895e+00,5.286542287609162782e-01,4.178413259964481874e-01,4.426909583302650053e-01,1.275716735603695362e+00,7.438261935322715290e-01,7.598300030970497332e-01,8.272187067088436763e-01,9.245348307354813722e-01,7.909533150846440597e-01,6.320996154550834190e-01,8.068029732752073357e-01,1.777258632907771085e+00,6.912739604560894646e-01,8.947375471209585429e-01,5.058817722097259661e-01,9.028586083110117233e-01,1.578287665863604694e+00,7.189472151334230787e-01
9.065806657509288824e-01,1.488344484428772319e+00,6.863579284874646858e-01,9.171448223925496857e-01,8.410870255964968401e-01,8.307636013715945511e-01,7.726203960832533912e-01,1.042734652057526690e+00,7.521459997199708702e-01,9.524399346293668245e-01,7.091830202190015919e-01,7.719724116485502385e-01,1.103283974627609076e+00,1.331467291123686003e+00,1.126413912086219327e+00,1.159745808600897599e+00,1.536154595635656372e+00,8.289048223475473653e-01,7.282745459420891798e-01,1.266186232442012560e+00,1.542511242686111839e+00,1.327689458848265058e+00,1.161789436052845348e+00,1.039393574183988145e+00,5.908369909694822786e-01,9.207574531448428079e-01,5.312694323821863795e-01,8.868918598802365549e-01,9.616573001504857832e-01,1.407476018801513407e+00,1.367923661590051854e+00,6.694703313915865150e-01,9.145548342320335422e-01,1.275271364076719038e+00,6.742602407421257604e-01,1.662129524177234918e+00,6.208641776091543552e-01,8.263406496498655329e-01,7.689002706695414746e-01,1.174395168962533376e+00
1.506781532105184507e+00,1.689626825568097734e+00,1.009194528933093471e+00,1.373222367259156806e+00,1.125735925224951473e+00,1.309248533628098343e+00,1.456219235232356191e+00,1.417953983421810449e+00,9.754841681692955069e-01,6.779740891932575231e-01,8.788164653431330686e-01,6.062698206540183543e-01,8.882547318344566900e-01,7.587229173624263634e-01,1.071631814928813320e+00,7.450052344404149984e-01,7.098358100157884376e-01,1.166480921610947297e+00,1.167881669683491053e+00,8.695606123981345359e-01,1.179682711525583239e+00,1.161398696246110473e+00,7.057666556296890992e-01,1.034360883017596766e+00,6.392428446094061689e-01,1.035595943187863188e+00,8.179029001469461102e-01,7.043572860756366349e-01,5.515764096987444409e-01,8.012802005445415210e-01,1.572943205172806502e+00,8.873155100088720992e-01,1.115406415424605502e+00,5.610634061013430873e-01,1.377934000576139795e+00,1.331391230011305105e+00,6.645206146221814825e-01,8.629697392922154320e-01,5.444062296330973716e-01,4.431019988873303173e-01
4.234194050000593679e-01,1.392281536269319497e+00,1.323588443902385947e+00,1.046748269233496620e+00,7.445647593598130332e-01,1.331452735548932065e+00,8.787052513263458042e-01,1.602135909910718636e+00,1.194901655703310306e+00,1.424156440502155396e+00,9.934103321655678442e-01,7.537178515295945846e-01,1.203750499263661400e+00,1.013402587887890949e+00,6.398643817009058710e-01,6.572349771986066846e-01,9.798535335800334645e-01,7.553936256804948401e-01,1.508646721473098307e+00,1.019235546628002753e+00,1.234709027806212056e+00,8.908396793076346354e-01,1.199871135516247689e+00,1.488267335174010553e+00,9.492793353557706926e-01,7.481799944724029094e-01,1.530311077956151067e+00,6.247867900802460683e-01,6.349831719464409385e-01,7.042429185384992962e-01,1.626639456103905923e+00,1.146049290440179114e+00,4.909980313885425884e-01,5.397697996266077602e-01,9.694330976577407721e-01,6.711663353718735348e-01,7.748635037280777738e-01,1.095650025340364042e+00,1.416207730438991730e+00,4.442334227811104985e-01
7.845214734835679327e-01,1.052987972363186087e+00,7.219337102517560112e-01,1.164399882417960219e+00,1.515307086671901171e+00,1.231375783771085031e+00,8.706336807813985779e-01,7.935094305084789967e-01,6.581967149684588847e-01,5.895409170099192853e-01,7.115672165584638886e-01,1.437065845276069620e+00,1.484836995007365434e+00,1.172288177977309331e+00,7.576481731515201101e-01,6.807468307358705006e-01,6.019123888412212242e-01,7.588349457945307019e-01,1.402783996852034809e+00,4.442019761500036190e-01,4.318766555189076373e-01,8.126688086376955278e-01,7.683742637758561589e-01,1.373160544057696386e+00,1.139661714475237009e+00,1.389215324008507890e+00,8.053798992581993055e-01,4.397523810302395586e-01,1.101375875991959186e+00,1.303250509953963299e+00,1.341144615833299802e+00,1.174667418380054285e+00,3.837965712830199161e-01,8.143984366820736787e-01,1.061058012168798248e+00,7.372224350941041227e-01,1.633364983161420536e+00,1.154181226576213470e+00,1.220619209583487574e+00,1.407403297380082519e+00
1.547723754295921905e+00,9.822482442169235828e-01,6.838093039419655961e-01,1.354008444162091873e+00,6.857855330324245102e-01,1.334107391107569818e+00,7.019697680853959065e-01,1.323163742865277381e+00,5.188120230497085261e-01,1.158751613831092708e+00,9.168877353553288589e-01,1.436098784634956660e+00,8.998669430898000865e-01,1.325420249504531078e+00,6.457315010934165933e-01,7.500311983455891784e-01,4.644860669201550385e-01,1.407207332094754459e+00,1.126934645788651990e+00,9.452857172333930524e-01,4.762583003864805931e-01,6.242115793978391114e-01,7.180389072262354233e-01,1.048696321692899058e+00,6.933530421905608199e-01,6.511980414308684573e-01,1.438039844174150872e+00,1.315572109230226161e+00,1.514737067628908473e+00,1.015248882490541238e+00,1.256687968835917379e+00,6.394312261990724444e-01,5.171799707098236887e-01,1.719750743972247253e+00,7.174861112111607930e-01,9.647866135996847614e-01,1.005070605709624809e+00,1.119379680270880195e+00,7.559959499106521097e-01,1.116174707375587438e+00
7.972978728571604723e-01,7.521223822259044400e-01,7.000827207672423169e-01,1.388481605147394049e+00,6.927576931366311586e-01,9.480989860878038522e-01,8.957620777574449855e-01,5.130287213738196073e-01,6.068421056245796308e-01,8.159528720326273410e-01,1.435201104333026612e+00,4.767374275780745241e-01,7.068579872430096334e-01,6.926147672993693272e-01,1.231005780958335016e+00,6.819513459773869357e-01,8.386957768111331646e-01,1.241308069273978187e+00,1.113650936112081657e+00,1.047931243833006398e+00,1.561270560756242043e+00,6.550605809017476799e-01,1.355986584047585097e+00,9.576621863411998170e-01,4.937872713644611000e-01,9.018210121965239967e-01,5.202870616403568738e-01,1.405499755408853302e+00,7.126557198502075918e-01,1.213608429708743719e+00,9.224734889504745405e-01,7.685884401077874850e-01,1.515842929390906590e+00,9.070119677763849309e-01,1.283057309924915401e+00,6.413690396855509235e-01,8.479902124722685786e-01,7.520742452904135567e-01,1.302720893275287395e+00,9.377880454711667868e-01
1.175865215842990974e+00,9.188648168593973597e-01,6.047477376129700710e-01,1.768882328966750350e+00,1.670140628410891503e+00,1.070361726944538461e+00,7.757262888645233279e-01,1.164201924622950246e+00,1.474372500529894880e+00,4.569350355658327034e-01,4.675933569739802453e-01,4.804509010913378675e-01,6.332449930679067140e-01,5.021215864627384118e-01,1.131617623173231779e+00,8.838698864033842639e-01,1.341719672252343898e+00,1.498438107751060899e+00,1.480402369929007644e+00,8.274755629277769087e-01,1.352119909767942829e+00,6.298252516633383591e-01,4.207477930409154743e-01,1.555451585324227892e+00,9.810432483480523436e-01,7.741487487199911754e-01,5.537322052728966826e-01,1.325675036004704710e+00,1.219099727913264708e+00,9.307202812331262232e-01,1.236916617767225279e+00,1.311925261761700545e+00,5.401056513492653588e-01,1.580828287927044329e+00,7.972074648636054972e-01,5.810662631893876995e-01,1.263056483244374251e+00,5.710419045579071540e-01,6.540326148377200166e-01,1.250158064933899249e+00
1.130464528263926294e+00,1.232800710373111563e+00,7.933720325848925281e-01,1.139036630100475511e+00,8.328000198860713299e-01,1.478909890800230942e+00,6.994324147891766152e-01,1.313280861238241171e+00,1.506738753638353634e+00,5.598796248676564113e-01,1.495816371770143149e+00,1.590382177326630897e+00,1.275064532734453193e+00,3.864887506040484699e-01,9.379716674621905170e-01,1.019951958129533764e+00,8.604787694126683206e-01,1.569129161847463871e+00,1.426116951929039089e+00,1.262472434213721462e+00,1.707292127129466985e+00,9.673603405383208731e-01,6.460008953034346302e-01,1.401069463502654600e+00,8.767113823338327228e-01,6.112407573626552626e-01,6.962305907187877896e-01,8.097144297069379659e-01,1.151556687932367984e+00,1.307393788447584138e+00,8.611281707409477182e-01,6.732377004414856758e-01,1.445622233745526231e+00,8.772975720666202903e-01,1.359812852297872743e+00,1.347090071894643915e+00,7.259701608540719553e-01,7.518018827509780344e-01,1.027881783139979577e+00,5.358796825299630973e-01
1.083053797570234345e+00,7.797290961234016882e-01,6.731299884757584451e-01,1.185657011962829799e+00,1.387091714412431065e+00,1.237075055894959252e+00,6.535470427899864321e-01,8.411442604859865613e-01,8.848506535699779407e-01,8.956469236157399427e-01,8.061320858905831610e-01,1.781371649664310386e+00,9.512482372261789054e-01,7.808217317083538944e-01,8.490625938875731027e-01,1.391188753005430989e+00,1.458297101052177025e+00,9.559353414403253257e-01,1.686152647764618040e+00,8.800933921433939933e-01,6.511415961931679153e-01,7.807830971329984271e-01,1.698866616749053371e+00,9.117602318417029617e-01,1.298726682697210588e+00,1.374533378433041797e+00,9.433065033956135048e-01,6.781699704217960534e-01,9.496696707463230247e-01,7.139094893300638178e-01,6.282322090499729006e-01,5.965818322629981019e-01,9.422866691419139462e-01,8.343626025902279864e-01,1.388714595509188410e+00,1.193922277313522073e+00,1.158147603084738408e+00,1.112639509887885625e+00,1.488653789321777721e+00,5.389280156337797889e-01
8.542928376200050744e-01,5.198980809726729824e-01,1.722829744042788880e+00,1.455266699187522272e+00,9.654818921311734137e-01,1.544674408871467453e+00,1.229353695921428624e+00,7.351418317153488591e-01,6.363771536676812168e-01,9.106151003684730405e-01,5.994165950528304032e-01,1.890317398241552871e+00,1.658988731279229745e+00,9.780798036226439063e-01,7.272093796702440160e-01,6.436340879927556768e-01,6.243002334574794254e-01,1.108077824574984271e+00,1.222776385208260264e+00,5.680910566602831446e-01,7.883462643605886333e-01,1.499284187477734953e+00,1.398075445365829728e+00,1.325690524090667122e+00,1.358573157213323279e+00,5.346182397854333246e-01,7.140458049874098823e-01,6.691614014838964675e-01,1.410016580479662496e+00,1.519765498317249497e+00,7.130161779620378670e-01,7.055079212650857690e-01,8.629277153282316482e-01,1.301192129493432770e+00,9.890972585472666001e-01,1.670153166816164880e+00,1.141614111344239513e+00,7.050180911678448625e-01,1.554037954600671290e+00,9.567823592446174086e-01
1.255299813492036343e+00,1.660744345615901452e+00,8.002544525249298824e-01,5.590512793716786444e-01,4.502097548227073642e-01,1.391374074419620577e+00,7.845537114681638835e-01,1.542589890086512705e+00,1.054486695977212118e+00,5.866875499825044971e-01,5.784517335053213083e-01,1.526152474619413058e+00,1.242241326938857471e+00,9.481301881712873580e-01,8.090438529211063656e-01,9.445060734386699908e-01,6.426334743140088568e-01,6.858969968259603922e-01,1.528410462574940842e+00,7.607800488614723244e-01,1.067391544202667575e+00,8.059244652624821814e-01,7.666917342141030822e-01,1.520972907198125279e+00,9.750338755159133619e-01,1.639621446406637428e+00,1.570302803860758489e+00,9.283512293087073930e-01,5.449523427390335906e-01,6.604356709920093937e-01,6.707692701148465497e-01,1.540564736727322304e+00,5.278216084439379951e-01,5.726036842869138832e-01,1.089298932828380195e+00,6.239342493863631045e-01,6.625275857869130647e-01,6.285061331454816491e-01,1.567047970447046357e+00,8.437325070563058693e-01
7.175920403703340833e-01,8.598639641181045068e-01,6.965083080311861297e-01,1.538712694259682268e+00,5.689445284868356323e-01,1.705429226811024268e+00,1.362375905859366965e+00,1.027286907077270106e+00,8.200076690548561142e-01,6.364893205896555717e-01,4.544525443831732847e-01,8.860457579367381209e-01,1.229144074828958599e+00,8.612646775733376892e-01,6.309293080250610863e-01,5.318794884246283994e-01,1.159024534702121079e+00,6.572440834624558859e-01,1.071623752612890224e+00,7.987126741707062383e-01,7.431182542331206120e-01,1.502984568682894873e+00,6.015364717977143005e-01,4.918964504118553682e-01,1.261289593559446365e+00,7.578338474213343057e-01,7.775130909206949825e-01,8.902483836159998942e-01,6.582531127061834741e-01,1.122774077439162355e+00,5.596184264074878234e-01,1.273824939821770696e+00,4.886598918702881877e-01,7.421566925129010617e-01,6.580087251844563001e-01,7.946369875457627296e-01,1.111691287085791124e+00,1.021974036401175123e+00,8.864818458736589690e-01,1.119310031394646687e+00
8.348143424578006178e-01,7.717049718999187125e-01,1.564276284729990918e+00,9.654500333115969557e-01,1.172306298790389611e+00,1.042355774778341848e+00,1.217867391498187901e+00,1.047236143300070532e+00,7.179062007358361086e-01,1.503143287083409607e+00,5.346651353943735474e-01,1.127764735041983490e+00,1.116962138883714095e+00,8.988582663347860491e-01,4.701624299589284850e-01,1.088701268294768543e+00,8.376472325251673734e-01,1.212757945901486112e+00,1.662333226403131636e+00,9.720176303830228015e-01,1.570086743452326239e+00,6.800705760380018061e-01,5.237872031131913797e-01,6.169874913788512272e-01,8.087460809580889753e-01,9.484696206914016159e-01,6.110801567103630871e-01,7.083276665796828242e-01,4.138996955757989205e-01,5.491138825694550363e-01,5.729144556349012873e-01,7.401925485665236115e-01,5.731629354854871350e-01,1.050378805435855822e+00,6.715038442347688319e-01,1.244953373389943385e+00,6.937241643334799424e-01,1.107139904344583314e+00,1.033982513362581512e+00,1.112266199397224264e+00
1.526856073851240669e+00,1.302746770456677528e+00,4.585328073294364648e-01,6.150572510077509936e-01,7.737770509080383885e-01,7.748511246446339040e-01,1.239369238823710972e+00,5.096023660767379226e-01,1.508051985474513579e+00,1.966522249251615895e+00,6.525580903739547356e-01,4.617630435589930027e-01,7.847292694289874637e-01,7.439755908423124620e-01,9.526781784418292265e-01,1.165318301443930782e+00,6.028127274467649510e-01,6.926956643077475384e-01,7.982634605318077448e-01,1.822040810914768105e+00,9.071919739516466352e-01,6.067793294115254588e-01,1.436995569485560287e+00,7.492882476814962667e-01,1.576188506917535204e+00,1.185288007519395004e+00,8.519604129027524841e-01,8.194190520785865628e-01,4.429000944167270082e-01,8.958889652391296421e-01,7.947308112399256164e-01,1.267678581439606100e+00,5.909760224460959277e-01,9.033010043161820990e-01,5.733853130273005583e-01,8.887848608931201433e-01,1.313560904511228866e+00,6.848821699202762847e-01,9.735341530901350238e-01,7.477408640022741304e-01
1.525880206649529613e+00,8.722358014060829223e-01,1.041100126677522164e+00,7.387611154457770501e-01,1.493962230378261369e+00,6.066976086405917457e-01,6.735619071328540208e-01,5.830319697517674093e-01,6.596427935521711472e-01,1.532169666118387230e+00,6.799295715089440639e-01,6.271076917312411458e-01,5.768455303495987341e-01,5.717175148583172328e-01,1.181933102737198205e+00,1.035353706968945131e+00,1.259434322016742991e+00,1.403502335989666339e+00,1.251948896551096979e+00,1.502742526574376347e+00,7.707978152646917103e-01,1.018248847019368020e+00,7.838681203853046231e-01,1.026093061722068267e+00,1.092353787246534980e+00,1.027173588655150516e+00,1.068414782254236028e+00,1.339494823884952668e+00,4.436613081153463756e-01,1.592766444127744929e+00,1.347637684107193978e+00,1.119621613049674780e+00,7.603773806727134321e-01,1.190756740728750929e+00,6.931908880354983316e-01,9.351367640213273935e-01,7.423246198194627388e-01,5.579347731342967354e-01,1.025844765455784069e+00,9.421564369734646283e-01
1.176167397199244791e+00,1.262183628395848523e+00,1.868263921334247790e+00,1.421909829557167493e+00,9.342685501308441998e-01,6.393914816815113866e-01,7.866587834741310958e-01,5.891575580418064728e-01,7.904548567511925361e-01,1.759114799159202880e+00,1.146316778093674271e+00,1.342671153206431489e+00,9.795767394665664263e-01,7.509171231617626230e-01,1.130213881546973331e+00,1.668704059599323664e+00,8.255315485485819060e-01,1.060076627205734701e+00,7.879607002177819730e-01,8.289011495518940897e-01,7.399790161671939703e-01,1.152807581915742841e+00,6.330559013375756106e-01,8.196567593793389062e-01,5.007086238696496494e-01,1.497881326522537693e+00,8.413114534401019418e-01,1.204315414694328901e+00,4.499490542816114158e-01,1.823494313047406612e+00,1.009620018539602704e+00,1.153116038580782154e+00,1.116248843361437926e+00,6.091682254063915947e-01,6.006225608945302552e-01,1.009500318687043263e+00,6.831996219463550846e-01,8.025752966797538024e-01,5.520390473268529385e-01,7.108923790410155430e-01
1.205614192102235638e+00,6.226829785982462839e-01,1.743944976798834423e+00,1.015199899214624502e+00,6.716586660393901731e-01,6.406518282085358340e-01,9.560964592420438946e-01,7.640100880600565469e-01,1.179077595256467381e+00,1.128278233468440472e+00,1.323124257078097665e+00,7.164839429880714983e-01,1.378461919662186119e+00,7.686007341028819884e-01,8.124965789438932662e-01,1.295127810096671883e+00,1.514291221910895935e+00,1.113381854074620092e+00,6.214832906481895236e-01,6.250646424562898984e-01,7.588597929746948578e-01,6.653300383275969621e-01,7.023271062126901221e-01,1.327661085701794086e+00,9.873178731706925282e-01,1.125004474396575249e+00,1.622824304066845746e+00,1.466145912294612108e+00,5.799746683455071494e-01,9.167716768753517709e-01,1.224900082348428176e+00,7.253159112450406898e-01,5.394370097159517652e-01,8.540071510819557954e-01,6.670116383544053562e-01,1.184954638180982567e+00,8.714263289762468334e-01,1.480944591471077931e+00,8.312450816249029595e-01,8.024151195972594186e-01
1.490051685849320240e+00,8.620369081336509698e-01,1.596857321729613588e+00,1.624872013535332060e+00,1.409974597280176711e+00,5.600425963113768724e-01,6.538565911149235577e-01,1.017305649787150879e+00,1.337690384206609018e+00,6.040018511259115375e-01,6.323397765632334799e-01,1.101187656949132565e+00,8.293043479058338496e-01,6.630798019491651596e-01,1.054084632276188760e+00,1.198676812808492809e+00,7.322580045257386372e-01,1.669453626559943782e+00,1.710741308597890198e+00,1.361183785793772305e+00,7.776915945132819585e-01,9.862629951956326524e-01,7.972620723843313328e-01,6.166931182309631776e-01,7.747413827797196006e-01,6.509889476867618541e-01,1.691525472461009816e+00,1.679901284156138708e+00,5.695136416249211297e-01,1.221048705933493350e+00,5.212012820238849375e-01,5.721276299384079334e-01,4.864464945700493481e-01,1.362195436794266135e+00,6.561111094095013474e-01,1.353110750639885618e+00,6.898623582611006499e-01,1.301086932054205780e+00,1.668931440797090771e+00,7.088697867683184661e-01
1.491478814310766676e+00,1.424330746286100791e+00,1.278979470424745468e+00,9.100350072024669945e-01,5.927508560749238375e-01,1.189216334579979106e+00,6.116310997063912902e-01,7.843117848449470131e-01,4.964900776403549654e-01,8.826113662637612434e-01,1.117637101392058074e+00,8.073921263508702095e-01,1.047227599377973828e+00,1.039075556201893180e+00,1.794087251834454833e+00,8.171895900947558911e-01,1.124543571590164381e+00,7.991923559058654591e-01,1.275662778861827773e+00,1.252174231260675841e+00,6.133485784261022422e-01,9.134746361723077301e-01,1.158084644862983126e+00,5.903939181211304010e-01,1.598898323229856588e+00,1.227173906325981001e+00,1.093014623019526121e+00,1.647356534798998684e+00,6.784507909666651626e-01,8.138411821419525571e-01,5.355693454892713756e-01,1.240718518116605384e+00,4.588840915613899840e-01,8.118051719509045139e-01,1.044179510041341574e+00,8.283802636723190949e-01,7.422591118399743948e-01,1.557754825339940252e+00,1.352908280495038307e+00,7.355177591724221253e-01
1.088694031961816355e+00,7.621638777814659926e-01,6.042193394575259280e-01,6.627208285725104675e-01,1.207926616426714395e+00,9.098876277007834634e-01,1.023341746737246538e+00,9.308204422332495565e-01,1.060831171913434678e+00,9.539824214839618399e-01,4.704189471122867117e-01,1.037553978914855346e+00,1.601692753427319538e+00,1.455229416599727044e+00,1.771737583107527714e+00,1.503200562523128614e+00,1.343599178864303134e+00,1.322723435442398010e+00,8.610639864612772421e-01,1.439464022597750636e+00,7.478753834445124316e-01,4.826006633806221857e-01,6.679291787062044961e-01,5.842887796802269662e-01,1.600090050286958165e+00,1.176847683700463332e+00,7.483381387487607617e-01,1.201676884880592988e+00,8.133292665532779742e-01,1.066458468687977224e+00,4.987201737077310848e-01,7.249766749086690165e-01,1.033585283436385449e+00,9.453569282338953883e-01,1.123933818232619730e+00,5.507633301628802602e-01,6.878231884848705624e-01,1.484434277326762253e+00,7.446312125243390589e-01,1.243104213298876104e+00
9.224486084913453565e-01,1.299219779980343992e+00,1.159393321277629951e+00,6.221849581423278819e-01,1.469648648937141422e+00,9.191231046745947930e-01,5.928621891463796700e-01,8.158916810626425375e-01,1.353166276434506043e+00,6.955162896175787202e-01,6.878004956993742924e-01,6.832785953549194158e-01,5.574257884963781384e-01,8.549403334836354063e-01,4.613138298524026570e-01,1.090145079870851852e+00,1.367118397738399604e+00,1.486520179347421200e+00,8.506286158993879853e-01,1.305495032053420879e+00,5.394777167270876639e-01,4.966184556395646377e-01,1.381385632376585626e+00,1.217814255981797267e+00,1.590039621541754267e+00,9.476328901201777066e-01,8.075456845438737652e-01,1.164578308894554715e+00,7.691356753503763022e-01,1.295580648863419615e+00,4.382331824335953252e-01,1.527733214027504394e+00,1.236095231169253683e+00,7.193473108738596133e-01,9.306212422673940665e-01,1.441715814243127225e+00,9.071126924907837452e-01,1.177264352218568844e+00,7.872005470305628583e-01,8.634686821618741126e-01
6.718763653077782783e-01,9.914823346593171216e-01,1.070344343597999570e+00,7.713848860530038154e-01,1.176586884226210161e+00,1.551345462217902371e+00,1.211850100308160316e+00,1.616215961285738967e+00,8.294108758386175007e-01,1.215922015695896974e+00,1.043977866623146955e+00,9.461679358884149682e-01,5.492482547786486924e-01,6.631328077829863332e-01,5.578569861116972062e-01,4.646460280410333876e-01,6.411013297481846784e-01,7.414312864221018762e-01,6.327550936312829055e-01,6.167181382777523480e-01,5.632858007252167232e-01,7.874289679242483242e-01,9.506618487167309839e-01,7.306446607868168908e-01,6.627945456273429681e-01,1.470073511485025852e+00,4.413942677285634941e-01,9.302594304401657910e-01,5.613864200959840511e-01,7.615035001516519131e-01,4.864444251872811487e-01,5.377851946379708092e-01,1.319592352952929426e+00,7.119310000781294834e-01,4.733522472226734390e-01,5.006956853026596210e-01,5.793773013322948140e-01,4.608878820615006644e-01,1.375164201212145665e+00,1.009140990883915068e+00
1.582035185649398601e+00,1.028034667880965758e+00,6.741758486268103479e-01,1.684180993948879435e+00,1.713316678185280884e+00,1.736814879780361309e+00,1.046680010323096210e+00,7.860679560620358330e-01,1.115318920806892100e+00,1.154704103849553354e+00,8.255940934745815696e-01,1.335533901132836210e+00,7.904533830970913444e-01,1.250094081748666097e+00,9.035916928015916838e-01,1.304211999731084370e+00,1.174452642343886355e+00,9.299319433685189207e-01,1.232426869389114055e+00,4.933356694317452829e-01,7.529463974771850587e-01,1.225307645914804677e+00,5.850651554916128649e-01,6.587792469293388686e-01,9.721169287571665985e-01,7.505031677850878546e-01,4.461029614282729927e-01,1.461434137791814969e+00,6.579409541554879226e-01,5.872927625322834633e-01,8.528777137076934967e-01,1.056839089319352221e+00,7.843598548767498624e-01,5.813758473499710533e-01,4.707394661621189247e-01,1.154649268706705367e+00,1.233464620027535874e+00,7.211977652111536408e-01,1.215143400680399166e+00,6.608628012563307896e-01
1.606581633824942346e+00,1.239291676446269141e+00,1.343666351444082085e+00,6.120411903164182377e-01,6.740873854229202378e-01,6.185689350510306106e-01,6.616532470597886739e-01,1.234546646415725091e+00,7.277425083634126990e-01,6.688482156544353074e-01,6.733144703227061934e-01,1.249905467246503310e+00,9.942105074457601166e-01,8.055428803691175865e-01,6.869133730729880538e-01,8.876855808428630867e-01,1.347012845424195637e+00,1.624650632366711811e+00,7.380163873717960898e-01,5.711458743237798341e-01,9.841097121527839775e-01,7.575440391711065757e-01,6.737281067192485429e-01,1.360880949283862495e+00,7.493444007156294662e-01,6.507377678746228966e-01,6.859147479723742835e-01,7.226044063885490587e-01,8.143641201459336232e-01,1.276643894899295084e+00,9.755930718639685972e-01,1.391436781482761065e+00,1.699763970799510027e+00,6.353214729565683783e-01,7.027453117382810310e-01,1.362686093037349444e+00,1.272283916169021811e+00,1.536865186018713469e+00,9.791646691432792649e-01,7.933165960008592421e-01
1.068099184163040061e+00,1.205369496986659072e+00,1.707871750726125848e+00,8.297400899697180421e-01,8.094719178307030472e-01,6.949675691319910920e-01,1.422915387416122446e+00,9.194987486116070752e-01,6.085086383285305267e-01,1.485714463442598943e+00,1.512050396137751385e+00,7.562836015623779495e-01,4.946497268783854873e-01,5.648210745872713767e-01,1.497697228173300976e+00,1.241461569095932749e+00,1.568500095534519412e+00,2.000012286467900413e+00,1.168945760732346795e+00,9.528759767752219556e-01,1.154687866979617450e+00,1.173783314361074748e+00,1.649750349849630648e+00,8.041370400233069926e-01,1.450787060311404364e+00,7.735006551965694088e-01,6.999169889554797130e-01,1.003248713924091984e+00,7.603967333332988243e-01,6.877367742154207875e-01,1.400346074800032925e+00,1.339954997241754153e+00,1.768189231773585446e+00,9.797568341115139301e-01,1.438098934990768685e+00,1.280691787412945981e+00,5.911406043493607765e-01,6.708558302591507427e-01,7.272737477998867384e-01,7.194962654296830351e-01
1.387169187184378982e+00,1.365410999322547170e+00,1.636871518711197959e+00,7.925861618378245987e-01,8.449375301773391911e-01,1.346984412569792955e+00,9.453916147977460271e-01,1.068855659494109656e+00,8.774312828288376442e-01,1.322950150456171370e+00,1.899379361656344356e+00,7.498140938104661535e-01,6.252317942571590237e-01,6.111865860739158496e-01,8.597865212423622117e-01,6.263694847786153153e-01,7.114708046028606070e-01,1.681259614532045088e+00,1.046944600131170189e+00,7.838462821764108357e-01,7.028605914535556165e-01,1.424911015217696919e+00,6.521423769759943090e-01,5.392525520619951829e-01,1.162941406830778401e+00,5.818349596790481915e-01,6.449448194768702125e-01,1.026328807864504977e+00,5.882004579906547903e-01,4.712999438163981147e-01,9.388971125109756288e-01,1.021453499518731434e+00,4.737487039537906508e-01,1.269188337358018170e+00,9.831365582221438526e-01,7.872407272173425063e-01,7.682332245055758513e-01,5.810688424246038819e-01,5.986607574747803140e-01,5.474319168230135091e-01
5.981106866056082882e-01,7.496416740625702069e-01,1.648145687433356876e+00,1.377618427738163343e+00,1.120174455242922251e+00,1.282376501911550060e+00,1.095204369910810938e+00,7.304265596857257847e-01,1.519909034041137641e+00,9.720723145012020172e-01,1.166916694729831283e+00,1.192094606724726225e+00,9.373943697028085387e-01,1.359134112224703594e+00,8.015914157396230033e-01,1.537075647950130408e+00,1.364249240520569950e+00,7.067931437763553815e-01,5.670250736001520853e-01,4.898197048926519193e-01,8.546234710919710098e-01,8.971488903865425524e-01,1.100834851826893779e+00,1.232332805187784208e+00,6.971682405043365671e-01,1.607788211438639259e+00,5.760051514932355010e-01,6.142343118028843474e-01,8.447700468812429087e-01,9.052397920441657142e-01,6.396497883139092844e-01,6.640327809374823032e-01,5.725083342537530262e-01,4.980571346047528158e-01,6.175668744354843032e-01,1.414878439953456635e+00,1.236885965191011350e+00,1.050802540995595225e+00,1.051240555070260596e+00,5.778150116297664507e-01
